normalization_mode mode3
title l64c64a076_m140_fit_pz8
gm T5
eta eta0
pz 8
bT 0
component real
nstates 2
normalization_sample_domain complex
input_fit_table /Users/xiang/Desktop/codes/lat-hadron-analysis-DA/examples/l64c64a076_m140/analysis/2-bm/results_fit_nst2/l64c64a076_m140_fit_pz8/tables/l64c64a076_m140_fit_pz8_T5_eta0_bT0_real_2state_fit.txt
input_sample_table /Users/xiang/Desktop/codes/lat-hadron-analysis-DA/examples/l64c64a076_m140/analysis/2-bm/results_fit_nst2/l64c64a076_m140_fit_pz8/samples/l64c64a076_m140_fit_pz8_T5_eta0_bT0_real_2state_samples.txt
reference_same_pz_bT0_bz0 l64c64a076_m140_fit_pz8 T5 eta0 pz=8 bT=0 bz=0
reference_pz0_same_bT_bz0 l64c64a076_m140_fit_pz0 T5 eta0 pz=0 bT=0 bz=0
reference_pz0_bT0_bz0 l64c64a076_m140_fit_pz0 T5 eta0 pz=0 bT=0 bz=0
bz	sample_id	success	m0
0	0	1	1.0000000000e+00
0	1	1	1.0000000000e+00
0	2	1	1.0000000000e+00
0	3	1	1.0000000000e+00
0	4	1	1.0000000000e+00
0	5	1	1.0000000000e+00
0	6	1	1.0000000000e+00
0	7	1	1.0000000000e+00
0	8	1	1.0000000000e+00
0	9	1	1.0000000000e+00
0	10	1	1.0000000000e+00
0	11	1	1.0000000000e+00
0	12	1	1.0000000000e+00
0	13	1	1.0000000000e+00
0	14	1	1.0000000000e+00
0	15	1	1.0000000000e+00
0	16	1	1.0000000000e+00
0	17	1	1.0000000000e+00
0	18	1	1.0000000000e+00
0	19	1	1.0000000000e+00
0	20	1	1.0000000000e+00
0	21	1	1.0000000000e+00
0	22	1	1.0000000000e+00
0	23	1	1.0000000000e+00
0	24	1	1.0000000000e+00
0	25	1	1.0000000000e+00
0	26	1	1.0000000000e+00
0	27	1	1.0000000000e+00
0	28	1	1.0000000000e+00
0	29	1	1.0000000000e+00
0	30	1	1.0000000000e+00
0	31	1	1.0000000000e+00
0	32	1	1.0000000000e+00
0	33	1	1.0000000000e+00
0	34	1	1.0000000000e+00
0	35	1	1.0000000000e+00
0	36	1	1.0000000000e+00
0	37	1	1.0000000000e+00
0	38	1	1.0000000000e+00
0	39	1	1.0000000000e+00
0	40	1	1.0000000000e+00
0	41	1	1.0000000000e+00
0	42	1	1.0000000000e+00
0	43	1	1.0000000000e+00
0	44	1	1.0000000000e+00
0	45	1	1.0000000000e+00
0	46	1	1.0000000000e+00
0	47	1	1.0000000000e+00
0	48	1	1.0000000000e+00
0	49	1	1.0000000000e+00
0	50	1	1.0000000000e+00
0	51	1	1.0000000000e+00
0	52	1	1.0000000000e+00
0	53	1	1.0000000000e+00
0	54	1	1.0000000000e+00
0	55	1	1.0000000000e+00
0	56	1	1.0000000000e+00
0	57	1	1.0000000000e+00
0	58	1	1.0000000000e+00
0	59	1	1.0000000000e+00
0	60	1	1.0000000000e+00
0	61	1	1.0000000000e+00
0	62	1	1.0000000000e+00
0	63	1	1.0000000000e+00
0	64	1	1.0000000000e+00
0	65	1	1.0000000000e+00
0	66	1	1.0000000000e+00
0	67	1	1.0000000000e+00
0	68	1	1.0000000000e+00
0	69	1	1.0000000000e+00
0	70	1	1.0000000000e+00
0	71	1	1.0000000000e+00
0	72	1	1.0000000000e+00
0	73	1	1.0000000000e+00
0	74	1	1.0000000000e+00
0	75	1	1.0000000000e+00
0	76	1	1.0000000000e+00
0	77	1	1.0000000000e+00
0	78	1	1.0000000000e+00
0	79	1	1.0000000000e+00
0	80	1	1.0000000000e+00
0	81	1	1.0000000000e+00
0	82	1	1.0000000000e+00
0	83	1	1.0000000000e+00
0	84	1	1.0000000000e+00
0	85	1	1.0000000000e+00
0	86	1	1.0000000000e+00
0	87	1	1.0000000000e+00
0	88	1	1.0000000000e+00
0	89	1	1.0000000000e+00
0	90	1	1.0000000000e+00
0	91	1	1.0000000000e+00
0	92	1	1.0000000000e+00
0	93	1	1.0000000000e+00
0	94	1	1.0000000000e+00
0	95	1	1.0000000000e+00
0	96	1	1.0000000000e+00
0	97	1	1.0000000000e+00
0	98	1	1.0000000000e+00
0	99	1	1.0000000000e+00
0	100	1	1.0000000000e+00
0	101	1	1.0000000000e+00
0	102	1	1.0000000000e+00
0	103	1	1.0000000000e+00
0	104	1	1.0000000000e+00
0	105	1	1.0000000000e+00
0	106	1	1.0000000000e+00
0	107	1	1.0000000000e+00
0	108	1	1.0000000000e+00
0	109	1	1.0000000000e+00
0	110	1	1.0000000000e+00
0	111	1	1.0000000000e+00
0	112	1	1.0000000000e+00
0	113	1	1.0000000000e+00
0	114	1	1.0000000000e+00
0	115	1	1.0000000000e+00
0	116	1	1.0000000000e+00
0	117	1	1.0000000000e+00
0	118	1	1.0000000000e+00
0	119	1	1.0000000000e+00
0	120	1	1.0000000000e+00
0	121	1	1.0000000000e+00
0	122	1	1.0000000000e+00
0	123	1	1.0000000000e+00
0	124	1	1.0000000000e+00
0	125	1	1.0000000000e+00
0	126	1	1.0000000000e+00
0	127	1	1.0000000000e+00
0	128	1	1.0000000000e+00
0	129	1	1.0000000000e+00
0	130	1	1.0000000000e+00
0	131	1	1.0000000000e+00
0	132	1	1.0000000000e+00
0	133	1	1.0000000000e+00
0	134	1	1.0000000000e+00
0	135	1	1.0000000000e+00
0	136	1	1.0000000000e+00
0	137	1	1.0000000000e+00
0	138	1	1.0000000000e+00
0	139	1	1.0000000000e+00
0	140	1	1.0000000000e+00
0	141	1	1.0000000000e+00
0	142	1	1.0000000000e+00
0	143	1	1.0000000000e+00
0	144	1	1.0000000000e+00
0	145	1	1.0000000000e+00
0	146	1	1.0000000000e+00
0	147	1	1.0000000000e+00
0	148	1	1.0000000000e+00
0	149	1	1.0000000000e+00
0	150	1	1.0000000000e+00
0	151	1	1.0000000000e+00
0	152	1	1.0000000000e+00
0	153	1	1.0000000000e+00
0	154	1	1.0000000000e+00
0	155	1	1.0000000000e+00
0	156	1	1.0000000000e+00
0	157	1	1.0000000000e+00
0	158	1	1.0000000000e+00
0	159	1	1.0000000000e+00
0	160	1	1.0000000000e+00
0	161	1	1.0000000000e+00
0	162	1	1.0000000000e+00
0	163	1	1.0000000000e+00
0	164	1	1.0000000000e+00
0	165	1	1.0000000000e+00
0	166	1	1.0000000000e+00
0	167	1	1.0000000000e+00
0	168	1	1.0000000000e+00
0	169	1	1.0000000000e+00
0	170	1	1.0000000000e+00
0	171	1	1.0000000000e+00
0	172	1	1.0000000000e+00
0	173	1	1.0000000000e+00
0	174	1	1.0000000000e+00
0	175	1	1.0000000000e+00
0	176	1	1.0000000000e+00
0	177	1	1.0000000000e+00
0	178	1	1.0000000000e+00
0	179	1	1.0000000000e+00
0	180	1	1.0000000000e+00
0	181	1	1.0000000000e+00
0	182	1	1.0000000000e+00
0	183	1	1.0000000000e+00
0	184	1	1.0000000000e+00
0	185	1	1.0000000000e+00
0	186	1	1.0000000000e+00
0	187	1	1.0000000000e+00
0	188	1	1.0000000000e+00
0	189	1	1.0000000000e+00
0	190	1	1.0000000000e+00
0	191	1	1.0000000000e+00
0	192	1	1.0000000000e+00
0	193	1	1.0000000000e+00
0	194	1	1.0000000000e+00
0	195	1	1.0000000000e+00
0	196	1	1.0000000000e+00
0	197	1	1.0000000000e+00
0	198	1	1.0000000000e+00
0	199	1	1.0000000000e+00
1	0	1	9.1678877987e-01
1	1	1	9.1717809321e-01
1	2	1	9.1737769570e-01
1	3	1	9.1764697573e-01
1	4	1	9.1734994363e-01
1	5	1	9.1826087780e-01
1	6	1	9.1672966513e-01
1	7	1	9.1713703122e-01
1	8	1	9.1788612727e-01
1	9	1	9.1728686506e-01
1	10	1	9.1673248041e-01
1	11	1	9.1788711713e-01
1	12	1	9.1712775446e-01
1	13	1	9.1727778510e-01
1	14	1	9.1724288082e-01
1	15	1	9.1749107295e-01
1	16	1	9.1652607793e-01
1	17	1	9.1713925948e-01
1	18	1	9.1702314563e-01
1	19	1	9.1664858089e-01
1	20	1	9.1696950731e-01
1	21	1	9.1733295952e-01
1	22	1	9.1719130226e-01
1	23	1	9.1668363562e-01
1	24	1	9.1624561192e-01
1	25	1	9.1730709071e-01
1	26	1	9.1681571888e-01
1	27	1	9.1760276362e-01
1	28	1	9.1689178524e-01
1	29	1	9.1729300997e-01
1	30	1	9.1751214166e-01
1	31	1	9.1776705299e-01
1	32	1	9.1805300424e-01
1	33	1	9.1678503862e-01
1	34	1	9.1757343564e-01
1	35	1	9.1800083451e-01
1	36	1	9.1729661550e-01
1	37	1	9.1918702822e-01
1	38	1	9.1775342099e-01
1	39	1	9.1778620624e-01
1	40	1	9.1776914871e-01
1	41	1	9.1769432951e-01
1	42	1	9.1678177800e-01
1	43	1	9.1730889211e-01
1	44	1	9.1781070725e-01
1	45	1	9.1725701970e-01
1	46	1	9.1744713717e-01
1	47	1	9.1667426633e-01
1	48	1	9.1761167454e-01
1	49	1	9.1768238490e-01
1	50	1	9.1697924481e-01
1	51	1	9.1750728126e-01
1	52	1	9.1698164317e-01
1	53	1	9.1729402177e-01
1	54	1	9.1798649990e-01
1	55	1	9.1717212858e-01
1	56	1	9.1775594602e-01
1	57	1	9.1692173987e-01
1	58	1	9.1768346502e-01
1	59	1	9.1760887914e-01
1	60	1	9.1769141505e-01
1	61	1	9.1764828540e-01
1	62	1	9.1706994363e-01
1	63	1	9.1715230228e-01
1	64	1	9.1781668714e-01
1	65	1	9.1752585660e-01
1	66	1	9.1724407923e-01
1	67	1	9.1688802039e-01
1	68	1	9.1623052149e-01
1	69	1	9.1716689346e-01
1	70	1	9.1728847701e-01
1	71	1	9.1753908981e-01
1	72	1	9.1695652115e-01
1	73	1	9.1648283899e-01
1	74	1	9.1741842723e-01
1	75	1	9.1664440822e-01
1	76	1	9.1706515971e-01
1	77	1	9.1735253099e-01
1	78	1	9.1724746182e-01
1	79	1	9.1707819151e-01
1	80	1	9.1746836817e-01
1	81	1	9.1706576867e-01
1	82	1	9.1699656534e-01
1	83	1	9.1695154694e-01
1	84	1	9.1785502556e-01
1	85	1	9.1683297813e-01
1	86	1	9.1751934572e-01
1	87	1	9.1708372077e-01
1	88	1	9.1727513180e-01
1	89	1	9.1751659362e-01
1	90	1	9.1881654654e-01
1	91	1	9.1647662649e-01
1	92	1	9.1685703896e-01
1	93	1	9.1668784812e-01
1	94	1	9.1743005801e-01
1	95	1	9.1738654972e-01
1	96	1	9.1804572611e-01
1	97	1	9.1714674230e-01
1	98	1	9.1713795328e-01
1	99	1	9.1783387170e-01
1	100	1	9.1666569870e-01
1	101	1	9.1687432176e-01
1	102	1	9.1708904824e-01
1	103	1	9.1766338481e-01
1	104	1	9.1788131161e-01
1	105	1	9.1776782829e-01
1	106	1	9.1734274643e-01
1	107	1	9.1668114405e-01
1	108	1	9.1777831385e-01
1	109	1	9.1731224519e-01
1	110	1	9.1734859663e-01
1	111	1	9.1773493047e-01
1	112	1	9.1821651817e-01
1	113	1	9.1690874219e-01
1	114	1	9.1721945912e-01
1	115	1	9.1738708616e-01
1	116	1	9.1765951567e-01
1	117	1	9.1714877446e-01
1	118	1	9.1743832993e-01
1	119	1	9.1697992909e-01
1	120	1	9.1711083777e-01
1	121	1	9.1626122317e-01
1	122	1	9.1685180863e-01
1	123	1	9.1750626910e-01
1	124	1	9.1764590885e-01
1	125	1	9.1713345528e-01
1	126	1	9.1689859459e-01
1	127	1	9.1695661900e-01
1	128	1	9.1678685065e-01
1	129	1	9.1788172264e-01
1	130	1	9.1681982233e-01
1	131	1	9.1729883997e-01
1	132	1	9.1729246076e-01
1	133	1	9.1748698999e-01
1	134	1	9.1752286993e-01
1	135	1	9.1664913377e-01
1	136	1	9.1744072657e-01
1	137	1	9.1709277197e-01
1	138	1	9.1725680998e-01
1	139	1	9.1690940900e-01
1	140	1	9.1788946187e-01
1	141	1	9.1712774677e-01
1	142	1	9.1736881689e-01
1	143	1	9.1655722753e-01
1	144	1	9.1728979217e-01
1	145	1	9.1786007238e-01
1	146	1	9.1842246553e-01
1	147	1	9.1814754473e-01
1	148	1	9.1698279493e-01
1	149	1	9.1703986827e-01
1	150	1	9.1725451204e-01
1	151	1	9.1702825954e-01
1	152	1	9.1700729850e-01
1	153	1	9.1757374278e-01
1	154	1	9.1719195782e-01
1	155	1	9.1653469910e-01
1	156	1	9.1709370715e-01
1	157	1	9.1701917228e-01
1	158	1	9.1714635669e-01
1	159	1	9.1684551508e-01
1	160	1	9.1747907650e-01
1	161	1	9.1739506038e-01
1	162	1	9.1734688365e-01
1	163	1	9.1768246155e-01
1	164	1	9.1784186131e-01
1	165	1	9.1717815360e-01
1	166	1	9.1742232924e-01
1	167	1	9.1776424943e-01
1	168	1	9.1721402568e-01
1	169	1	9.1663819323e-01
1	170	1	9.1684586239e-01
1	171	1	9.1685776160e-01
1	172	1	9.1669490615e-01
1	173	1	9.1714695492e-01
1	174	1	9.1683063002e-01
1	175	1	9.1874198611e-01
1	176	1	9.1698336257e-01
1	177	1	9.1725521941e-01
1	178	1	9.1748149527e-01
1	179	1	9.1729087454e-01
1	180	1	9.1695373065e-01
1	181	1	9.1728001408e-01
1	182	1	9.1741923763e-01
1	183	1	9.1661904974e-01
1	184	1	9.1752443388e-01
1	185	1	9.1745942444e-01
1	186	1	9.1725272598e-01
1	187	1	9.1777869519e-01
1	188	1	9.1776156688e-01
1	189	1	9.1704374124e-01
1	190	1	9.1707240845e-01
1	191	1	9.1687455825e-01
1	192	1	9.1771284991e-01
1	193	1	9.1686127337e-01
1	194	1	9.1685805159e-01
1	195	1	9.1826167485e-01
1	196	1	9.1750003648e-01
1	197	1	9.1725738153e-01
1	198	1	9.1675030830e-01
1	199	1	9.1745830409e-01
2	0	1	7.5464986392e-01
2	1	1	7.5576596574e-01
2	2	1	7.5560285040e-01
2	3	1	7.5663657829e-01
2	4	1	7.5630645182e-01
2	5	1	7.5848710664e-01
2	6	1	7.5348055779e-01
2	7	1	7.5533928527e-01
2	8	1	7.5686773460e-01
2	9	1	7.5629078091e-01
2	10	1	7.5377128624e-01
2	11	1	7.5754344966e-01
2	12	1	7.5533570981e-01
2	13	1	7.5577077972e-01
2	14	1	7.5608905401e-01
2	15	1	7.5622289551e-01
2	16	1	7.5332140845e-01
2	17	1	7.5499831472e-01
2	18	1	7.5408092143e-01
2	19	1	7.5362612826e-01
2	20	1	7.5468014252e-01
2	21	1	7.5531235807e-01
2	22	1	7.5520905841e-01
2	23	1	7.5315945583e-01
2	24	1	7.5264309333e-01
2	25	1	7.5620676948e-01
2	26	1	7.5435170750e-01
2	27	1	7.5668314503e-01
2	28	1	7.5467086722e-01
2	29	1	7.5576279843e-01
2	30	1	7.5659115330e-01
2	31	1	7.5704014849e-01
2	32	1	7.5827172979e-01
2	33	1	7.5451081376e-01
2	34	1	7.5647276683e-01
2	35	1	7.5732947977e-01
2	36	1	7.5597560623e-01
2	37	1	7.6096571540e-01
2	38	1	7.5707069581e-01
2	39	1	7.5728107311e-01
2	40	1	7.5667171450e-01
2	41	1	7.5682138230e-01
2	42	1	7.5426815762e-01
2	43	1	7.5586086098e-01
2	44	1	7.5724795492e-01
2	45	1	7.5566110589e-01
2	46	1	7.5604368144e-01
2	47	1	7.5372831975e-01
2	48	1	7.5626647531e-01
2	49	1	7.5684914852e-01
2	50	1	7.5446122854e-01
2	51	1	7.5588441737e-01
2	52	1	7.5495387433e-01
2	53	1	7.5538097571e-01
2	54	1	7.5754320564e-01
2	55	1	7.5514046309e-01
2	56	1	7.5720650676e-01
2	57	1	7.5442213238e-01
2	58	1	7.5641426958e-01
2	59	1	7.5597915866e-01
2	60	1	7.5633603487e-01
2	61	1	7.5669091300e-01
2	62	1	7.5540044060e-01
2	63	1	7.5499850263e-01
2	64	1	7.5737822288e-01
2	65	1	7.5653529893e-01
2	66	1	7.5571929006e-01
2	67	1	7.5479966624e-01
2	68	1	7.5220467907e-01
2	69	1	7.5538549466e-01
2	70	1	7.5581463862e-01
2	71	1	7.5658143917e-01
2	72	1	7.5464103667e-01
2	73	1	7.5354496386e-01
2	74	1	7.5584748180e-01
2	75	1	7.5417044128e-01
2	76	1	7.5520902325e-01
2	77	1	7.5581349362e-01
2	78	1	7.5589042038e-01
2	79	1	7.5491746727e-01
2	80	1	7.5581522275e-01
2	81	1	7.5539252627e-01
2	82	1	7.5454826729e-01
2	83	1	7.5469665827e-01
2	84	1	7.5704305569e-01
2	85	1	7.5383183574e-01
2	86	1	7.5663111540e-01
2	87	1	7.5486386819e-01
2	88	1	7.5508699704e-01
2	89	1	7.5601345664e-01
2	90	1	7.5915614340e-01
2	91	1	7.5300250171e-01
2	92	1	7.5393275837e-01
2	93	1	7.5339176581e-01
2	94	1	7.5640142747e-01
2	95	1	7.5571562234e-01
2	96	1	7.5744790652e-01
2	97	1	7.5514959188e-01
2	98	1	7.5538196457e-01
2	99	1	7.5716202293e-01
2	100	1	7.5307458402e-01
2	101	1	7.5442768263e-01
2	102	1	7.5492306659e-01
2	103	1	7.5658000134e-01
2	104	1	7.5709931153e-01
2	105	1	7.5739642711e-01
2	106	1	7.5571437275e-01
2	107	1	7.5386124650e-01
2	108	1	7.5703692954e-01
2	109	1	7.5556676228e-01
2	110	1	7.5558565417e-01
2	111	1	7.5662973372e-01
2	112	1	7.5863026242e-01
2	113	1	7.5450680143e-01
2	114	1	7.5557120834e-01
2	115	1	7.5583827008e-01
2	116	1	7.5642905840e-01
2	117	1	7.5514438400e-01
2	118	1	7.5585995369e-01
2	119	1	7.5492131551e-01
2	120	1	7.5436729840e-01
2	121	1	7.5264712061e-01
2	122	1	7.5392444652e-01
2	123	1	7.5607609840e-01
2	124	1	7.5677646772e-01
2	125	1	7.5551668169e-01
2	126	1	7.5450895063e-01
2	127	1	7.5466457184e-01
2	128	1	7.5367464911e-01
2	129	1	7.5720365174e-01
2	130	1	7.5422827239e-01
2	131	1	7.5541899070e-01
2	132	1	7.5566028361e-01
2	133	1	7.5617239523e-01
2	134	1	7.5647156707e-01
2	135	1	7.5383380953e-01
2	136	1	7.5600411395e-01
2	137	1	7.5520041375e-01
2	138	1	7.5581026997e-01
2	139	1	7.5473540659e-01
2	140	1	7.5694092056e-01
2	141	1	7.5536922830e-01
2	142	1	7.5575140844e-01
2	143	1	7.5370928204e-01
2	144	1	7.5602957290e-01
2	145	1	7.5758458805e-01
2	146	1	7.5851284120e-01
2	147	1	7.5846586793e-01
2	148	1	7.5477654984e-01
2	149	1	7.5521196750e-01
2	150	1	7.5491366886e-01
2	151	1	7.5450560227e-01
2	152	1	7.5471078324e-01
2	153	1	7.5702861165e-01
2	154	1	7.5536737494e-01
2	155	1	7.5328767847e-01
2	156	1	7.5515132092e-01
2	157	1	7.5555436460e-01
2	158	1	7.5555475464e-01
2	159	1	7.5475483145e-01
2	160	1	7.5642119710e-01
2	161	1	7.5558781542e-01
2	162	1	7.5650739443e-01
2	163	1	7.5698583599e-01
2	164	1	7.5791782439e-01
2	165	1	7.5529700190e-01
2	166	1	7.5530121699e-01
2	167	1	7.5693181927e-01
2	168	1	7.5572857520e-01
2	169	1	7.5417167103e-01
2	170	1	7.5434156976e-01
2	171	1	7.5412707283e-01
2	172	1	7.5390338344e-01
2	173	1	7.5546790468e-01
2	174	1	7.5450485143e-01
2	175	1	7.6023597415e-01
2	176	1	7.5507196350e-01
2	177	1	7.5543665215e-01
2	178	1	7.5644726090e-01
2	179	1	7.5561813845e-01
2	180	1	7.5427052632e-01
2	181	1	7.5524389411e-01
2	182	1	7.5615930518e-01
2	183	1	7.5383886350e-01
2	184	1	7.5631331758e-01
2	185	1	7.5567385589e-01
2	186	1	7.5585086293e-01
2	187	1	7.5766881773e-01
2	188	1	7.5696224170e-01
2	189	1	7.5535067593e-01
2	190	1	7.5491570860e-01
2	191	1	7.5418214841e-01
2	192	1	7.5724445643e-01
2	193	1	7.5428936463e-01
2	194	1	7.5455887120e-01
2	195	1	7.5853910472e-01
2	196	1	7.5676612752e-01
2	197	1	7.5550787752e-01
2	198	1	7.5402062552e-01
2	199	1	7.5567705657e-01
3	0	1	5.7750506460e-01
3	1	1	5.7894632305e-01
3	2	1	5.7797232255e-01
3	3	1	5.7953474318e-01
3	4	1	5.7963605290e-01
3	5	1	5.8285965038e-01
3	6	1	5.7355178500e-01
3	7	1	5.7807946404e-01
3	8	1	5.7906476179e-01
3	9	1	5.8006958980e-01
3	10	1	5.7460296411e-01
3	11	1	5.8094397654e-01
3	12	1	5.7811013119e-01
3	13	1	5.7861034323e-01
3	14	1	5.7990685562e-01
3	15	1	5.7882936577e-01
3	16	1	5.7509198875e-01
3	17	1	5.7689817164e-01
3	18	1	5.7428317212e-01
3	19	1	5.7460926387e-01
3	20	1	5.7655477525e-01
3	21	1	5.7711091564e-01
3	22	1	5.7748066236e-01
3	23	1	5.7303756413e-01
3	24	1	5.7366217529e-01
3	25	1	5.8006656532e-01
3	26	1	5.7599067688e-01
3	27	1	5.7998077320e-01
3	28	1	5.7685530675e-01
3	29	1	5.7838471229e-01
3	30	1	5.7999557186e-01
3	31	1	5.8043579847e-01
3	32	1	5.8267508572e-01
3	33	1	5.7717347437e-01
3	34	1	5.7952899277e-01
3	35	1	5.8007518169e-01
3	36	1	5.7934458777e-01
3	37	1	5.8567045549e-01
3	38	1	5.8029516327e-01
3	39	1	5.8089575745e-01
3	40	1	5.7842818433e-01
3	41	1	5.7961212476e-01
3	42	1	5.7637072336e-01
3	43	1	5.7846113739e-01
3	44	1	5.8047634331e-01
3	45	1	5.7864407612e-01
3	46	1	5.7896249606e-01
3	47	1	5.7492192823e-01
3	48	1	5.7827004629e-01
3	49	1	5.8051533520e-01
3	50	1	5.7585186144e-01
3	51	1	5.7765931333e-01
3	52	1	5.7710932163e-01
3	53	1	5.7751467317e-01
3	54	1	5.8021508678e-01
3	55	1	5.7704043247e-01
3	56	1	5.8141737039e-01
3	57	1	5.7613622538e-01
3	58	1	5.7906778184e-01
3	59	1	5.7759966114e-01
3	60	1	5.7806172816e-01
3	61	1	5.7995587187e-01
3	62	1	5.7824508184e-01
3	63	1	5.7644065121e-01
3	64	1	5.8083289065e-01
3	65	1	5.7988299934e-01
3	66	1	5.7822384818e-01
3	67	1	5.7760842069e-01
3	68	1	5.7202233157e-01
3	69	1	5.7812632705e-01
3	70	1	5.7884729321e-01
3	71	1	5.7972872523e-01
3	72	1	5.7629262305e-01
3	73	1	5.7573784612e-01
3	74	1	5.7814766227e-01
3	75	1	5.7672424701e-01
3	76	1	5.7791272239e-01
3	77	1	5.7871389939e-01
3	78	1	5.7885057295e-01
3	79	1	5.7671864161e-01
3	80	1	5.7808890604e-01
3	81	1	5.7841253902e-01
3	82	1	5.7615863614e-01
3	83	1	5.7661538480e-01
3	84	1	5.7991418487e-01
3	85	1	5.7423376320e-01
3	86	1	5.8019700906e-01
3	87	1	5.7685076748e-01
3	88	1	5.7583311267e-01
3	89	1	5.7842238323e-01
3	90	1	5.8220879734e-01
3	91	1	5.7351518683e-01
3	92	1	5.7467340830e-01
3	93	1	5.7437362418e-01
3	94	1	5.7950610283e-01
3	95	1	5.7784273621e-01
3	96	1	5.8006175130e-01
3	97	1	5.7734943817e-01
3	98	1	5.7807319060e-01
3	99	1	5.8007008437e-01
3	100	1	5.7302334295e-01
3	101	1	5.7680165766e-01
3	102	1	5.7669361901e-01
3	103	1	5.7961961593e-01
3	104	1	5.7968794160e-01
3	105	1	5.8135799628e-01
3	106	1	5.7807398133e-01
3	107	1	5.7554429980e-01
3	108	1	5.8003348932e-01
3	109	1	5.7754596715e-01
3	110	1	5.7763950767e-01
3	111	1	5.7920830835e-01
3	112	1	5.8361452778e-01
3	113	1	5.7623204120e-01
3	114	1	5.7872309063e-01
3	115	1	5.7808516958e-01
3	116	1	5.7857653333e-01
3	117	1	5.7720202795e-01
3	118	1	5.7853348132e-01
3	119	1	5.7743068774e-01
3	120	1	5.7435888814e-01
3	121	1	5.7349099118e-01
3	122	1	5.7471356027e-01
3	123	1	5.7818789507e-01
3	124	1	5.8001675980e-01
3	125	1	5.7842554007e-01
3	126	1	5.7605424938e-01
3	127	1	5.7671777223e-01
3	128	1	5.7443524130e-01
3	129	1	5.7953282230e-01
3	130	1	5.7605948173e-01
3	131	1	5.7766567907e-01
3	132	1	5.7793480076e-01
3	133	1	5.7885816255e-01
3	134	1	5.7907473560e-01
3	135	1	5.7563139869e-01
3	136	1	5.7758948706e-01
3	137	1	5.7737373467e-01
3	138	1	5.7875051498e-01
3	139	1	5.7731990730e-01
3	140	1	5.7950415925e-01
3	141	1	5.7787405663e-01
3	142	1	5.7814196759e-01
3	143	1	5.7582715585e-01
3	144	1	5.7852200247e-01
3	145	1	5.8174168188e-01
3	146	1	5.8151450231e-01
3	147	1	5.8319739604e-01
3	148	1	5.7598215944e-01
3	149	1	5.7772559182e-01
3	150	1	5.7580905492e-01
3	151	1	5.7494403905e-01
3	152	1	5.7621274966e-01
3	153	1	5.8097087741e-01
3	154	1	5.7738468160e-01
3	155	1	5.7443016309e-01
3	156	1	5.7731843185e-01
3	157	1	5.7916343163e-01
3	158	1	5.7824887447e-01
3	159	1	5.7736774444e-01
3	160	1	5.7987367849e-01
3	161	1	5.7716189105e-01
3	162	1	5.8075890847e-01
3	163	1	5.8040747506e-01
3	164	1	5.8237272049e-01
3	165	1	5.7758132548e-01
3	166	1	5.7637445572e-01
3	167	1	5.8012388756e-01
3	168	1	5.7818967369e-01
3	169	1	5.7684923007e-01
3	170	1	5.7563236917e-01
3	171	1	5.7536196854e-01
3	172	1	5.7555363161e-01
3	173	1	5.7838940090e-01
3	174	1	5.7656060129e-01
3	175	1	5.8565202274e-01
3	176	1	5.7802467638e-01
3	177	1	5.7793416917e-01
3	178	1	5.7949941041e-01
3	179	1	5.7774242577e-01
3	180	1	5.7531102381e-01
3	181	1	5.7660718726e-01
3	182	1	5.7908248363e-01
3	183	1	5.7558302796e-01
3	184	1	5.7870962130e-01
3	185	1	5.7718738294e-01
3	186	1	5.7882745775e-01
3	187	1	5.8238292644e-01
3	188	1	5.7987233017e-01
3	189	1	5.7876949100e-01
3	190	1	5.7663442054e-01
3	191	1	5.7533069287e-01
3	192	1	5.8093198346e-01
3	193	1	5.7575255707e-01
3	194	1	5.7635834460e-01
3	195	1	5.8280881562e-01
3	196	1	5.8079085736e-01
3	197	1	5.7779902754e-01
3	198	1	5.7537558524e-01
3	199	1	5.7699687499e-01
4	0	1	4.0862048469e-01
4	1	1	4.0973572876e-01
4	2	1	4.0814580206e-01
4	3	1	4.0923255913e-01
4	4	1	4.1070703824e-01
4	5	1	4.1461370720e-01
4	6	1	4.0114075346e-01
4	7	1	4.0863461781e-01
4	8	1	4.0806531072e-01
4	9	1	4.1195672970e-01
4	10	1	4.0319715327e-01
4	11	1	4.1138335603e-01
4	12	1	4.0859083991e-01
4	13	1	4.0913362166e-01
4	14	1	4.1149354687e-01
4	15	1	4.0834390683e-01
4	16	1	4.0590141270e-01
4	17	1	4.0652457871e-01
4	18	1	4.0159548770e-01
4	19	1	4.0331855982e-01
4	20	1	4.0620283354e-01
4	21	1	4.0732828193e-01
4	22	1	4.0797715346e-01
4	23	1	4.0049892465e-01
4	24	1	4.0312247259e-01
4	25	1	4.1197432322e-01
4	26	1	4.0545164383e-01
4	27	1	4.1021409833e-01
4	28	1	4.0671525270e-01
4	29	1	4.0890364906e-01
4	30	1	4.1049657824e-01
4	31	1	4.1081531455e-01
4	32	1	4.1388354692e-01
4	33	1	4.0802670863e-01
4	34	1	4.1009595314e-01
4	35	1	4.0967802046e-01
4	36	1	4.1049695944e-01
4	37	1	4.1652668527e-01
4	38	1	4.1075107323e-01
4	39	1	4.1189347821e-01
4	40	1	4.0672060948e-01
4	41	1	4.0930819478e-01
4	42	1	4.0632480666e-01
4	43	1	4.0842748702e-01
4	44	1	4.1076614067e-01
4	45	1	4.0922270490e-01
4	46	1	4.0951574541e-01
4	47	1	4.0402674566e-01
4	48	1	4.0736271420e-01
4	49	1	4.1178709942e-01
4	50	1	4.0504776801e-01
4	51	1	4.0653264869e-01
4	52	1	4.0704454974e-01
4	53	1	4.0771382273e-01
4	54	1	4.0906044262e-01
4	55	1	4.0644603222e-01
4	56	1	4.1400868275e-01
4	57	1	4.0573785847e-01
4	58	1	4.0925904472e-01
4	59	1	4.0627841592e-01
4	60	1	4.0679074631e-01
4	61	1	4.1054122098e-01
4	62	1	4.0853534430e-01
4	63	1	4.0493129900e-01
4	64	1	4.1134555235e-01
4	65	1	4.1046439349e-01
4	66	1	4.0844703092e-01
4	67	1	4.0839189686e-01
4	68	1	4.0014316736e-01
4	69	1	4.0875928855e-01
4	70	1	4.0961223093e-01
4	71	1	4.0999126482e-01
4	72	1	4.0544455613e-01
4	73	1	4.0664925301e-01
4	74	1	4.0791225308e-01
4	75	1	4.0732022181e-01
4	76	1	4.0879608423e-01
4	77	1	4.0931951440e-01
4	78	1	4.0909218508e-01
4	79	1	4.0601198534e-01
4	80	1	4.0790335829e-01
4	81	1	4.0941685541e-01
4	82	1	4.0533221964e-01
4	83	1	4.0616088066e-01
4	84	1	4.1054392640e-01
4	85	1	4.0190837322e-01
4	86	1	4.1110449381e-01
4	87	1	4.0656654610e-01
4	88	1	4.0370304912e-01
4	89	1	4.0862574636e-01
4	90	1	4.1121064888e-01
4	91	1	4.0205049854e-01
4	92	1	4.0357226828e-01
4	93	1	4.0367715042e-01
4	94	1	4.0994134961e-01
4	95	1	4.0704253568e-01
4	96	1	4.0942441009e-01
4	97	1	4.0741575373e-01
4	98	1	4.0901448957e-01
4	99	1	4.1006816119e-01
4	100	1	4.0043928365e-01
4	101	1	4.0781618823e-01
4	102	1	4.0610011715e-01
4	103	1	4.1040914061e-01
4	104	1	4.0886398007e-01
4	105	1	4.1269744927e-01
4	106	1	4.0784163131e-01
4	107	1	4.0557511278e-01
4	108	1	4.1019734206e-01
4	109	1	4.0690466122e-01
4	110	1	4.0705966590e-01
4	111	1	4.0917387543e-01
4	112	1	4.1596213752e-01
4	113	1	4.0596838746e-01
4	114	1	4.0993071688e-01
4	115	1	4.0784360822e-01
4	116	1	4.0753845557e-01
4	117	1	4.0704296715e-01
4	118	1	4.0928353191e-01
4	119	1	4.0831313256e-01
4	120	1	4.0131468685e-01
4	121	1	4.0233044567e-01
4	122	1	4.0322280290e-01
4	123	1	4.0735068388e-01
4	124	1	4.1023970676e-01
4	125	1	4.0965036690e-01
4	126	1	4.0517302031e-01
4	127	1	4.0670648343e-01
4	128	1	4.0303478659e-01
4	129	1	4.0903160525e-01
4	130	1	4.0545847800e-01
4	131	1	4.0823751833e-01
4	132	1	4.0759858226e-01
4	133	1	4.0898202086e-01
4	134	1	4.0852578898e-01
4	135	1	4.0584769101e-01
4	136	1	4.0564127925e-01
4	137	1	4.0715281719e-01
4	138	1	4.0914347733e-01
4	139	1	4.0769015925e-01
4	140	1	4.0938163403e-01
4	141	1	4.0818882768e-01
4	142	1	4.0828073176e-01
4	143	1	4.0706615487e-01
4	144	1	4.0798389810e-01
4	145	1	4.1316372767e-01
4	146	1	4.1073841833e-01
4	147	1	4.1507844765e-01
4	148	1	4.0436168669e-01
4	149	1	4.0774218282e-01
4	150	1	4.0426154289e-01
4	151	1	4.0190100984e-01
4	152	1	4.0528620917e-01
4	153	1	4.1232039526e-01
4	154	1	4.0642205701e-01
4	155	1	4.0383843178e-01
4	156	1	4.0699383758e-01
4	157	1	4.1103235753e-01
4	158	1	4.0822082933e-01
4	159	1	4.0790178568e-01
4	160	1	4.1087092305e-01
4	161	1	4.0629818134e-01
4	162	1	4.1296103099e-01
4	163	1	4.1087923441e-01
4	164	1	4.1399913362e-01
4	165	1	4.0765732315e-01
4	166	1	4.0458493313e-01
4	167	1	4.1051332927e-01
4	168	1	4.0802928987e-01
4	169	1	4.0811811195e-01
4	170	1	4.0457763554e-01
4	171	1	4.0457821400e-01
4	172	1	4.0519486483e-01
4	173	1	4.0918250130e-01
4	174	1	4.0640950494e-01
4	175	1	4.1791423563e-01
4	176	1	4.0932898320e-01
4	177	1	4.0861049548e-01
4	178	1	4.0991071834e-01
4	179	1	4.0685146650e-01
4	180	1	4.0358477367e-01
4	181	1	4.0547074383e-01
4	182	1	4.0973735128e-01
4	183	1	4.0570959734e-01
4	184	1	4.0800233762e-01
4	185	1	4.0572314603e-01
4	186	1	4.0911268369e-01
4	187	1	4.1505596476e-01
4	188	1	4.0906297503e-01
4	189	1	4.1020132173e-01
4	190	1	4.0625907999e-01
4	191	1	4.0460649896e-01
4	192	1	4.1137452802e-01
4	193	1	4.0506156101e-01
4	194	1	4.0570348233e-01
4	195	1	4.1388579113e-01
4	196	1	4.1260676524e-01
4	197	1	4.0742545733e-01
4	198	1	4.0479470668e-01
4	199	1	4.0561773078e-01
5	0	1	2.6177326041e-01
5	1	1	2.6266404019e-01
5	2	1	2.6084418842e-01
5	3	1	2.6033326071e-01
5	4	1	2.6398515436e-01
5	5	1	2.6818301172e-01
5	6	1	2.5152698632e-01
5	7	1	2.6134232806e-01
5	8	1	2.5915615995e-01
5	9	1	2.6603209356e-01
5	10	1	2.5472695208e-01
5	11	1	2.6355428095e-01
5	12	1	2.6120143543e-01
5	13	1	2.6156588310e-01
5	14	1	2.6503871139e-01
5	15	1	2.5929500860e-01
5	16	1	2.5977407373e-01
5	17	1	2.5869624038e-01
5	18	1	2.5146515604e-01
5	19	1	2.5461503034e-01
5	20	1	2.5862310245e-01
5	21	1	2.6066851595e-01
5	22	1	2.6128888906e-01
5	23	1	2.5098548685e-01
5	24	1	2.5577895961e-01
5	25	1	2.6620742680e-01
5	26	1	2.5797768911e-01
5	27	1	2.6133282848e-01
5	28	1	2.5888540616e-01
5	29	1	2.6184062747e-01
5	30	1	2.6296860688e-01
5	31	1	2.6231302781e-01
5	32	1	2.6620301262e-01
5	33	1	2.6128571458e-01
5	34	1	2.6284557833e-01
5	35	1	2.6116213028e-01
5	36	1	2.6344243160e-01
5	37	1	2.6875717669e-01
5	38	1	2.6322779818e-01
5	39	1	2.6451639464e-01
5	40	1	2.5751051048e-01
5	41	1	2.6079131373e-01
5	42	1	2.5825855030e-01
5	43	1	2.6064742548e-01
5	44	1	2.6294072230e-01
5	45	1	2.6123175631e-01
5	46	1	2.6182362471e-01
5	47	1	2.5614420731e-01
5	48	1	2.5901525397e-01
5	49	1	2.6502258218e-01
5	50	1	2.5678725391e-01
5	51	1	2.5781746967e-01
5	52	1	2.5969265399e-01
5	53	1	2.6066066612e-01
5	54	1	2.5935710470e-01
5	55	1	2.5791128075e-01
5	56	1	2.6906317858e-01
5	57	1	2.5794887707e-01
5	58	1	2.6114197721e-01
5	59	1	2.5744696920e-01
5	60	1	2.5881412316e-01
5	61	1	2.6278797752e-01
5	62	1	2.6088569123e-01
5	63	1	2.5582153191e-01
5	64	1	2.6383410106e-01
5	65	1	2.6253099268e-01
5	66	1	2.6119231509e-01
5	67	1	2.6136151443e-01
5	68	1	2.5190313994e-01
5	69	1	2.6174979853e-01
5	70	1	2.6241097417e-01
5	71	1	2.6170018433e-01
5	72	1	2.5716560908e-01
5	73	1	2.6005806542e-01
5	74	1	2.5991226206e-01
5	75	1	2.6023627236e-01
5	76	1	2.6247432265e-01
5	77	1	2.6192272826e-01
5	78	1	2.6110864535e-01
5	79	1	2.5784081891e-01
5	80	1	2.6018616439e-01
5	81	1	2.6300885512e-01
5	82	1	2.5655818675e-01
5	83	1	2.5813427493e-01
5	84	1	2.6403089173e-01
5	85	1	2.5256272301e-01
5	86	1	2.6321431012e-01
5	87	1	2.5840113819e-01
5	88	1	2.5421726561e-01
5	89	1	2.6169225422e-01
5	90	1	2.6114561298e-01
5	91	1	2.5398483221e-01
5	92	1	2.5616849830e-01
5	93	1	2.5580499298e-01
5	94	1	2.6240638397e-01
5	95	1	2.5803404436e-01
5	96	1	2.6076749450e-01
5	97	1	2.5997828100e-01
5	98	1	2.6300291843e-01
5	99	1	2.6202507290e-01
5	100	1	2.5068896858e-01
5	101	1	2.6134536710e-01
5	102	1	2.5793234418e-01
5	103	1	2.6311210692e-01
5	104	1	2.5996998914e-01
5	105	1	2.6541967187e-01
5	106	1	2.5982752513e-01
5	107	1	2.5826885780e-01
5	108	1	2.6194086485e-01
5	109	1	2.5897655444e-01
5	110	1	2.5876660890e-01
5	111	1	2.6173295488e-01
5	112	1	2.6946696428e-01
5	113	1	2.5899349780e-01
5	114	1	2.6346997446e-01
5	115	1	2.5982696122e-01
5	116	1	2.5808658274e-01
5	117	1	2.5952443100e-01
5	118	1	2.6269554669e-01
5	119	1	2.6223394314e-01
5	120	1	2.5138502669e-01
5	121	1	2.5396276012e-01
5	122	1	2.5483945385e-01
5	123	1	2.5934979678e-01
5	124	1	2.6166157727e-01
5	125	1	2.6347823526e-01
5	126	1	2.5689238784e-01
5	127	1	2.5885677228e-01
5	128	1	2.5437575444e-01
5	129	1	2.6196587944e-01
5	130	1	2.5670179549e-01
5	131	1	2.6175215385e-01
5	132	1	2.6017655574e-01
5	133	1	2.6132757457e-01
5	134	1	2.6007287333e-01
5	135	1	2.5894151788e-01
5	136	1	2.5566808452e-01
5	137	1	2.5931401530e-01
5	138	1	2.6136708727e-01
5	139	1	2.5962067972e-01
5	140	1	2.6120787418e-01
5	141	1	2.6100495620e-01
5	142	1	2.6088714006e-01
5	143	1	2.6151388904e-01
5	144	1	2.5930268180e-01
5	145	1	2.6582528387e-01
5	146	1	2.6193514435e-01
5	147	1	2.6869761127e-01
5	148	1	2.5550487857e-01
5	149	1	2.5995689269e-01
5	150	1	2.5573244481e-01
5	151	1	2.5071203347e-01
5	152	1	2.5710649217e-01
5	153	1	2.6492286067e-01
5	154	1	2.5771167101e-01
5	155	1	2.5617474874e-01
5	156	1	2.5899857723e-01
5	157	1	2.6495071959e-01
5	158	1	2.6003194611e-01
5	159	1	2.6047637674e-01
5	160	1	2.6388463248e-01
5	161	1	2.5867740615e-01
5	162	1	2.6736356209e-01
5	163	1	2.6322228483e-01
5	164	1	2.6710531200e-01
5	165	1	2.6026193259e-01
5	166	1	2.5555636224e-01
5	167	1	2.6271059834e-01
5	168	1	2.6038443658e-01
5	169	1	2.6175462851e-01
5	170	1	2.5631276579e-01
5	171	1	2.5721396301e-01
5	172	1	2.5737333078e-01
5	173	1	2.6254672387e-01
5	174	1	2.5890862274e-01
5	175	1	2.7103330705e-01
5	176	1	2.6325985701e-01
5	177	1	2.6193720813e-01
5	178	1	2.6261469074e-01
5	179	1	2.5790811225e-01
5	180	1	2.5372491896e-01
5	181	1	2.5752476206e-01
5	182	1	2.6275633843e-01
5	183	1	2.5896021637e-01
5	184	1	2.5953673234e-01
5	185	1	2.5654285192e-01
5	186	1	2.6157833883e-01
5	187	1	2.6906480206e-01
5	188	1	2.5950709582e-01
5	189	1	2.6368577224e-01
5	190	1	2.5841907040e-01
5	191	1	2.5724900255e-01
5	192	1	2.6282274248e-01
5	193	1	2.5714304968e-01
5	194	1	2.5716770942e-01
5	195	1	2.6597282750e-01
5	196	1	2.6626244136e-01
5	197	1	2.5904173282e-01
5	198	1	2.5731957510e-01
5	199	1	2.5712180530e-01
6	0	1	1.4630002453e-01
6	1	1	1.4758408489e-01
6	2	1	1.4445576218e-01
6	3	1	1.4263825317e-01
6	4	1	1.4800540953e-01
6	5	1	1.5245797109e-01
6	6	1	1.3402539108e-01
6	7	1	1.4570545444e-01
6	8	1	1.4238572891e-01
6	9	1	1.5115117222e-01
6	10	1	1.3845809951e-01
6	11	1	1.4694703064e-01
6	12	1	1.4480999198e-01
6	13	1	1.4510108463e-01
6	14	1	1.4857265742e-01
6	15	1	1.4169485699e-01
6	16	1	1.4564247448e-01
6	17	1	1.4211823383e-01
6	18	1	1.3434812669e-01
6	19	1	1.3827707490e-01
6	20	1	1.4374469196e-01
6	21	1	1.4552499298e-01
6	22	1	1.4612319346e-01
6	23	1	1.3465074119e-01
6	24	1	1.4030381547e-01
6	25	1	1.5121444591e-01
6	26	1	1.4248576838e-01
6	27	1	1.4348544283e-01
6	28	1	1.4275193735e-01
6	29	1	1.4665296685e-01
6	30	1	1.4687187965e-01
6	31	1	1.4459060167e-01
6	32	1	1.4924806766e-01
6	33	1	1.4531205778e-01
6	34	1	1.4701965488e-01
6	35	1	1.4475764632e-01
6	36	1	1.4726153756e-01
6	37	1	1.5241845543e-01
6	38	1	1.4730079558e-01
6	39	1	1.4888537784e-01
6	40	1	1.4140801223e-01
6	41	1	1.4400839225e-01
6	42	1	1.4119410773e-01
6	43	1	1.4375345501e-01
6	44	1	1.4620376376e-01
6	45	1	1.4401600546e-01
6	46	1	1.4470785052e-01
6	47	1	1.4044160841e-01
6	48	1	1.4261699376e-01
6	49	1	1.4948640990e-01
6	50	1	1.4023105255e-01
6	51	1	1.4130771259e-01
6	52	1	1.4409420001e-01
6	53	1	1.4587989670e-01
6	54	1	1.4148745588e-01
6	55	1	1.4112247182e-01
6	56	1	1.5486261568e-01
6	57	1	1.4254949507e-01
6	58	1	1.4445179863e-01
6	59	1	1.4131901365e-01
6	60	1	1.4390608606e-01
6	61	1	1.4554899257e-01
6	62	1	1.4427466882e-01
6	63	1	1.3957626580e-01
6	64	1	1.4712075766e-01
6	65	1	1.4562842214e-01
6	66	1	1.4547170253e-01
6	67	1	1.4565538648e-01
6	68	1	1.3694753265e-01
6	69	1	1.4610961736e-01
6	70	1	1.4596225066e-01
6	71	1	1.4436567204e-01
6	72	1	1.4058407361e-01
6	73	1	1.4474167731e-01
6	74	1	1.4384162185e-01
6	75	1	1.4397290662e-01
6	76	1	1.4686077794e-01
6	77	1	1.4611931700e-01
6	78	1	1.4529753808e-01
6	79	1	1.4181504275e-01
6	80	1	1.4379078491e-01
6	81	1	1.4741274837e-01
6	82	1	1.3981589116e-01
6	83	1	1.4200243310e-01
6	84	1	1.4847199351e-01
6	85	1	1.3600775034e-01
6	86	1	1.4671511834e-01
6	87	1	1.4138908517e-01
6	88	1	1.3708739669e-01
6	89	1	1.4657135774e-01
6	90	1	1.4390526288e-01
6	91	1	1.3944213504e-01
6	92	1	1.4266657504e-01
6	93	1	1.4026743604e-01
6	94	1	1.4627195125e-01
6	95	1	1.4083816944e-01
6	96	1	1.4394406867e-01
6	97	1	1.4375441046e-01
6	98	1	1.4790515800e-01
6	99	1	1.4538575375e-01
6	100	1	1.3367668224e-01
6	101	1	1.4621891601e-01
6	102	1	1.4187332198e-01
6	103	1	1.4731853825e-01
6	104	1	1.4365173440e-01
6	105	1	1.4909042275e-01
6	106	1	1.4315778520e-01
6	107	1	1.4255916488e-01
6	108	1	1.4534585987e-01
6	109	1	1.4308417937e-01
6	110	1	1.4185673054e-01
6	111	1	1.4665228723e-01
6	112	1	1.5331126125e-01
6	113	1	1.4460804956e-01
6	114	1	1.4777191213e-01
6	115	1	1.4365180265e-01
6	116	1	1.4025661398e-01
6	117	1	1.4327403568e-01
6	118	1	1.4843535604e-01
6	119	1	1.4805808725e-01
6	120	1	1.3487848465e-01
6	121	1	1.3722585037e-01
6	122	1	1.3854926134e-01
6	123	1	1.4431808241e-01
6	124	1	1.4435276728e-01
6	125	1	1.4844661946e-01
6	126	1	1.4064377950e-01
6	127	1	1.4247887379e-01
6	128	1	1.3774568667e-01
6	129	1	1.4744127792e-01
6	130	1	1.3994284033e-01
6	131	1	1.4785410531e-01
6	132	1	1.4463656839e-01
6	133	1	1.4523436385e-01
6	134	1	1.4373413951e-01
6	135	1	1.4432670678e-01
6	136	1	1.3891216489e-01
6	137	1	1.4348199062e-01
6	138	1	1.4496001369e-01
6	139	1	1.4165947503e-01
6	140	1	1.4439378636e-01
6	141	1	1.4541575176e-01
6	142	1	1.4537421506e-01
6	143	1	1.4708767549e-01
6	144	1	1.4246332507e-01
6	145	1	1.4945467681e-01
6	146	1	1.4543676473e-01
6	147	1	1.5309584778e-01
6	148	1	1.3937102011e-01
6	149	1	1.4402357773e-01
6	150	1	1.3995303794e-01
6	151	1	1.3223699452e-01
6	152	1	1.4041829190e-01
6	153	1	1.4795098196e-01
6	154	1	1.4073862331e-01
6	155	1	1.4093569894e-01
6	156	1	1.4282288849e-01
6	157	1	1.4943725856e-01
6	158	1	1.4333034004e-01
6	159	1	1.4443935422e-01
6	160	1	1.4790824133e-01
6	161	1	1.4355867812e-01
6	162	1	1.5269422622e-01
6	163	1	1.4703208427e-01
6	164	1	1.5118975276e-01
6	165	1	1.4501878038e-01
6	166	1	1.3951806599e-01
6	167	1	1.4601915291e-01
6	168	1	1.4398504471e-01
6	169	1	1.4656749586e-01
6	170	1	1.4030304649e-01
6	171	1	1.4269894263e-01
6	172	1	1.4120693764e-01
6	173	1	1.4721156275e-01
6	174	1	1.4338778873e-01
6	175	1	1.5402985716e-01
6	176	1	1.4841546745e-01
6	177	1	1.4693986034e-01
6	178	1	1.4614327523e-01
6	179	1	1.4043403703e-01
6	180	1	1.3601464958e-01
6	181	1	1.4165848600e-01
6	182	1	1.4763945439e-01
6	183	1	1.4355464647e-01
6	184	1	1.4338843351e-01
6	185	1	1.3961383598e-01
6	186	1	1.4502913577e-01
6	187	1	1.5267081566e-01
6	188	1	1.4247219896e-01
6	189	1	1.4828226055e-01
6	190	1	1.4204298315e-01
6	191	1	1.4223493154e-01
6	192	1	1.4536903711e-01
6	193	1	1.4058410545e-01
6	194	1	1.4012316539e-01
6	195	1	1.4890366129e-01
6	196	1	1.5069708005e-01
6	197	1	1.4203740844e-01
6	198	1	1.4183341341e-01
6	199	1	1.4218578321e-01
7	0	1	6.2971889326e-02
7	1	1	6.5021481397e-02
7	2	1	6.0073163574e-02
7	3	1	5.7382353278e-02
7	4	1	6.3438344447e-02
7	5	1	6.7865126291e-02
7	6	1	5.0286373423e-02
7	7	1	6.2757061663e-02
7	8	1	5.8013203716e-02
7	9	1	6.7774617661e-02
7	10	1	5.5220870958e-02
7	11	1	6.2648343964e-02
7	12	1	6.0223668015e-02
7	13	1	6.0781461645e-02
7	14	1	6.3453610550e-02
7	15	1	5.6278073741e-02
7	16	1	6.3191370905e-02
7	17	1	5.7776728759e-02
7	18	1	5.0533571868e-02
7	19	1	5.5356594168e-02
7	20	1	6.1504178410e-02
7	21	1	6.2289978348e-02
7	22	1	6.2616274762e-02
7	23	1	5.2052148312e-02
7	24	1	5.7024048492e-02
7	25	1	6.7509132281e-02
7	26	1	5.9621639515e-02
7	27	1	5.8696653102e-02
7	28	1	5.9064061480e-02
7	29	1	6.3412416017e-02
7	30	1	6.2805760959e-02
7	31	1	5.9087024022e-02
7	32	1	6.3962525588e-02
7	33	1	6.0649787759e-02
7	34	1	6.2980106708e-02
7	35	1	6.1284541059e-02
7	36	1	6.3352014409e-02
7	37	1	6.7618452060e-02
7	38	1	6.3645504866e-02
7	39	1	6.4716661018e-02
7	40	1	5.8611348264e-02
7	41	1	5.9812164462e-02
7	42	1	5.6855756905e-02
7	43	1	5.9116224579e-02
7	44	1	6.1921025433e-02
7	45	1	5.9611442933e-02
7	46	1	6.0001587604e-02
7	47	1	5.7233407852e-02
7	48	1	5.9314239926e-02
7	49	1	6.5617711819e-02
7	50	1	5.6658711834e-02
7	51	1	5.7278346804e-02
7	52	1	6.1172518537e-02
7	53	1	6.3907060744e-02
7	54	1	5.6788525987e-02
7	55	1	5.6866938073e-02
7	56	1	7.0614314811e-02
7	57	1	6.0240911433e-02
7	58	1	6.0292664874e-02
7	59	1	5.7838632097e-02
7	60	1	6.1149535666e-02
7	61	1	6.0064368810e-02
7	62	1	5.9475082422e-02
7	63	1	5.6457956545e-02
7	64	1	6.1920962634e-02
7	65	1	6.0619522507e-02
7	66	1	6.2011692371e-02
7	67	1	6.1850626204e-02
7	68	1	5.5182192934e-02
7	69	1	6.2732832183e-02
7	70	1	6.1669816011e-02
7	71	1	5.9824212452e-02
7	72	1	5.6625999758e-02
7	73	1	6.1501908366e-02
7	74	1	6.0698562960e-02
7	75	1	5.9381782529e-02
7	76	1	6.1883345571e-02
7	77	1	6.2253270303e-02
7	78	1	6.1683355033e-02
7	79	1	5.7882997470e-02
7	80	1	5.9772074013e-02
7	81	1	6.2995888157e-02
7	82	1	5.6015205816e-02
7	83	1	5.8445533548e-02
7	84	1	6.4231926199e-02
7	85	1	5.2930749188e-02
7	86	1	6.2467067171e-02
7	87	1	5.7197387649e-02
7	88	1	5.3062367376e-02
7	89	1	6.3401361272e-02
7	90	1	5.9747100192e-02
7	91	1	5.8534260025e-02
7	92	1	6.2514862561e-02
7	93	1	5.6390021842e-02
7	94	1	6.2380131745e-02
7	95	1	5.6742524124e-02
7	96	1	5.9878001423e-02
7	97	1	5.9449878689e-02
7	98	1	6.3968318487e-02
7	99	1	6.1410198302e-02
7	100	1	5.0847644234e-02
7	101	1	6.2814293043e-02
7	102	1	5.8725965705e-02
7	103	1	6.4139917918e-02
7	104	1	5.9555017549e-02
7	105	1	6.4172240758e-02
7	106	1	5.9202384029e-02
7	107	1	5.9006219152e-02
7	108	1	6.2107224177e-02
7	109	1	5.9524723367e-02
7	110	1	5.6848282093e-02
7	111	1	6.3562071216e-02
7	112	1	6.8722959096e-02
7	113	1	6.2126168781e-02
7	114	1	6.4101253744e-02
7	115	1	6.0597505480e-02
7	116	1	5.6535182423e-02
7	117	1	5.9023400222e-02
7	118	1	6.5742701748e-02
7	119	1	6.5976634471e-02
7	120	1	5.2418853301e-02
7	121	1	5.2553760707e-02
7	122	1	5.5035328230e-02
7	123	1	6.1244787266e-02
7	124	1	5.9283023629e-02
7	125	1	6.5328318504e-02
7	126	1	5.6605986507e-02
7	127	1	5.8247656494e-02
7	128	1	5.3899973033e-02
7	129	1	6.4027472897e-02
7	130	1	5.6563753054e-02
7	131	1	6.5077186711e-02
7	132	1	6.1010528717e-02
7	133	1	6.1633497570e-02
7	134	1	6.0402274235e-02
7	135	1	6.1598941942e-02
7	136	1	5.6084355270e-02
7	137	1	6.0488063598e-02
7	138	1	6.1092334457e-02
7	139	1	5.6026876135e-02
7	140	1	6.0204726308e-02
7	141	1	6.1537344495e-02
7	142	1	6.2796483238e-02
7	143	1	6.3672502161e-02
7	144	1	5.9280170658e-02
7	145	1	6.5348461365e-02
7	146	1	6.2255917487e-02
7	147	1	6.8450689261e-02
7	148	1	5.6719739769e-02
7	149	1	6.0621361231e-02
7	150	1	5.7882728258e-02
7	151	1	4.8890081798e-02
7	152	1	5.5975392619e-02
7	153	1	6.3969689517e-02
7	154	1	5.6730868307e-02
7	155	1	5.7614546293e-02
7	156	1	5.8838031433e-02
7	157	1	6.5593901555e-02
7	158	1	5.9149706014e-02
7	159	1	6.1106567850e-02
7	160	1	6.3389797009e-02
7	161	1	6.0678673490e-02
7	162	1	6.8697625878e-02
7	163	1	6.2538479490e-02
7	164	1	6.6191134796e-02
7	165	1	6.1921724510e-02
7	166	1	5.6156201854e-02
7	167	1	6.0891154679e-02
7	168	1	5.9257404206e-02
7	169	1	6.3311313815e-02
7	170	1	5.6863225696e-02
7	171	1	6.0563670922e-02
7	172	1	5.7424979866e-02
7	173	1	6.3416674812e-02
7	174	1	5.9695324522e-02
7	175	1	6.8763299421e-02
7	176	1	6.4919632027e-02
7	177	1	6.3877382149e-02
7	178	1	6.1555381037e-02
7	179	1	5.5870086030e-02
7	180	1	5.1893813280e-02
7	181	1	5.8098802232e-02
7	182	1	6.4770727980e-02
7	183	1	6.0433610320e-02
7	184	1	5.9500243791e-02
7	185	1	5.5784043010e-02
7	186	1	6.0338632737e-02
7	187	1	6.7978032854e-02
7	188	1	5.8759606291e-02
7	189	1	6.4786557902e-02
7	190	1	5.8547781535e-02
7	191	1	5.9516420748e-02
7	192	1	6.0134509363e-02
7	193	1	5.6224280520e-02
7	194	1	5.5813896773e-02
7	195	1	6.3834320365e-02
7	196	1	6.6276784081e-02
7	197	1	5.7748528050e-02
7	198	1	5.8524517309e-02
7	199	1	6.0555442520e-02
8	0	1	8.5978814293e-03
8	1	1	1.1359234959e-02
8	2	1	5.4872626774e-03
8	3	1	1.9719352655e-03
8	4	1	7.8976984399e-03
8	5	1	1.1762413810e-02
8	6	1	-2.6813833250e-03
8	7	1	9.2009824205e-03
8	8	1	2.8403456860e-03
8	9	1	1.2736088191e-02
8	10	1	2.0572702640e-03
8	11	1	7.3423629355e-03
8	12	1	4.9129149019e-03
8	13	1	5.3636715619e-03
8	14	1	7.6994875623e-03
8	15	1	9.8539793436e-04
8	16	1	9.0463692185e-03
8	17	1	2.8467915339e-03
8	18	1	-3.0748659179e-03
8	19	1	1.9567541359e-03
8	20	1	7.7447204080e-03
8	21	1	7.9390534253e-03
8	22	1	7.8556560040e-03
8	23	1	-9.0799029749e-04
8	24	1	3.3621893310e-03
8	25	1	1.2307616356e-02
8	26	1	6.3744802925e-03
8	27	1	3.8275136644e-03
8	28	1	4.5141535195e-03
8	29	1	9.0480239808e-03
8	30	1	7.8270597755e-03
8	31	1	3.3696311275e-03
8	32	1	7.7561943134e-03
8	33	1	5.1403311188e-03
8	34	1	8.0424262302e-03
8	35	1	6.9464384716e-03
8	36	1	8.6247174155e-03
8	37	1	1.2397572202e-02
8	38	1	9.1944845470e-03
8	39	1	8.6548411584e-03
8	40	1	5.3819352433e-03
8	41	1	4.8184313681e-03
8	42	1	2.0734341277e-03
8	43	1	4.0028658513e-03
8	44	1	7.5031191224e-03
8	45	1	5.4692761531e-03
8	46	1	5.2052717753e-03
8	47	1	3.6120465071e-03
8	48	1	5.9608072404e-03
8	49	1	1.0432460287e-02
8	50	1	2.6954546441e-03
8	51	1	2.3764812658e-03
8	52	1	8.0979296101e-03
8	53	1	1.0443383559e-02
8	54	1	2.5047598907e-03
8	55	1	2.8854303735e-03
8	56	1	1.3599949727e-02
8	57	1	6.9388492492e-03
8	58	1	5.7788370409e-03
8	59	1	3.1424175211e-03
8	60	1	7.4987781690e-03
8	61	1	4.5572257227e-03
8	62	1	4.0550974446e-03
8	63	1	2.3734239625e-03
8	64	1	5.9485908423e-03
8	65	1	5.2942914148e-03
8	66	1	8.1692502942e-03
8	67	1	7.2868885893e-03
8	68	1	2.8030001648e-03
8	69	1	8.4963789235e-03
8	70	1	6.5637151111e-03
8	71	1	5.3315983318e-03
8	72	1	2.7634839677e-03
8	73	1	7.3536661263e-03
8	74	1	7.4012630368e-03
8	75	1	4.1286426549e-03
8	76	1	5.9339920206e-03
8	77	1	7.3814701255e-03
8	78	1	7.0997643274e-03
8	79	1	2.6937295213e-03
8	80	1	5.5427147929e-03
8	81	1	7.4225507161e-03
8	82	1	1.9056999166e-03
8	83	1	4.5440410328e-03
8	84	1	9.3365331749e-03
8	85	1	1.7006739685e-04
8	86	1	7.4573895494e-03
8	87	1	3.0127301418e-03
8	88	1	-1.0822289779e-03
8	89	1	9.0154828797e-03
8	90	1	4.4485556692e-03
8	91	1	6.8390643776e-03
8	92	1	1.0996035613e-02
8	93	1	1.4028466528e-03
8	94	1	8.0337030362e-03
8	95	1	2.4165674588e-03
8	96	1	4.8900957839e-03
8	97	1	4.4840823729e-03
8	98	1	8.8372113714e-03
8	99	1	7.2657290365e-03
8	100	1	-1.1453926252e-03
8	101	1	7.9309336848e-03
8	102	1	4.7393735990e-03
8	103	1	9.9341472683e-03
8	104	1	4.5223252102e-03
8	105	1	7.5617539769e-03
8	106	1	4.5328370648e-03
8	107	1	4.5664734755e-03
8	108	1	7.8508972444e-03
8	109	1	5.8633866617e-03
8	110	1	1.2460536602e-03
8	111	1	9.0891749753e-03
8	112	1	1.3194046019e-02
8	113	1	8.1794947267e-03
8	114	1	1.0034991059e-02
8	115	1	6.9547379636e-03
8	116	1	3.2858111867e-03
8	117	1	4.4375550762e-03
8	118	1	1.0692565936e-02
8	119	1	1.2105937076e-02
8	120	1	2.4500536471e-04
8	121	1	-2.4874365522e-03
8	122	1	1.5571403350e-03
8	123	1	6.3487849827e-03
8	124	1	3.4851276028e-03
8	125	1	1.0738963533e-02
8	126	1	2.2300663974e-03
8	127	1	3.2504827809e-03
8	128	1	-5.7457678401e-05
8	129	1	8.9573494575e-03
8	130	1	3.2854694160e-03
8	131	1	9.4932302545e-03
8	132	1	6.7547008184e-03
8	133	1	7.4403474001e-03
8	134	1	6.1624953894e-03
8	135	1	7.0238113754e-03
8	136	1	3.5414333751e-03
8	137	1	6.9833846686e-03
8	138	1	6.5393134124e-03
8	139	1	7.4584793503e-04
8	140	1	5.6135794961e-03
8	141	1	6.4322930106e-03
8	142	1	9.5592597594e-03
8	143	1	8.5859075185e-03
8	144	1	6.4823048408e-03
8	145	1	1.0257649400e-02
8	146	1	9.0478498681e-03
8	147	1	1.1761379532e-02
8	148	1	4.3466219592e-03
8	149	1	6.7144899013e-03
8	150	1	5.6229039661e-03
8	151	1	-3.2815844102e-03
8	152	1	1.5096070951e-03
8	153	1	9.3372637744e-03
8	154	1	2.8206326253e-03
8	155	1	3.3006259631e-03
8	156	1	4.5039612282e-03
8	157	1	1.0376343089e-02
8	158	1	4.2210411660e-03
8	159	1	7.0042192876e-03
8	160	1	7.6383043030e-03
8	161	1	7.0688023262e-03
8	162	1	1.2464840271e-02
8	163	1	6.8426102818e-03
8	164	1	9.8004447841e-03
8	165	1	7.8784448998e-03
8	166	1	2.1357083190e-03
8	167	1	5.2175858888e-03
8	168	1	3.8345002765e-03
8	169	1	9.0245961760e-03
8	170	1	2.8708120151e-03
8	171	1	7.3945221232e-03
8	172	1	3.4134495820e-03
8	173	1	8.2729988162e-03
8	174	1	4.8449464021e-03
8	175	1	1.2432191389e-02
8	176	1	1.0071180630e-02
8	177	1	9.4288107998e-03
8	178	1	6.1573158953e-03
8	179	1	7.9662130224e-04
8	180	1	-2.0313965386e-03
8	181	1	4.2574375753e-03
8	182	1	1.0920722631e-02
8	183	1	7.0006645807e-03
8	184	1	4.8329007512e-03
8	185	1	1.1604131740e-03
8	186	1	5.2088018702e-03
8	187	1	1.2701946900e-02
8	188	1	4.5354793451e-03
8	189	1	9.8129721584e-03
8	190	1	4.8512953882e-03
8	191	1	5.8496608099e-03
8	192	1	4.4900306071e-03
8	193	1	1.6414736219e-03
8	194	1	1.6335069259e-03
8	195	1	8.2298232042e-03
8	196	1	1.0311163458e-02
8	197	1	3.1881809102e-03
8	198	1	4.9109813832e-03
8	199	1	7.5589994182e-03
9	0	1	-2.2053016921e-02
9	1	1	-1.8722277727e-02
9	2	1	-2.4600901474e-02
9	3	1	-2.8877528975e-02
9	4	1	-2.3632637259e-02
9	5	1	-2.0683554150e-02
9	6	1	-3.1584118580e-02
9	7	1	-2.0797238598e-02
9	8	1	-2.8802277409e-02
9	9	1	-1.9441395927e-02
9	10	1	-2.7078274632e-02
9	11	1	-2.4615531981e-02
9	12	1	-2.6103621016e-02
9	13	1	-2.6166282965e-02
9	14	1	-2.3669708883e-02
9	15	1	-2.9027029960e-02
9	16	1	-2.2143174282e-02
9	17	1	-2.8185628394e-02
9	18	1	-3.2578685914e-02
9	19	1	-2.7689769161e-02
9	20	1	-2.3062823061e-02
9	21	1	-2.3427453234e-02
9	22	1	-2.3499528577e-02
9	23	1	-3.0358128356e-02
9	24	1	-2.6006680605e-02
9	25	1	-1.9172201998e-02
9	26	1	-2.3033334504e-02
9	27	1	-2.6615230347e-02
9	28	1	-2.6223834079e-02
9	29	1	-2.2234742057e-02
9	30	1	-2.3032548564e-02
9	31	1	-2.7900501963e-02
9	32	1	-2.4230782009e-02
9	33	1	-2.6522222229e-02
9	34	1	-2.3084644973e-02
9	35	1	-2.3901370580e-02
9	36	1	-2.2321481524e-02
9	37	1	-1.8232315782e-02
9	38	1	-2.1458221087e-02
9	39	1	-2.3733230368e-02
9	40	1	-2.4229295799e-02
9	41	1	-2.6251335535e-02
9	42	1	-2.8610912139e-02
9	43	1	-2.6482105979e-02
9	44	1	-2.2804683868e-02
9	45	1	-2.4113126336e-02
9	46	1	-2.5567169533e-02
9	47	1	-2.6263482669e-02
9	48	1	-2.3233390797e-02
9	49	1	-2.1219519305e-02
9	50	1	-2.7487303752e-02
9	51	1	-2.8635976633e-02
9	52	1	-2.1223230743e-02
9	53	1	-2.0564371695e-02
9	54	1	-2.6981954265e-02
9	55	1	-2.6288534385e-02
9	56	1	-2.0266506493e-02
9	57	1	-2.3125998439e-02
9	58	1	-2.4464054371e-02
9	59	1	-2.7866208895e-02
9	60	1	-2.2307605542e-02
9	61	1	-2.6134329314e-02
9	62	1	-2.6784325271e-02
9	63	1	-2.7738309214e-02
9	64	1	-2.5620113916e-02
9	65	1	-2.5936256447e-02
9	66	1	-2.1782327582e-02
9	67	1	-2.3675639866e-02
9	68	1	-2.5667412037e-02
9	69	1	-2.2126081910e-02
9	70	1	-2.4587996019e-02
9	71	1	-2.4670081904e-02
9	72	1	-2.6715841780e-02
9	73	1	-2.3410336090e-02
9	74	1	-2.1805198289e-02
9	75	1	-2.7036393085e-02
9	76	1	-2.6169399684e-02
9	77	1	-2.3695291547e-02
9	78	1	-2.3962638257e-02
9	79	1	-2.8789595400e-02
9	80	1	-2.4441720082e-02
9	81	1	-2.4292864690e-02
9	82	1	-2.8217727465e-02
9	83	1	-2.5244673935e-02
9	84	1	-2.1702837748e-02
9	85	1	-2.8307187581e-02
9	86	1	-2.3104375758e-02
9	87	1	-2.7056664860e-02
9	88	1	-3.1099859639e-02
9	89	1	-2.2308348524e-02
9	90	1	-2.6840155165e-02
9	91	1	-2.1508001334e-02
9	92	1	-1.8189117369e-02
9	93	1	-2.9690251180e-02
9	94	1	-2.1827930474e-02
9	95	1	-2.7623609965e-02
9	96	1	-2.6427609260e-02
9	97	1	-2.6683366385e-02
9	98	1	-2.2419971354e-02
9	99	1	-2.3660043187e-02
9	100	1	-2.8678559033e-02
9	101	1	-2.3406641306e-02
9	102	1	-2.5813716086e-02
9	103	1	-2.0869562407e-02
9	104	1	-2.7062602042e-02
9	105	1	-2.5469218490e-02
9	106	1	-2.6456171152e-02
9	107	1	-2.5966451768e-02
9	108	1	-2.3242223190e-02
9	109	1	-2.3016554239e-02
9	110	1	-3.0309693688e-02
9	111	1	-2.1832950953e-02
9	112	1	-1.8987535702e-02
9	113	1	-2.3264712996e-02
9	114	1	-2.0379425324e-02
9	115	1	-2.2906913135e-02
9	116	1	-2.5762845591e-02
9	117	1	-2.5652092679e-02
9	118	1	-2.1462677900e-02
9	119	1	-1.9366554452e-02
9	120	1	-2.7884687667e-02
9	121	1	-3.2842608083e-02
9	122	1	-2.7556918737e-02
9	123	1	-2.4941959631e-02
9	124	1	-2.7789052089e-02
9	125	1	-2.0660147799e-02
9	126	1	-2.8105340502e-02
9	127	1	-2.7781273416e-02
9	128	1	-2.9777826892e-02
9	129	1	-2.2358836105e-02
9	130	1	-2.6020527988e-02
9	131	1	-2.3690187565e-02
9	132	1	-2.3291796245e-02
9	133	1	-2.2873491876e-02
9	134	1	-2.4204251917e-02
9	135	1	-2.4377265590e-02
9	136	1	-2.4656793737e-02
9	137	1	-2.2924232073e-02
9	138	1	-2.4344534540e-02
9	139	1	-2.9811572683e-02
9	140	1	-2.4639107338e-02
9	141	1	-2.4783205419e-02
9	142	1	-2.0046878841e-02
9	143	1	-2.3447142308e-02
9	144	1	-2.2056528105e-02
9	145	1	-2.1398565546e-02
9	146	1	-2.0304079284e-02
9	147	1	-2.2113358294e-02
9	148	1	-2.4267522191e-02
9	149	1	-2.2881343248e-02
9	150	1	-2.3600783973e-02
9	151	1	-3.0473486820e-02
9	152	1	-2.8609806288e-02
9	153	1	-2.1765333779e-02
9	154	1	-2.6760809188e-02
9	155	1	-2.6578343773e-02
9	156	1	-2.4847797430e-02
9	157	1	-2.1526598318e-02
9	158	1	-2.7028746848e-02
9	159	1	-2.3198055198e-02
9	160	1	-2.4695051843e-02
9	161	1	-2.2698182194e-02
9	162	1	-2.0227705704e-02
9	163	1	-2.4594517192e-02
9	164	1	-2.2409107796e-02
9	165	1	-2.2172891963e-02
9	166	1	-2.8145646199e-02
9	167	1	-2.5882200625e-02
9	168	1	-2.7637473724e-02
9	169	1	-2.1534128490e-02
9	170	1	-2.7000181913e-02
9	171	1	-2.2266564420e-02
9	172	1	-2.6392065046e-02
9	173	1	-2.3466177020e-02
9	174	1	-2.6143282747e-02
9	175	1	-2.0553664922e-02
9	176	1	-2.1546650737e-02
9	177	1	-2.2121496950e-02
9	178	1	-2.5397970137e-02
9	179	1	-3.0030304170e-02
9	180	1	-3.1528224180e-02
9	181	1	-2.5727720543e-02
9	182	1	-1.9832200984e-02
9	183	1	-2.2714532528e-02
9	184	1	-2.5518075721e-02
9	185	1	-2.9263594793e-02
9	186	1	-2.5625636265e-02
9	187	1	-1.8351591603e-02
9	188	1	-2.5772975527e-02
9	189	1	-2.1882091489e-02
9	190	1	-2.5274125038e-02
9	191	1	-2.4388535183e-02
9	192	1	-2.6325466709e-02
9	193	1	-2.8663609491e-02
9	194	1	-2.8118714242e-02
9	195	1	-2.2890533907e-02
9	196	1	-2.2331969773e-02
9	197	1	-2.7250276357e-02
9	198	1	-2.4801867861e-02
9	199	1	-2.2397097979e-02
10	0	1	-3.5331016514e-02
10	1	1	-3.2304020248e-02
10	2	1	-3.7419801769e-02
10	3	1	-4.2085903137e-02
10	4	1	-3.7935283094e-02
10	5	1	-3.5947835303e-02
10	6	1	-4.3856355032e-02
10	7	1	-3.4411819795e-02
10	8	1	-4.3811627905e-02
10	9	1	-3.5087269891e-02
10	10	1	-3.9713598530e-02
10	11	1	-3.9585595392e-02
10	12	1	-3.9536977666e-02
10	13	1	-4.0176992689e-02
10	14	1	-3.7539535352e-02
10	15	1	-4.1165395812e-02
10	16	1	-3.6855946025e-02
10	17	1	-4.2222567044e-02
10	18	1	-4.5587385474e-02
10	19	1	-4.0433071982e-02
10	20	1	-3.7046556689e-02
10	21	1	-3.8493927002e-02
10	22	1	-3.8100769770e-02
10	23	1	-4.3171943381e-02
10	24	1	-3.8471121926e-02
10	25	1	-3.3319630389e-02
10	26	1	-3.5660298185e-02
10	27	1	-3.9522793741e-02
10	28	1	-3.9735549644e-02
10	29	1	-3.7494122967e-02
10	30	1	-3.6797071587e-02
10	31	1	-4.1594549119e-02
10	32	1	-3.9208456697e-02
10	33	1	-4.1002524279e-02
10	34	1	-3.7738330196e-02
10	35	1	-3.8440080825e-02
10	36	1	-3.6414611124e-02
10	37	1	-3.2613524726e-02
10	38	1	-3.5597137919e-02
10	39	1	-3.8877855320e-02
10	40	1	-3.7644045220e-02
10	41	1	-4.0167718681e-02
10	42	1	-4.1890521315e-02
10	43	1	-3.9223711630e-02
10	44	1	-3.6529842377e-02
10	45	1	-3.6405349443e-02
10	46	1	-3.9610209653e-02
10	47	1	-3.9366570917e-02
10	48	1	-3.5685360575e-02
10	49	1	-3.5940841155e-02
10	50	1	-4.0930453442e-02
10	51	1	-4.2276453620e-02
10	52	1	-3.4042776048e-02
10	53	1	-3.5754657898e-02
10	54	1	-3.9571593440e-02
10	55	1	-3.8164431159e-02
10	56	1	-3.6961111263e-02
10	57	1	-3.6522342919e-02
10	58	1	-3.7577409603e-02
10	59	1	-4.1568699485e-02
10	60	1	-3.5738512664e-02
10	61	1	-3.9399846900e-02
10	62	1	-4.0121471764e-02
10	63	1	-4.0898089874e-02
10	64	1	-3.9741229388e-02
10	65	1	-4.0461960528e-02
10	66	1	-3.4988914414e-02
10	67	1	-3.8225356419e-02
10	68	1	-3.7471150486e-02
10	69	1	-3.5965509713e-02
10	70	1	-3.8455343891e-02
10	71	1	-3.7678487422e-02
10	72	1	-3.9551121506e-02
10	73	1	-3.7315592429e-02
10	74	1	-3.4931185006e-02
10	75	1	-4.0678646636e-02
10	76	1	-4.1207855108e-02
10	77	1	-3.8058402380e-02
10	78	1	-3.8073378902e-02
10	79	1	-4.2685968154e-02
10	80	1	-3.7699756979e-02
10	81	1	-3.8770111540e-02
10	82	1	-4.1469921001e-02
10	83	1	-3.7950235204e-02
10	84	1	-3.5898813506e-02
10	85	1	-3.9909393042e-02
10	86	1	-3.6122834466e-02
10	87	1	-4.0107617491e-02
10	88	1	-4.3859651299e-02
10	89	1	-3.7490459274e-02
10	90	1	-4.0582025074e-02
10	91	1	-3.3731252533e-02
10	92	1	-3.2329658248e-02
10	93	1	-4.3605864675e-02
10	94	1	-3.4389695829e-02
10	95	1	-4.0272941702e-02
10	96	1	-4.0915140741e-02
10	97	1	-4.0905106770e-02
10	98	1	-3.6562281552e-02
10	99	1	-3.8554586359e-02
10	100	1	-3.9333229669e-02
10	101	1	-3.7634324591e-02
10	102	1	-3.9628862915e-02
10	103	1	-3.5213965972e-02
10	104	1	-4.1930386726e-02
10	105	1	-4.1113831259e-02
10	106	1	-4.0562467124e-02
10	107	1	-3.9178577851e-02
10	108	1	-3.7994974524e-02
10	109	1	-3.4677625653e-02
10	110	1	-4.4527443646e-02
10	111	1	-3.5900236412e-02
10	112	1	-3.4995031695e-02
10	113	1	-3.8596881282e-02
10	114	1	-3.4493786946e-02
10	115	1	-3.6203781630e-02
10	116	1	-3.7867461999e-02
10	117	1	-3.8306738768e-02
10	118	1	-3.6664938338e-02
10	119	1	-3.4708511623e-02
10	120	1	-3.9323425506e-02
10	121	1	-4.5170843308e-02
10	122	1	-3.9523722994e-02
10	123	1	-3.9239778344e-02
10	124	1	-4.1422059919e-02
10	125	1	-3.5122894442e-02
10	126	1	-4.1583756925e-02
10	127	1	-4.1561966252e-02
10	128	1	-4.2390864000e-02
10	129	1	-3.6356702975e-02
10	130	1	-3.8639666979e-02
10	131	1	-4.0706720293e-02
10	132	1	-3.6358954143e-02
10	133	1	-3.6364600569e-02
10	134	1	-3.7443067749e-02
10	135	1	-3.8742934827e-02
10	136	1	-3.5978728923e-02
10	137	1	-3.6431934541e-02
10	138	1	-3.8638480375e-02
10	139	1	-4.2808606462e-02
10	140	1	-3.7912122341e-02
10	141	1	-3.8358909736e-02
10	142	1	-3.2843611640e-02
10	143	1	-3.8517587951e-02
10	144	1	-3.3846681190e-02
10	145	1	-3.6391553669e-02
10	146	1	-3.3821413246e-02
10	147	1	-3.9684002813e-02
10	148	1	-3.6889492325e-02
10	149	1	-3.5237017433e-02
10	150	1	-3.7002751403e-02
10	151	1	-4.0084118116e-02
10	152	1	-4.1646364387e-02
10	153	1	-3.6371743852e-02
10	154	1	-3.9542502165e-02
10	155	1	-3.9346518611e-02
10	156	1	-3.6500413794e-02
10	157	1	-3.6035850818e-02
10	158	1	-4.0951904950e-02
10	159	1	-3.6139304108e-02
10	160	1	-4.0192093353e-02
10	161	1	-3.5872731598e-02
10	162	1	-3.5321457769e-02
10	163	1	-3.8294518512e-02
10	164	1	-3.6893319442e-02
10	165	1	-3.5117761428e-02
10	166	1	-4.1441970683e-02
10	167	1	-3.9590473722e-02
10	168	1	-4.2109815069e-02
10	169	1	-3.5091199489e-02
10	170	1	-3.9542756821e-02
10	171	1	-3.5439074335e-02
10	172	1	-3.9049023393e-02
10	173	1	-3.8598046730e-02
10	174	1	-3.9633244339e-02
10	175	1	-3.6932204585e-02
10	176	1	-3.6939474994e-02
10	177	1	-3.7519182994e-02
10	178	1	-3.9471174468e-02
10	179	1	-4.3199787165e-02
10	180	1	-4.3846089768e-02
10	181	1	-3.9343019781e-02
10	182	1	-3.4571920571e-02
10	183	1	-3.6140050767e-02
10	184	1	-3.8392247121e-02
10	185	1	-4.2418658381e-02
10	186	1	-3.9541958121e-02
10	187	1	-3.2268807197e-02
10	188	1	-3.9151860098e-02
10	189	1	-3.6740691188e-02
10	190	1	-3.9040150730e-02
10	191	1	-3.7835601761e-02
10	192	1	-3.9181412253e-02
10	193	1	-4.1522194559e-02
10	194	1	-4.0941207851e-02
10	195	1	-3.6810360602e-02
10	196	1	-3.8140959382e-02
10	197	1	-4.0222211176e-02
10	198	1	-3.7771458895e-02
10	199	1	-3.5905823846e-02
11	0	1	-3.6870806356e-02
11	1	1	-3.5245743468e-02
11	2	1	-3.8512350239e-02
11	3	1	-4.2914284795e-02
11	4	1	-4.0510985836e-02
11	5	1	-3.9218545447e-02
11	6	1	-4.4798067579e-02
11	7	1	-3.6954123346e-02
11	8	1	-4.6512577829e-02
11	9	1	-3.8828231999e-02
11	10	1	-4.1369585318e-02
11	11	1	-4.2683732703e-02
11	12	1	-4.1168335900e-02
11	13	1	-4.2147051711e-02
11	14	1	-4.0041473829e-02
11	15	1	-4.1617855966e-02
11	16	1	-4.0050072161e-02
11	17	1	-4.4399724261e-02
11	18	1	-4.7404206415e-02
11	19	1	-4.1691325277e-02
11	20	1	-3.8880500713e-02
11	21	1	-4.1767884973e-02
11	22	1	-4.0790527754e-02
11	23	1	-4.4583351031e-02
11	24	1	-3.9517466870e-02
11	25	1	-3.6011162690e-02
11	26	1	-3.7025910421e-02
11	27	1	-4.0963346905e-02
11	28	1	-4.1777482773e-02
11	29	1	-4.1343328831e-02
11	30	1	-3.9496856282e-02
11	31	1	-4.3326988173e-02
11	32	1	-4.2890785698e-02
11	33	1	-4.3390433278e-02
11	34	1	-4.1351803218e-02
11	35	1	-4.1664487854e-02
11	36	1	-3.9253180486e-02
11	37	1	-3.6649930233e-02
11	38	1	-3.8862323484e-02
11	39	1	-4.2315546441e-02
11	40	1	-4.0112817711e-02
11	41	1	-4.2172198630e-02
11	42	1	-4.3151425296e-02
11	43	1	-4.0466384823e-02
11	44	1	-3.9619990792e-02
11	45	1	-3.7577073895e-02
11	46	1	-4.2451287672e-02
11	47	1	-4.1572720026e-02
11	48	1	-3.7112102083e-02
11	49	1	-3.8846514051e-02
11	50	1	-4.3196257165e-02
11	51	1	-4.3919962086e-02
11	52	1	-3.5949179056e-02
11	53	1	-3.9907093325e-02
11	54	1	-4.1527104806e-02
11	55	1	-3.8697588819e-02
11	56	1	-4.1725926012e-02
11	57	1	-3.8538069392e-02
11	58	1	-3.9078422450e-02
11	59	1	-4.3111548319e-02
11	60	1	-3.8437284352e-02
11	61	1	-4.1011114284e-02
11	62	1	-4.1705782518e-02
11	63	1	-4.3334340314e-02
11	64	1	-4.2040293580e-02
11	65	1	-4.3698810795e-02
11	66	1	-3.7121661912e-02
11	67	1	-4.1953958454e-02
11	68	1	-3.8359423772e-02
11	69	1	-3.8244127154e-02
11	70	1	-4.0745782848e-02
11	71	1	-3.9766748237e-02
11	72	1	-4.1673043448e-02
11	73	1	-3.9340709155e-02
11	74	1	-3.7978443904e-02
11	75	1	-4.2071892916e-02
11	76	1	-4.4269378408e-02
11	77	1	-4.1121363296e-02
11	78	1	-4.0206904270e-02
11	79	1	-4.4212715858e-02
11	80	1	-3.9922000357e-02
11	81	1	-4.1331083617e-02
11	82	1	-4.3215021012e-02
11	83	1	-3.9428907100e-02
11	84	1	-3.8320048746e-02
11	85	1	-4.0191237016e-02
11	86	1	-3.7180557108e-02
11	87	1	-4.1719356725e-02
11	88	1	-4.4750256721e-02
11	89	1	-4.1438562173e-02
11	90	1	-4.2228043957e-02
11	91	1	-3.5666170541e-02
11	92	1	-3.6593913558e-02
11	93	1	-4.5219709822e-02
11	94	1	-3.5647512828e-02
11	95	1	-4.1068564909e-02
11	96	1	-4.3743591445e-02
11	97	1	-4.3083140946e-02
11	98	1	-3.9448891024e-02
11	99	1	-4.1972370227e-02
11	100	1	-3.9017614520e-02
11	101	1	-4.0314341717e-02
11	102	1	-4.2066330063e-02
11	103	1	-3.8780707311e-02
11	104	1	-4.4727148802e-02
11	105	1	-4.4197851192e-02
11	106	1	-4.2938021431e-02
11	107	1	-4.0601977613e-02
11	108	1	-4.1331025470e-02
11	109	1	-3.5593507483e-02
11	110	1	-4.6558818606e-02
11	111	1	-3.8692513188e-02
11	112	1	-3.9933658858e-02
11	113	1	-4.2211747823e-02
11	114	1	-3.8009716130e-02
11	115	1	-3.8336822851e-02
11	116	1	-3.8871191346e-02
11	117	1	-3.9403502703e-02
11	118	1	-3.9631346658e-02
11	119	1	-3.8751079278e-02
11	120	1	-3.9772600774e-02
11	121	1	-4.5069214746e-02
11	122	1	-4.0332937831e-02
11	123	1	-4.2173107276e-02
11	124	1	-4.2943913838e-02
11	125	1	-3.7631592268e-02
11	126	1	-4.3128353903e-02
11	127	1	-4.3876899838e-02
11	128	1	-4.3113347454e-02
11	129	1	-3.8205827115e-02
11	130	1	-3.9744095449e-02
11	131	1	-4.5859573209e-02
11	132	1	-3.8342160154e-02
11	133	1	-3.8881139854e-02
11	134	1	-3.8830542216e-02
11	135	1	-4.0740656294e-02
11	136	1	-3.6100786821e-02
11	137	1	-3.8922334325e-02
11	138	1	-4.2126119859e-02
11	139	1	-4.3911877108e-02
11	140	1	-4.0019164158e-02
11	141	1	-3.9911387573e-02
11	142	1	-3.4543481918e-02
11	143	1	-4.1289547269e-02
11	144	1	-3.5134304675e-02
11	145	1	-3.9789256801e-02
11	146	1	-3.7050203110e-02
11	147	1	-4.5214308410e-02
11	148	1	-3.9060130264e-02
11	149	1	-3.6488591671e-02
11	150	1	-3.9746605081e-02
11	151	1	-3.8437635179e-02
11	152	1	-4.2815781399e-02
11	153	1	-4.0034772932e-02
11	154	1	-4.1293795550e-02
11	155	1	-4.0986790743e-02
11	156	1	-3.6649993701e-02
11	157	1	-3.8409530118e-02
11	158	1	-4.2826890608e-02
11	159	1	-3.7375075706e-02
11	160	1	-4.3850022040e-02
11	161	1	-3.8234221729e-02
11	162	1	-3.8064484712e-02
11	163	1	-4.0052768258e-02
11	164	1	-3.9041326604e-02
11	165	1	-3.6583947693e-02
11	166	1	-4.2715088635e-02
11	167	1	-4.1123846583e-02
11	168	1	-4.5279070962e-02
11	169	1	-3.7330949462e-02
11	170	1	-4.0475890744e-02
11	171	1	-3.7612836168e-02
11	172	1	-4.0594163644e-02
11	173	1	-4.2049530029e-02
11	174	1	-4.0905976094e-02
11	175	1	-4.1550025087e-02
11	176	1	-4.1281318492e-02
11	177	1	-4.1414087552e-02
11	178	1	-4.1402685056e-02
11	179	1	-4.4339570244e-02
11	180	1	-4.4484971022e-02
11	181	1	-4.1953246661e-02
11	182	1	-3.8337502990e-02
11	183	1	-3.8789780880e-02
11	184	1	-3.9199560446e-02
11	185	1	-4.4047510242e-02
11	186	1	-4.2367452847e-02
11	187	1	-3.4657024394e-02
11	188	1	-4.0961979281e-02
11	189	1	-3.9906721146e-02
11	190	1	-4.1491792764e-02
11	191	1	-3.9420585791e-02
11	192	1	-3.9769514292e-02
11	193	1	-4.2390356824e-02
11	194	1	-4.2408672886e-02
11	195	1	-3.9570939748e-02
11	196	1	-4.2132600402e-02
11	197	1	-4.1627492903e-02
11	198	1	-3.9386134942e-02
11	199	1	-3.8032238837e-02
12	0	1	-3.0842076676e-02
12	1	1	-3.0983487109e-02
12	2	1	-3.1245900315e-02
12	3	1	-3.4963065535e-02
12	4	1	-3.4776735648e-02
12	5	1	-3.4094855890e-02
12	6	1	-3.8071044733e-02
12	7	1	-3.1769518996e-02
12	8	1	-4.0357099638e-02
12	9	1	-3.4190158357e-02
12	10	1	-3.5474994702e-02
12	11	1	-3.7666100210e-02
12	12	1	-3.4768620683e-02
12	13	1	-3.5796516525e-02
12	14	1	-3.4782283414e-02
12	15	1	-3.4197376663e-02
12	16	1	-3.5454352461e-02
12	17	1	-3.8261439746e-02
12	18	1	-4.1082026825e-02
12	19	1	-3.5632462675e-02
12	20	1	-3.2327112914e-02
12	21	1	-3.6511722524e-02
12	22	1	-3.5224769114e-02
12	23	1	-3.8406856237e-02
12	24	1	-3.2517048538e-02
12	25	1	-3.1278483720e-02
12	26	1	-3.0971177620e-02
12	27	1	-3.4476479964e-02
12	28	1	-3.5999184082e-02
12	29	1	-3.6521199918e-02
12	30	1	-3.4242757375e-02
12	31	1	-3.7242405624e-02
12	32	1	-3.8490310887e-02
12	33	1	-3.7056078552e-02
12	34	1	-3.6593053608e-02
12	35	1	-3.6479923968e-02
12	36	1	-3.4162676393e-02
12	37	1	-3.2596790998e-02
12	38	1	-3.4596608171e-02
12	39	1	-3.7676506770e-02
12	40	1	-3.4966466072e-02
12	41	1	-3.5409201834e-02
12	42	1	-3.6229866628e-02
12	43	1	-3.4360606730e-02
12	44	1	-3.5484936407e-02
12	45	1	-3.1762359464e-02
12	46	1	-3.7118184305e-02
12	47	1	-3.6160141500e-02
12	48	1	-3.1256528204e-02
12	49	1	-3.3406780351e-02
12	50	1	-3.7695755737e-02
12	51	1	-3.7171546003e-02
12	52	1	-3.0998484051e-02
12	53	1	-3.6157914082e-02
12	54	1	-3.5758151384e-02
12	55	1	-3.1559333082e-02
12	56	1	-3.7583211521e-02
12	57	1	-3.2765774494e-02
12	58	1	-3.2446239103e-02
12	59	1	-3.6212223224e-02
12	60	1	-3.3679977199e-02
12	61	1	-3.4491920170e-02
12	62	1	-3.4927433540e-02
12	63	1	-3.8464530564e-02
12	64	1	-3.5996321910e-02
12	65	1	-3.8486393439e-02
12	66	1	-3.1641481447e-02
12	67	1	-3.7739276808e-02
12	68	1	-3.1661824358e-02
12	69	1	-3.2540604014e-02
12	70	1	-3.5060986438e-02
12	71	1	-3.4574697690e-02
12	72	1	-3.6310619768e-02
12	73	1	-3.3002326981e-02
12	74	1	-3.4045380822e-02
12	75	1	-3.5179482446e-02
12	76	1	-3.8506975749e-02
12	77	1	-3.6079993679e-02
12	78	1	-3.3784242506e-02
12	79	1	-3.7222081975e-02
12	80	1	-3.4083878863e-02
12	81	1	-3.5793955619e-02
12	82	1	-3.6872915230e-02
12	83	1	-3.3415790801e-02
12	84	1	-3.2574330145e-02
12	85	1	-3.3013313646e-02
12	86	1	-3.0512734582e-02
12	87	1	-3.6230793124e-02
12	88	1	-3.7933101787e-02
12	89	1	-3.7150476552e-02
12	90	1	-3.4868065671e-02
12	91	1	-3.0463848910e-02
12	92	1	-3.3868530099e-02
12	93	1	-3.7753179044e-02
12	94	1	-2.9687784292e-02
12	95	1	-3.3944521669e-02
12	96	1	-3.8208213040e-02
12	97	1	-3.6860019192e-02
12	98	1	-3.4929348109e-02
12	99	1	-3.7096444165e-02
12	100	1	-3.1523500818e-02
12	101	1	-3.4805873902e-02
12	102	1	-3.6779531093e-02
12	103	1	-3.4699933090e-02
12	104	1	-3.9136337819e-02
12	105	1	-3.8068374875e-02
12	106	1	-3.7269382071e-02
12	107	1	-3.3879399938e-02
12	108	1	-3.6599017965e-02
12	109	1	-2.9743903651e-02
12	110	1	-4.0160002923e-02
12	111	1	-3.3941929371e-02
12	112	1	-3.6333104772e-02
12	113	1	-3.7348644902e-02
12	114	1	-3.4241154062e-02
12	115	1	-3.2861660319e-02
12	116	1	-3.2828949106e-02
12	117	1	-3.3081847200e-02
12	118	1	-3.3535518730e-02
12	119	1	-3.4605998327e-02
12	120	1	-3.2666018495e-02
12	121	1	-3.6726722365e-02
12	122	1	-3.3868758515e-02
12	123	1	-3.7511344250e-02
12	124	1	-3.6121581719e-02
12	125	1	-3.2434337470e-02
12	126	1	-3.6223221297e-02
12	127	1	-3.8182016793e-02
12	128	1	-3.5715754630e-02
12	129	1	-3.1765118615e-02
12	130	1	-3.2962284532e-02
12	131	1	-4.1924161115e-02
12	132	1	-3.2931344096e-02
12	133	1	-3.4070015035e-02
12	134	1	-3.1786733216e-02
12	135	1	-3.4172974759e-02
12	136	1	-2.8440192839e-02
12	137	1	-3.3684143313e-02
12	138	1	-3.7982554918e-02
12	139	1	-3.7032899190e-02
12	140	1	-3.4232779619e-02
12	141	1	-3.3269018978e-02
12	142	1	-2.9042623546e-02
12	143	1	-3.5490903880e-02
12	144	1	-2.9665995404e-02
12	145	1	-3.4778508343e-02
12	146	1	-3.2549987498e-02
12	147	1	-4.1494719380e-02
12	148	1	-3.3946079995e-02
12	149	1	-3.0534396810e-02
12	150	1	-3.5311449072e-02
12	151	1	-3.0027624758e-02
12	152	1	-3.6124760019e-02
12	153	1	-3.5920255468e-02
12	154	1	-3.5727873305e-02
12	155	1	-3.4925675548e-02
12	156	1	-2.9488448426e-02
12	157	1	-3.2716961184e-02
12	158	1	-3.6639672083e-02
12	159	1	-3.1122341483e-02
12	160	1	-3.8901120128e-02
12	161	1	-3.3131279398e-02
12	162	1	-3.2370996189e-02
12	163	1	-3.3599747977e-02
12	164	1	-3.2384573255e-02
12	165	1	-3.0066013794e-02
12	166	1	-3.5191537333e-02
12	167	1	-3.4052322875e-02
12	168	1	-4.0707280793e-02
12	169	1	-3.1796228457e-02
12	170	1	-3.3731090237e-02
12	171	1	-3.2438247065e-02
12	172	1	-3.4810268766e-02
12	173	1	-3.7303349090e-02
12	174	1	-3.3833370431e-02
12	175	1	-3.7816811733e-02
12	176	1	-3.7657576629e-02
12	177	1	-3.6774951531e-02
12	178	1	-3.5171929328e-02
12	179	1	-3.7395882109e-02
12	180	1	-3.6831196426e-02
12	181	1	-3.6854791688e-02
12	182	1	-3.4249968320e-02
12	183	1	-3.4136180363e-02
12	184	1	-3.1592276627e-02
12	185	1	-3.7645385113e-02
12	186	1	-3.7503518824e-02
12	187	1	-2.9626166287e-02
12	188	1	-3.5031389224e-02
12	189	1	-3.5194028058e-02
12	190	1	-3.6283784068e-02
12	191	1	-3.2972058364e-02
12	192	1	-3.2115869084e-02
12	193	1	-3.5146743827e-02
12	194	1	-3.5962835953e-02
12	195	1	-3.4740588841e-02
12	196	1	-3.7395343092e-02
12	197	1	-3.5801686874e-02
12	198	1	-3.3463508756e-02
12	199	1	-3.1913958797e-02
13	0	1	-2.1776314531e-02
13	1	1	-2.3194248182e-02
13	2	1	-2.0441517689e-02
13	3	1	-2.3601529790e-02
13	4	1	-2.5456546583e-02
13	5	1	-2.5033571543e-02
13	6	1	-2.7850143772e-02
13	7	1	-2.3466975112e-02
13	8	1	-3.0811006791e-02
13	9	1	-2.5943509346e-02
13	10	1	-2.6546659555e-02
13	11	1	-2.9199385671e-02
13	12	1	-2.4865352232e-02
13	13	1	-2.5761558330e-02
13	14	1	-2.5862472576e-02
13	15	1	-2.3973052750e-02
13	16	1	-2.7390569734e-02
13	17	1	-2.8583462262e-02
13	18	1	-3.0744593445e-02
13	19	1	-2.6588043126e-02
13	20	1	-2.2457726908e-02
13	21	1	-2.7924791786e-02
13	22	1	-2.6009958473e-02
13	23	1	-2.9227280880e-02
13	24	1	-2.2031297704e-02
13	25	1	-2.3173869775e-02
13	26	1	-2.1767947025e-02
13	27	1	-2.4237941417e-02
13	28	1	-2.6455082563e-02
13	29	1	-2.7806437410e-02
13	30	1	-2.4815662455e-02
13	31	1	-2.7662945741e-02
13	32	1	-3.0382506784e-02
13	33	1	-2.6533146227e-02
13	34	1	-2.7713932084e-02
13	35	1	-2.7698272547e-02
13	36	1	-2.5515323273e-02
13	37	1	-2.4890563496e-02
13	38	1	-2.6747173005e-02
13	39	1	-2.9541743734e-02
13	40	1	-2.6731357534e-02
13	41	1	-2.4629384476e-02
13	42	1	-2.5727536967e-02
13	43	1	-2.5346484591e-02
13	44	1	-2.7884748505e-02
13	45	1	-2.3130253650e-02
13	46	1	-2.7986964650e-02
13	47	1	-2.7041016522e-02
13	48	1	-2.2463476233e-02
13	49	1	-2.4489357861e-02
13	50	1	-2.8576201716e-02
13	51	1	-2.6928506630e-02
13	52	1	-2.3379903198e-02
13	53	1	-2.8770334876e-02
13	54	1	-2.6040651109e-02
13	55	1	-2.1308330556e-02
13	56	1	-2.8766914778e-02
13	57	1	-2.3530557139e-02
13	58	1	-2.2670458589e-02
13	59	1	-2.5845142290e-02
13	60	1	-2.5728012553e-02
13	61	1	-2.4645689576e-02
13	62	1	-2.4309751577e-02
13	63	1	-3.0147846711e-02
13	64	1	-2.6383453960e-02
13	65	1	-2.9236122619e-02
13	66	1	-2.3077563992e-02
13	67	1	-2.9482602422e-02
13	68	1	-2.2094305606e-02
13	69	1	-2.3512870404e-02
13	70	1	-2.5540174292e-02
13	71	1	-2.6130804493e-02
13	72	1	-2.7216941016e-02
13	73	1	-2.2997884283e-02
13	74	1	-2.6842220476e-02
13	75	1	-2.4790098665e-02
13	76	1	-2.8653613417e-02
13	77	1	-2.7157389163e-02
13	78	1	-2.3557682515e-02
13	79	1	-2.6584914136e-02
13	80	1	-2.4402034530e-02
13	81	1	-2.6985021065e-02
13	82	1	-2.6767529513e-02
13	83	1	-2.4076902889e-02
13	84	1	-2.3478418795e-02
13	85	1	-2.2860321617e-02
13	86	1	-2.1135602761e-02
13	87	1	-2.8035504019e-02
13	88	1	-2.8027695410e-02
13	89	1	-2.8784043580e-02
13	90	1	-2.3484831514e-02
13	91	1	-2.2253693388e-02
13	92	1	-2.8008703977e-02
13	93	1	-2.6230276594e-02
13	94	1	-2.1270661969e-02
13	95	1	-2.3782768954e-02
13	96	1	-2.8812968075e-02
13	97	1	-2.7137710948e-02
13	98	1	-2.7258233243e-02
13	99	1	-2.8393505562e-02
13	100	1	-2.1410193406e-02
13	101	1	-2.5381149690e-02
13	102	1	-2.8212460336e-02
13	103	1	-2.7029908936e-02
13	104	1	-3.0348044285e-02
13	105	1	-2.7754081491e-02
13	106	1	-2.7913367618e-02
13	107	1	-2.3733621084e-02
13	108	1	-2.8497863431e-02
13	109	1	-2.1101377569e-02
13	110	1	-3.0338380894e-02
13	111	1	-2.6085143589e-02
13	112	1	-2.8401251769e-02
13	113	1	-2.8556395912e-02
13	114	1	-2.6900779073e-02
13	115	1	-2.4223646320e-02
13	116	1	-2.4075172909e-02
13	117	1	-2.4074186538e-02
13	118	1	-2.3440592755e-02
13	119	1	-2.6522167546e-02
13	120	1	-2.2526995955e-02
13	121	1	-2.5036438425e-02
13	122	1	-2.4802824432e-02
13	123	1	-2.9794160197e-02
13	124	1	-2.5776235773e-02
13	125	1	-2.4237353279e-02
13	126	1	-2.5753641527e-02
13	127	1	-2.8675666942e-02
13	128	1	-2.5185313476e-02
13	129	1	-2.2293191022e-02
13	130	1	-2.3155375851e-02
13	131	1	-3.3675660447e-02
13	132	1	-2.4326034482e-02
13	133	1	-2.6231839102e-02
13	134	1	-2.1151604188e-02
13	135	1	-2.4122932027e-02
13	136	1	-1.7784159358e-02
13	137	1	-2.4908238316e-02
13	138	1	-2.9913165708e-02
13	139	1	-2.6845865753e-02
13	140	1	-2.4966584290e-02
13	141	1	-2.3192145850e-02
13	142	1	-2.1080109809e-02
13	143	1	-2.5993723489e-02
13	144	1	-2.1005461546e-02
13	145	1	-2.5617000103e-02
13	146	1	-2.4773499808e-02
13	147	1	-3.3156546314e-02
13	148	1	-2.5585370447e-02
13	149	1	-2.1439967040e-02
13	150	1	-2.7687272501e-02
13	151	1	-1.9672429665e-02
13	152	1	-2.6765026225e-02
13	153	1	-2.8042924266e-02
13	154	1	-2.6767128375e-02
13	155	1	-2.5614266601e-02
13	156	1	-2.0065791474e-02
13	157	1	-2.3482705882e-02
13	158	1	-2.6717079609e-02
13	159	1	-2.1813126549e-02
13	160	1	-2.9691974302e-02
13	161	1	-2.4796476573e-02
13	162	1	-2.2708824214e-02
13	163	1	-2.3401457373e-02
13	164	1	-2.2181388113e-02
13	165	1	-2.0356010620e-02
13	166	1	-2.3878710908e-02
13	167	1	-2.3484841890e-02
13	168	1	-3.2439294431e-02
13	169	1	-2.2666798681e-02
13	170	1	-2.3898299539e-02
13	171	1	-2.4405053968e-02
13	172	1	-2.5931635315e-02
13	173	1	-2.9072486058e-02
13	174	1	-2.3586790395e-02
13	175	1	-3.0292152062e-02
13	176	1	-2.9941867734e-02
13	177	1	-2.8099453896e-02
13	178	1	-2.5541406737e-02
13	179	1	-2.7241281192e-02
13	180	1	-2.5531347939e-02
13	181	1	-2.8361246444e-02
13	182	1	-2.6607278484e-02
13	183	1	-2.6024477817e-02
13	184	1	-2.0598494769e-02
13	185	1	-2.7678632571e-02
13	186	1	-2.9077631690e-02
13	187	1	-2.2031023039e-02
13	188	1	-2.5994036893e-02
13	189	1	-2.6976891336e-02
13	190	1	-2.8231578295e-02
13	191	1	-2.3772008388e-02
13	192	1	-2.1410542399e-02
13	193	1	-2.4352059297e-02
13	194	1	-2.6202896452e-02
13	195	1	-2.6724852848e-02
13	196	1	-2.8518018142e-02
13	197	1	-2.6893729753e-02
13	198	1	-2.4665201458e-02
13	199	1	-2.2416865657e-02
14	0	1	-1.3465500072e-02
14	1	1	-1.5417866420e-02
14	2	1	-1.0449178092e-02
14	3	1	-1.3367187080e-02
14	4	1	-1.6810235768e-02
14	5	1	-1.5813573570e-02
14	6	1	-1.7810841518e-02
14	7	1	-1.5645676858e-02
14	8	1	-2.1791880167e-02
14	9	1	-1.7720721062e-02
14	10	1	-1.8055943500e-02
14	11	1	-2.0858945487e-02
14	12	1	-1.5256283964e-02
14	13	1	-1.6018877620e-02
14	14	1	-1.6910594808e-02
14	15	1	-1.4962362303e-02
14	16	1	-1.9250723063e-02
14	17	1	-1.9390663250e-02
14	18	1	-2.0151282685e-02
14	19	1	-1.7597962606e-02
14	20	1	-1.2896496925e-02
14	21	1	-1.9623517940e-02
14	22	1	-1.6823168650e-02
14	23	1	-2.0236734252e-02
14	24	1	-1.2033114201e-02
14	25	1	-1.5086208973e-02
14	26	1	-1.2989692250e-02
14	27	1	-1.4262086724e-02
14	28	1	-1.6519680928e-02
14	29	1	-1.9330391100e-02
14	30	1	-1.5369547249e-02
14	31	1	-1.8160977228e-02
14	32	1	-2.2400389466e-02
14	33	1	-1.6017537047e-02
14	34	1	-1.9013866560e-02
14	35	1	-1.9162330394e-02
14	36	1	-1.7003455572e-02
14	37	1	-1.8202358441e-02
14	38	1	-1.8871148565e-02
14	39	1	-2.1740585909e-02
14	40	1	-1.8613244670e-02
14	41	1	-1.4364347119e-02
14	42	1	-1.5465128224e-02
14	43	1	-1.6741546148e-02
14	44	1	-2.0219636794e-02
14	45	1	-1.4949550631e-02
14	46	1	-1.8948972360e-02
14	47	1	-1.7830236442e-02
14	48	1	-1.4066643393e-02
14	49	1	-1.6014660638e-02
14	50	1	-1.9455943562e-02
14	51	1	-1.7066854064e-02
14	52	1	-1.6203534545e-02
14	53	1	-2.1156349653e-02
14	54	1	-1.6698362600e-02
14	55	1	-1.1954904961e-02
14	56	1	-1.9378770329e-02
14	57	1	-1.4349181144e-02
14	58	1	-1.3820732041e-02
14	59	1	-1.6024163423e-02
14	60	1	-1.7749388275e-02
14	61	1	-1.5496046947e-02
14	62	1	-1.4241839753e-02
14	63	1	-2.1349423860e-02
14	64	1	-1.7483724586e-02
14	65	1	-1.9899900645e-02
14	66	1	-1.5077869686e-02
14	67	1	-2.0834939534e-02
14	68	1	-1.3454306562e-02
14	69	1	-1.5043756645e-02
14	70	1	-1.6140835766e-02
14	71	1	-1.7821234075e-02
14	72	1	-1.8153129846e-02
14	73	1	-1.2952592424e-02
14	74	1	-1.9817766301e-02
14	75	1	-1.4858137450e-02
14	76	1	-1.8847119380e-02
14	77	1	-1.7995567641e-02
14	78	1	-1.3376153969e-02
14	79	1	-1.6069833605e-02
14	80	1	-1.4618560585e-02
14	81	1	-1.8775033328e-02
14	82	1	-1.6770665885e-02
14	83	1	-1.5071568750e-02
14	84	1	-1.5005158344e-02
14	85	1	-1.3445050924e-02
14	86	1	-1.2547244074e-02
14	87	1	-2.0295164007e-02
14	88	1	-1.8574516779e-02
14	89	1	-2.0082686443e-02
14	90	1	-1.2732262680e-02
14	91	1	-1.4272519904e-02
14	92	1	-2.1617334664e-02
14	93	1	-1.4864522134e-02
14	94	1	-1.4022397805e-02
14	95	1	-1.4372768967e-02
14	96	1	-1.9336986058e-02
14	97	1	-1.7688545658e-02
14	98	1	-2.0003213570e-02
14	99	1	-1.9374216661e-02
14	100	1	-1.2430276176e-02
14	101	1	-1.5934496173e-02
14	102	1	-1.9521829408e-02
14	103	1	-1.9340844784e-02
14	104	1	-2.2051253845e-02
14	105	1	-1.7379388735e-02
14	106	1	-1.8143712548e-02
14	107	1	-1.4061077070e-02
14	108	1	-2.0743291712e-02
14	109	1	-1.3036220342e-02
14	110	1	-2.0416139370e-02
14	111	1	-1.8121067444e-02
14	112	1	-2.0156782487e-02
14	113	1	-1.9309631356e-02
14	114	1	-1.9364393943e-02
14	115	1	-1.5999564658e-02
14	116	1	-1.6080285454e-02
14	117	1	-1.5940358925e-02
14	118	1	-1.3316450434e-02
14	119	1	-1.8154747054e-02
14	120	1	-1.2790329473e-02
14	121	1	-1.4206397772e-02
14	122	1	-1.6793003255e-02
14	123	1	-2.1913207809e-02
14	124	1	-1.5945608860e-02
14	125	1	-1.6344246065e-02
14	126	1	-1.5784769062e-02
14	127	1	-1.9133441929e-02
14	128	1	-1.5358455490e-02
14	129	1	-1.4036645832e-02
14	130	1	-1.3836382403e-02
14	131	1	-2.4548811519e-02
14	132	1	-1.6078165188e-02
14	133	1	-1.8641213865e-02
14	134	1	-1.1189164094e-02
14	135	1	-1.4334401554e-02
14	136	1	-8.0471184454e-03
14	137	1	-1.6310866920e-02
14	138	1	-2.1747230904e-02
14	139	1	-1.6989884818e-02
14	140	1	-1.6279576349e-02
14	141	1	-1.3962762924e-02
14	142	1	-1.4080377309e-02
14	143	1	-1.6573750826e-02
14	144	1	-1.2384029474e-02
14	145	1	-1.6034088490e-02
14	146	1	-1.7700897045e-02
14	147	1	-2.4368530420e-02
14	148	1	-1.7740066232e-02
14	149	1	-1.2895588757e-02
14	150	1	-1.9615122506e-02
14	151	1	-1.1065814833e-02
14	152	1	-1.8053616129e-02
14	153	1	-1.9980297425e-02
14	154	1	-1.7588529230e-02
14	155	1	-1.6882618680e-02
14	156	1	-1.2139470043e-02
14	157	1	-1.4083863339e-02
14	158	1	-1.6693762196e-02
14	159	1	-1.2932335120e-02
14	160	1	-2.0213503922e-02
14	161	1	-1.6337319852e-02
14	162	1	-1.3387563959e-02
14	163	1	-1.3664725731e-02
14	164	1	-1.2785970690e-02
14	165	1	-1.1253750269e-02
14	166	1	-1.2911248812e-02
14	167	1	-1.3831159742e-02
14	168	1	-2.3955692405e-02
14	169	1	-1.3520984438e-02
14	170	1	-1.4629172449e-02
14	171	1	-1.6978476064e-02
14	172	1	-1.7329461871e-02
14	173	1	-2.0972448395e-02
14	174	1	-1.4144462030e-02
14	175	1	-2.2513362698e-02
14	176	1	-2.1466044787e-02
14	177	1	-1.9341552191e-02
14	178	1	-1.6363487278e-02
14	179	1	-1.7646027281e-02
14	180	1	-1.4598884041e-02
14	181	1	-2.0254585200e-02
14	182	1	-1.8865868379e-02
14	183	1	-1.7699643862e-02
14	184	1	-1.0511023217e-02
14	185	1	-1.8218580546e-02
14	186	1	-2.0066443677e-02
14	187	1	-1.5292157419e-02
14	188	1	-1.7313936828e-02
14	189	1	-1.8371278935e-02
14	190	1	-2.0655163221e-02
14	191	1	-1.5630496597e-02
14	192	1	-1.1967138956e-02
14	193	1	-1.3947937793e-02
14	194	1	-1.7112330398e-02
14	195	1	-1.9573682203e-02
14	196	1	-1.9870577184e-02
14	197	1	-1.8052809775e-02
14	198	1	-1.6333772575e-02
14	199	1	-1.3643835989e-02
15	0	1	-7.5001763278e-03
15	1	1	-9.2892263727e-03
15	2	1	-3.2224874296e-03
15	3	1	-5.4903632607e-03
15	4	1	-9.8504156194e-03
15	5	1	-8.3695300250e-03
15	6	1	-9.5711152157e-03
15	7	1	-9.8171115835e-03
15	8	1	-1.4427429556e-02
15	9	1	-1.1079698890e-02
15	10	1	-1.1515445210e-02
15	11	1	-1.4162038476e-02
15	12	1	-7.5517918863e-03
15	13	1	-8.1339749072e-03
15	14	1	-9.8231423049e-03
15	15	1	-8.2596577688e-03
15	16	1	-1.2568892579e-02
15	17	1	-1.2184727194e-02
15	18	1	-1.1768263560e-02
15	19	1	-9.9577107923e-03
15	20	1	-5.3529379128e-03
15	21	1	-1.2636651447e-02
15	22	1	-9.1198302524e-03
15	23	1	-1.2654319160e-02
15	24	1	-4.3143098824e-03
15	25	1	-8.6704667968e-03
15	26	1	-6.4056203795e-03
15	27	1	-6.2855973593e-03
15	28	1	-7.9265025212e-03
15	29	1	-1.2206811366e-02
15	30	1	-7.9991824236e-03
15	31	1	-1.0501543424e-02
15	32	1	-1.6129864004e-02
15	33	1	-7.7043391259e-03
15	34	1	-1.2253246629e-02
15	35	1	-1.2146748029e-02
15	36	1	-1.0225792350e-02
15	37	1	-1.3426015429e-02
15	38	1	-1.2420152768e-02
15	39	1	-1.5299209575e-02
15	40	1	-1.1645746484e-02
15	41	1	-6.5341651919e-03
15	42	1	-7.3171047815e-03
15	43	1	-9.6622955469e-03
15	44	1	-1.3718576859e-02
15	45	1	-8.9012979486e-03
15	46	1	-1.1872573747e-02
15	47	1	-1.0464684057e-02
15	48	1	-7.1862154309e-03
15	49	1	-9.4793373063e-03
15	50	1	-1.1714570834e-02
15	51	1	-9.3445105550e-03
15	52	1	-1.0836820070e-02
15	53	1	-1.4899206292e-02
15	54	1	-9.6603111568e-03
15	55	1	-5.1431431955e-03
15	56	1	-1.1575549860e-02
15	57	1	-6.6839711462e-03
15	58	1	-7.3428730504e-03
15	59	1	-8.3510357245e-03
15	60	1	-1.0918657168e-02
15	61	1	-8.8265654767e-03
15	62	1	-6.3532851384e-03
15	63	1	-1.3110291207e-02
15	64	1	-1.0453683170e-02
15	65	1	-1.2558100577e-02
15	66	1	-8.6677306394e-03
15	67	1	-1.3693016769e-02
15	68	1	-7.1933117092e-03
15	69	1	-8.5310725321e-03
15	70	1	-8.7299752477e-03
15	71	1	-1.0755666159e-02
15	72	1	-1.1207150336e-02
15	73	1	-4.7901630145e-03
15	74	1	-1.3962073713e-02
15	75	1	-7.1580256816e-03
15	76	1	-1.0872519962e-02
15	77	1	-1.0666246140e-02
15	78	1	-5.3631396398e-03
15	79	1	-7.3042200074e-03
15	80	1	-6.2836601736e-03
15	81	1	-1.2649210511e-02
15	82	1	-8.4393145902e-03
15	83	1	-8.3749541559e-03
15	84	1	-9.1556616897e-03
15	85	1	-6.5263221384e-03
15	86	1	-6.1255465386e-03
15	87	1	-1.4166935768e-02
15	88	1	-1.1178829341e-02
15	89	1	-1.2298182992e-02
15	90	1	-4.2299820074e-03
15	91	1	-7.8307410879e-03
15	92	1	-1.5505899966e-02
15	93	1	-5.8894438566e-03
15	94	1	-8.9540219179e-03
15	95	1	-7.1197180990e-03
15	96	1	-1.1310432710e-02
15	97	1	-1.0033887005e-02
15	98	1	-1.4406798810e-02
15	99	1	-1.1410407822e-02
15	100	1	-6.1902887049e-03
15	101	1	-8.6982440614e-03
15	102	1	-1.1738460205e-02
15	103	1	-1.2925206718e-02
15	104	1	-1.5248004720e-02
15	105	1	-8.6121421766e-03
15	106	1	-9.5078290007e-03
15	107	1	-6.6012407146e-03
15	108	1	-1.4770325598e-02
15	109	1	-7.2529852568e-03
15	110	1	-1.1808838428e-02
15	111	1	-1.1129933283e-02
15	112	1	-1.3395287689e-02
15	113	1	-1.1603457861e-02
15	114	1	-1.3250933671e-02
15	115	1	-9.7149127216e-03
15	116	1	-9.7217447908e-03
15	117	1	-1.0098574181e-02
15	118	1	-4.8177800366e-03
15	119	1	-1.1272863305e-02
15	120	1	-5.5914502183e-03
15	121	1	-6.0958440206e-03
15	122	1	-1.1211412869e-02
15	123	1	-1.4706497593e-02
15	124	1	-8.1272578861e-03
15	125	1	-9.8415617841e-03
15	126	1	-7.7777781479e-03
15	127	1	-1.1286176739e-02
15	128	1	-7.4757147695e-03
15	129	1	-8.4697501709e-03
15	130	1	-6.6848064482e-03
15	131	1	-1.6163843980e-02
15	132	1	-9.9839292837e-03
15	133	1	-1.2329847977e-02
15	134	1	-3.3964620391e-03
15	135	1	-6.5796953122e-03
15	136	1	-6.5690987414e-04
15	137	1	-9.2642718696e-03
15	138	1	-1.4779503133e-02
15	139	1	-9.2512740021e-03
15	140	1	-9.8047680773e-03
15	141	1	-7.4010640210e-03
15	142	1	-8.7998958519e-03
15	143	1	-9.0641385300e-03
15	144	1	-5.6727932072e-03
15	145	1	-8.1801220794e-03
15	146	1	-1.2506340421e-02
15	147	1	-1.6721082964e-02
15	148	1	-1.1784043043e-02
15	149	1	-6.4634461758e-03
15	150	1	-1.2375973400e-02
15	151	1	-4.9484770637e-03
15	152	1	-1.0687601842e-02
15	153	1	-1.3060466433e-02
15	154	1	-9.7472086062e-03
15	155	1	-1.0305073113e-02
15	156	1	-6.7653194301e-03
15	157	1	-6.4780814924e-03
15	158	1	-8.2667519306e-03
15	159	1	-6.1981916197e-03
15	160	1	-1.2938069107e-02
15	161	1	-9.0381432586e-03
15	162	1	-6.7290954370e-03
15	163	1	-6.4141068661e-03
15	164	1	-5.4351546146e-03
15	165	1	-4.3067966489e-03
15	166	1	-4.2878197806e-03
15	167	1	-6.8126043090e-03
15	168	1	-1.6538432479e-02
15	169	1	-6.1111740640e-03
15	170	1	-7.5020751547e-03
15	171	1	-1.1173484794e-02
15	172	1	-1.0144832111e-02
15	173	1	-1.4229295309e-02
15	174	1	-6.9047599236e-03
15	175	1	-1.5221608473e-02
15	176	1	-1.4232180694e-02
15	177	1	-1.2162058253e-02
15	178	1	-9.1697252210e-03
15	179	1	-1.0176061811e-02
15	180	1	-6.0087381437e-03
15	181	1	-1.3926424997e-02
15	182	1	-1.2047965831e-02
15	183	1	-1.0729249886e-02
15	184	1	-3.2014996933e-03
15	185	1	-1.0739535134e-02
15	186	1	-1.1730423867e-02
15	187	1	-1.0262618134e-02
15	188	1	-9.8576137652e-03
15	189	1	-1.0713096810e-02
15	190	1	-1.4262234975e-02
15	191	1	-9.9537351700e-03
15	192	1	-5.1767314103e-03
15	193	1	-5.6742351419e-03
15	194	1	-1.0169691558e-02
15	195	1	-1.4290822367e-02
15	196	1	-1.3101667327e-02
15	197	1	-1.0475466668e-02
15	198	1	-9.7371121602e-03
15	199	1	-7.1241181134e-03
16	0	1	-3.8244777631e-03
16	1	1	-5.0585775764e-03
16	2	1	1.0153789770e-03
16	3	1	-9.0648443200e-05
16	4	1	-4.8061686879e-03
16	5	1	-3.0561123029e-03
16	6	1	-3.6113222972e-03
16	7	1	-5.9137940028e-03
16	8	1	-9.0748993950e-03
16	9	1	-6.4081580547e-03
16	10	1	-7.2988672243e-03
16	11	1	-9.3432633189e-03
16	12	1	-2.3498725687e-03
16	13	1	-2.4678101136e-03
16	14	1	-4.9935037129e-03
16	15	1	-3.8874738527e-03
16	16	1	-7.9527343024e-03
16	17	1	-6.8539697724e-03
16	18	1	-6.5773656389e-03
16	19	1	-4.1858475045e-03
16	20	1	-6.6896004510e-04
16	21	1	-7.5577119591e-03
16	22	1	-3.5781430069e-03
16	23	1	-7.2229723827e-03
16	24	1	7.6668297613e-04
16	25	1	-4.1436392971e-03
16	26	1	-2.7099927453e-03
16	27	1	-7.1387199165e-04
16	28	1	-1.7633520962e-03
16	29	1	-6.8535450782e-03
16	30	1	-3.3444092253e-03
16	31	1	-5.1789263154e-03
16	32	1	-1.1403723221e-02
16	33	1	-2.2426907335e-03
16	34	1	-7.0407108980e-03
16	35	1	-6.6142746305e-03
16	36	1	-5.5140140446e-03
16	37	1	-9.1959682538e-03
16	38	1	-7.2610364995e-03
16	39	1	-9.8074888055e-03
16	40	1	-6.0886813206e-03
16	41	1	-8.9618453794e-04
16	42	1	-1.5928525468e-03
16	43	1	-4.4582477687e-03
16	44	1	-8.2081131197e-03
16	45	1	-5.1013192754e-03
16	46	1	-6.2334968168e-03
16	47	1	-5.0797697583e-03
16	48	1	-2.4450502468e-03
16	49	1	-5.1279049832e-03
16	50	1	-5.7239217563e-03
16	51	1	-4.5544449531e-03
16	52	1	-7.8724108630e-03
16	53	1	-1.0264363196e-02
16	54	1	-5.0626661907e-03
16	55	1	-9.6121773149e-04
16	56	1	-5.8044916675e-03
16	57	1	-1.1834408364e-03
16	58	1	-2.5906399507e-03
16	59	1	-3.2431214612e-03
16	60	1	-5.8327751856e-03
16	61	1	-4.7648331854e-03
16	62	1	-9.5051795612e-04
16	63	1	-6.5084479131e-03
16	64	1	-4.5746172236e-03
16	65	1	-7.7598419137e-03
16	66	1	-4.1073244617e-03
16	67	1	-8.8944099536e-03
16	68	1	-3.1642037239e-03
16	69	1	-4.0512065682e-03
16	70	1	-3.3365944426e-03
16	71	1	-5.1036820922e-03
16	72	1	-6.6173181724e-03
16	73	1	2.7258387758e-04
16	74	1	-8.8851815467e-03
16	75	1	-1.9869376756e-03
16	76	1	-5.1570382905e-03
16	77	1	-6.0881554471e-03
16	78	1	-6.4095761253e-04
16	79	1	-7.6808066457e-04
16	80	1	-1.3291424330e-04
16	81	1	-8.2681117731e-03
16	82	1	-2.0200491036e-03
16	83	1	-4.2174266456e-03
16	84	1	-6.2163743566e-03
16	85	1	-2.5080324171e-03
16	86	1	-2.1139424988e-03
16	87	1	-9.2901790851e-03
16	88	1	-6.2614208875e-03
16	89	1	-6.0712754104e-03
16	90	1	1.7509710326e-03
16	91	1	-3.2695603405e-03
16	92	1	-1.0678944101e-02
16	93	1	-3.7228395842e-04
16	94	1	-5.5967576702e-03
16	95	1	-2.4846882945e-03
16	96	1	-5.3319765946e-03
16	97	1	-5.0856708812e-03
16	98	1	-9.9477221386e-03
16	99	1	-5.4035565507e-03
16	100	1	-2.7060897785e-03
16	101	1	-3.8312995384e-03
16	102	1	-5.7075128245e-03
16	103	1	-7.8619923227e-03
16	104	1	-1.0120645949e-02
16	105	1	-1.8960732912e-03
16	106	1	-3.1278845991e-03
16	107	1	-1.7027530365e-03
16	108	1	-1.0720071063e-02
16	109	1	-3.2779550640e-03
16	110	1	-5.4843283678e-03
16	111	1	-6.3245248625e-03
16	112	1	-8.3451982753e-03
16	113	1	-6.3501840561e-03
16	114	1	-8.5796777123e-03
16	115	1	-5.7629928860e-03
16	116	1	-4.8892360711e-03
16	117	1	-6.6379006797e-03
16	118	1	6.1884971354e-04
16	119	1	-6.5327257842e-03
16	120	1	-1.6931382184e-03
16	121	1	-8.6368801664e-04
16	122	1	-7.2201862311e-03
16	123	1	-8.6311326974e-03
16	124	1	-3.1033329435e-03
16	125	1	-4.8189816649e-03
16	126	1	-2.1723029018e-03
16	127	1	-5.5704972351e-03
16	128	1	-1.5591618048e-03
16	129	1	-4.7203885934e-03
16	130	1	-2.3930454374e-03
16	131	1	-1.0108798125e-02
16	132	1	-5.8934734262e-03
16	133	1	-7.3572500516e-03
16	134	1	1.8961343061e-03
16	135	1	-1.9360736445e-03
16	136	1	3.9431278229e-03
16	137	1	-4.1219821647e-03
16	138	1	-8.8231613765e-03
16	139	1	-4.2387846182e-03
16	140	1	-5.4624230897e-03
16	141	1	-3.4483264812e-03
16	142	1	-4.9681596056e-03
16	143	1	-3.7114456084e-03
16	144	1	-1.3961760672e-03
16	145	1	-2.7646545890e-03
16	146	1	-8.5981920489e-03
16	147	1	-1.0496611761e-02
16	148	1	-8.0250447343e-03
16	149	1	-2.5010327911e-03
16	150	1	-6.9277480948e-03
16	151	1	-5.5298999730e-04
16	152	1	-4.7525945726e-03
16	153	1	-7.4871683713e-03
16	154	1	-4.1149866041e-03
16	155	1	-5.2394392558e-03
16	156	1	-3.1070787626e-03
16	157	1	-1.5789931686e-03
16	158	1	-2.8027826120e-03
16	159	1	-2.1920493232e-03
16	160	1	-8.7878978087e-03
16	161	1	-3.6342376136e-03
16	162	1	-3.0008357661e-03
16	163	1	-1.7000551761e-03
16	164	1	3.6933982620e-04
16	165	1	5.6120621083e-04
16	166	1	7.4853044239e-04
16	167	1	-2.3219655201e-03
16	168	1	-1.0534856992e-02
16	169	1	-1.3575541395e-03
16	170	1	-2.9023443611e-03
16	171	1	-6.9527604253e-03
16	172	1	-4.9597320772e-03
16	173	1	-8.8425604171e-03
16	174	1	-2.6477633263e-03
16	175	1	-8.4974369142e-03
16	176	1	-9.0364954491e-03
16	177	1	-6.8963271067e-03
16	178	1	-4.3419493517e-03
16	179	1	-5.1146794142e-03
16	180	1	-5.1931142905e-04
16	181	1	-9.0159323598e-03
16	182	1	-6.3428420194e-03
16	183	1	-5.9411749085e-03
16	184	1	1.3417634790e-03
16	185	1	-5.3011551354e-03
16	186	1	-5.1955487323e-03
16	187	1	-6.3669121573e-03
16	188	1	-4.0926387093e-03
16	189	1	-4.8541881793e-03
16	190	1	-9.2761420169e-03
16	191	1	-6.4226424308e-03
16	192	1	-1.1836525503e-03
16	193	1	-9.9749439128e-05
16	194	1	-5.3485350554e-03
16	195	1	-1.0196628423e-02
16	196	1	-8.4047801437e-03
16	197	1	-5.1987724179e-03
16	198	1	-5.2430250097e-03
16	199	1	-2.9859786749e-03
17	0	1	-1.6942260613e-03
17	1	1	-2.7745504704e-03
17	2	1	3.3511495949e-03
17	3	1	2.8705533430e-03
17	4	1	-2.1565444143e-03
17	5	1	5.7326554851e-04
17	6	1	3.1160439813e-04
17	7	1	-3.2499998610e-03
17	8	1	-5.7335668180e-03
17	9	1	-3.6246440782e-03
17	10	1	-4.4384296627e-03
17	11	1	-5.8818888757e-03
17	12	1	5.8916303606e-04
17	13	1	7.2187839045e-04
17	14	1	-1.7607086184e-03
17	15	1	-1.2843297928e-03
17	16	1	-5.1084495804e-03
17	17	1	-2.8387585741e-03
17	18	1	-3.7155449869e-03
17	19	1	-2.7426161420e-04
17	20	1	1.3727317242e-03
17	21	1	-4.4897716168e-03
17	22	1	-4.9855449984e-05
17	23	1	-3.3732039701e-03
17	24	1	3.4106555751e-03
17	25	1	-7.8473117325e-04
17	26	1	-1.5451117991e-03
17	27	1	2.5992499771e-03
17	28	1	1.9872153296e-03
17	29	1	-3.2234374062e-03
17	30	1	-1.2661301372e-03
17	31	1	-1.7306353148e-03
17	32	1	-7.7488716595e-03
17	33	1	1.0609634292e-03
17	34	1	-2.5839101553e-03
17	35	1	-2.5277127069e-03
17	36	1	-2.6105777776e-03
17	37	1	-4.9789979353e-03
17	38	1	-3.1652342300e-03
17	39	1	-5.5222589103e-03
17	40	1	-1.8126183834e-03
17	41	1	3.0477112635e-03
17	42	1	2.4829072935e-03
17	43	1	-1.3211551183e-03
17	44	1	-3.4807884068e-03
17	45	1	-2.5055934800e-03
17	46	1	-8.4678567147e-04
17	47	1	-9.0975090141e-04
17	48	1	-8.9919545213e-06
17	49	1	-2.4630786268e-03
17	50	1	-1.7374818927e-03
17	51	1	-2.1443099128e-03
17	52	1	-6.8038355510e-03
17	53	1	-6.7299483846e-03
17	54	1	-2.2457766982e-03
17	55	1	1.3595417695e-03
17	56	1	-1.8873581810e-03
17	57	1	2.1166265026e-03
17	58	1	1.3925625075e-03
17	59	1	-4.7900867754e-04
17	60	1	-2.7254543160e-03
17	61	1	-2.2101496865e-03
17	62	1	1.6236249166e-03
17	63	1	-2.2445693095e-03
17	64	1	1.1297368095e-04
17	65	1	-4.7272799772e-03
17	66	1	-1.2491056566e-03
17	67	1	-5.9741067588e-03
17	68	1	-7.9638412963e-04
17	69	1	-1.2850811992e-03
17	70	1	5.4860993111e-04
17	71	1	-8.4332345401e-04
17	72	1	-3.0343335035e-03
17	73	1	2.4758006333e-03
17	74	1	-4.4005402284e-03
17	75	1	1.0658522931e-03
17	76	1	-1.2288779609e-03
17	77	1	-3.6785640224e-03
17	78	1	1.0553002534e-03
17	79	1	3.5301022302e-03
17	80	1	3.7188953962e-03
17	81	1	-5.3059513137e-03
17	82	1	2.6464390497e-03
17	83	1	-1.5942494467e-03
17	84	1	-4.9047966692e-03
17	85	1	-4.6052569813e-04
17	86	1	3.2153906944e-06
17	87	1	-5.0233631472e-03
17	88	1	-3.4341745038e-03
17	89	1	-2.0303108077e-03
17	90	1	5.0889492005e-03
17	91	1	-3.9211797054e-04
17	92	1	-7.4307502858e-03
17	93	1	2.1834600720e-03
17	94	1	-3.3568652051e-03
17	95	1	-1.6585181741e-04
17	96	1	-1.6358866057e-03
17	97	1	-2.5395003936e-03
17	98	1	-6.1967605293e-03
17	99	1	-1.6795077221e-03
17	100	1	-8.7585411936e-04
17	101	1	-4.1667667879e-04
17	102	1	-1.5567771616e-03
17	103	1	-4.0335636322e-03
17	104	1	-6.9009122417e-03
17	105	1	2.6963207966e-03
17	106	1	5.5600368323e-04
17	107	1	9.8356907877e-04
17	108	1	-8.6316305941e-03
17	109	1	1.6361431932e-04
17	110	1	-1.3720544640e-03
17	111	1	-4.2506695858e-03
17	112	1	-4.5199041597e-03
17	113	1	-3.1442442196e-03
17	114	1	-4.7284655214e-03
17	115	1	-3.5646059275e-03
17	116	1	-1.6595080316e-03
17	117	1	-4.9310991566e-03
17	118	1	2.5614445021e-03
17	119	1	-3.9470695300e-03
17	120	1	3.4462778260e-04
17	121	1	2.1193728585e-03
17	122	1	-3.7736378611e-03
17	123	1	-4.0129053175e-03
17	124	1	-1.2810658964e-03
17	125	1	-1.7383475642e-03
17	126	1	9.7468755480e-04
17	127	1	-1.5925105294e-03
17	128	1	2.9249062492e-03
17	129	1	-2.0412653485e-03
17	130	1	2.3299807371e-04
17	131	1	-6.8622096244e-03
17	132	1	-3.1363624813e-03
17	133	1	-3.3592746401e-03
17	134	1	4.3710127192e-03
17	135	1	-7.1920783961e-04
17	136	1	5.6141515733e-03
17	137	1	-7.6616920024e-04
17	138	1	-3.9295599779e-03
17	139	1	-1.0752182303e-03
17	140	1	-2.5417544490e-03
17	141	1	-1.5839265088e-03
17	142	1	-2.7868074953e-03
17	143	1	-2.1675053100e-04
17	144	1	1.1004811276e-03
17	145	1	3.0876203221e-04
17	146	1	-5.3495576981e-03
17	147	1	-5.7762900310e-03
17	148	1	-5.9501987129e-03
17	149	1	-8.4568851026e-04
17	150	1	-3.2116927153e-03
17	151	1	2.5962498636e-03
17	152	1	-6.0320412273e-04
17	153	1	-3.5851536120e-03
17	154	1	-5.7715657344e-04
17	155	1	-1.1264807397e-03
17	156	1	-3.3280723188e-04
17	157	1	7.9729748429e-04
17	158	1	-6.2619484997e-04
17	159	1	-5.5764400178e-04
17	160	1	-6.7269042497e-03
17	161	1	-9.6106994461e-05
17	162	1	-1.4306402813e-03
17	163	1	1.5281659240e-03
17	164	1	4.4930384505e-03
17	165	1	3.4976449966e-03
17	166	1	2.5833782189e-03
17	167	1	8.3749860071e-04
17	168	1	-5.4342843971e-03
17	169	1	6.8643780609e-04
17	170	1	-8.0303412590e-05
17	171	1	-3.9868549441e-03
17	172	1	-1.9473360439e-03
17	173	1	-4.9483926601e-03
17	174	1	-1.5977510347e-03
17	175	1	-3.4521421808e-03
17	176	1	-5.4771567421e-03
17	177	1	-3.2941812615e-03
17	178	1	-1.6793437870e-03
17	179	1	-2.0898342911e-03
17	180	1	2.2191045225e-03
17	181	1	-4.6643960308e-03
17	182	1	-1.9503430137e-03
17	183	1	-3.1536951830e-03
17	184	1	3.9503565171e-03
17	185	1	-1.8183884719e-03
17	186	1	-7.3566630493e-04
17	187	1	-3.1449462098e-03
17	188	1	-6.1074374338e-04
17	189	1	-1.2546525521e-03
17	190	1	-5.8512571868e-03
17	191	1	-4.1374269149e-03
17	192	1	2.6162365567e-05
17	193	1	2.8991812173e-03
17	194	1	-2.1814626383e-03
17	195	1	-7.1023141913e-03
17	196	1	-6.0604223652e-03
17	197	1	-2.4066506981e-03
17	198	1	-2.5720116821e-03
17	199	1	-8.4951262626e-04
18	0	1	-6.0569454014e-04
18	1	1	-2.3151541214e-03
18	2	1	4.0459604054e-03
18	3	1	2.8461035051e-03
18	4	1	-2.1327004871e-03
18	5	1	1.8655416897e-03
18	6	1	2.1677633644e-03
18	7	1	-2.2118101852e-03
18	8	1	-4.7131048973e-03
18	9	1	-2.8865873144e-03
18	10	1	-2.8294717825e-03
18	11	1	-4.0081321293e-03
18	12	1	1.0181682666e-03
18	13	1	1.0371923689e-03
18	14	1	1.1784483561e-04
18	15	1	-2.7857224338e-04
18	16	1	-4.5580851293e-03
18	17	1	-6.9370093064e-04
18	18	1	-2.6824140908e-03
18	19	1	1.3867353623e-03
18	20	1	1.3106176336e-03
18	21	1	-3.4630119686e-03
18	22	1	1.2337769982e-03
18	23	1	-7.9471719910e-04
18	24	1	3.5514848930e-03
18	25	1	1.1438188847e-03
18	26	1	-2.4251277240e-03
18	27	1	3.5922664318e-03
18	28	1	3.4496101440e-03
18	29	1	-1.4745570772e-03
18	30	1	-1.7525882809e-03
18	31	1	-2.1226326623e-04
18	32	1	-5.7876122833e-03
18	33	1	2.2663445306e-03
18	34	1	-4.5748412075e-05
18	35	1	-5.0800308804e-04
18	36	1	-1.5704183675e-03
18	37	1	-2.0992593359e-03
18	38	1	-1.2007705208e-03
18	39	1	-3.8079884800e-03
18	40	1	5.0747718092e-04
18	41	1	4.6398304627e-03
18	42	1	4.5965599015e-03
18	43	1	-6.7347061006e-04
18	44	1	-3.6435381121e-04
18	45	1	-1.1831340226e-03
18	46	1	3.2854061304e-03
18	47	1	1.6802313993e-03
18	48	1	-4.4521823983e-05
18	49	1	-2.1466527072e-03
18	50	1	-3.3601958229e-04
18	51	1	-2.3178242357e-03
18	52	1	-6.7709437260e-03
18	53	1	-4.8887029444e-03
18	54	1	-1.3847447403e-03
18	55	1	1.4923679961e-03
18	56	1	-9.2002208573e-04
18	57	1	2.8952888901e-03
18	58	1	3.4469137101e-03
18	59	1	-3.8225859594e-04
18	60	1	-2.1933445388e-03
18	61	1	-1.0480722671e-03
18	62	1	7.5864020576e-04
18	63	1	-9.1579498498e-04
18	64	1	2.6216691590e-03
18	65	1	-3.4956989256e-03
18	66	1	-3.1921705508e-04
18	67	1	-4.4436033379e-03
18	68	1	-1.8034219219e-04
18	69	1	-6.2831281371e-04
18	70	1	2.2112406270e-03
18	71	1	1.3899665327e-03
18	72	1	-1.5375207422e-04
18	73	1	2.5112024510e-03
18	74	1	-1.4965260135e-03
18	75	1	1.7609670950e-03
18	76	1	9.8159133908e-04
18	77	1	-3.2863409698e-03
18	78	1	5.7174037415e-05
18	79	1	5.0572114803e-03
18	80	1	4.7489438551e-03
18	81	1	-4.3192928650e-03
18	82	1	4.5613308488e-03
18	83	1	-2.2856613016e-04
18	84	1	-4.6817631923e-03
18	85	1	3.8359925975e-04
18	86	1	-2.1586331804e-04
18	87	1	-2.3238245860e-03
18	88	1	-2.6051802120e-03
18	89	1	-1.1764270254e-03
18	90	1	4.4881900308e-03
18	91	1	4.9579133638e-04
18	92	1	-5.7957612514e-03
18	93	1	1.8581862525e-03
18	94	1	-2.4672600851e-03
18	95	1	-2.0335846504e-04
18	96	1	-1.3494391269e-03
18	97	1	-2.2073377626e-03
18	98	1	-4.0038924723e-03
18	99	1	-1.1153582196e-03
18	100	1	-5.7544919164e-04
18	101	1	1.2796828435e-03
18	102	1	5.6366810297e-04
18	103	1	-2.2141901097e-03
18	104	1	-6.3072429192e-03
18	105	1	4.0835479935e-03
18	106	1	1.2969260305e-03
18	107	1	1.5906123554e-03
18	108	1	-8.8761459619e-03
18	109	1	2.3408337644e-03
18	110	1	5.2052729852e-04
18	111	1	-5.1241310654e-03
18	112	1	-2.9472485068e-03
18	113	1	-1.9521156672e-03
18	114	1	-2.4648228337e-03
18	115	1	-3.1257861148e-03
18	116	1	-4.7957427699e-04
18	117	1	-4.9959059913e-03
18	118	1	9.8283887466e-04
18	119	1	-3.8149464407e-03
18	120	1	1.6055482893e-03
18	121	1	2.7746520602e-03
18	122	1	-1.1794728631e-03
18	123	1	-2.1592075691e-03
18	124	1	-2.9455708422e-03
18	125	1	-1.4754627166e-03
18	126	1	1.4812729288e-03
18	127	1	7.9295837415e-05
18	128	1	5.1869573809e-03
18	129	1	-6.3179991166e-04
18	130	1	1.9897883888e-03
18	131	1	-6.7151591566e-03
18	132	1	-2.4568449599e-03
18	133	1	-1.1062088055e-03
18	134	1	3.9635258118e-03
18	135	1	-2.5617992870e-03
18	136	1	4.6677394583e-03
18	137	1	6.4711293566e-04
18	138	1	-1.3334043967e-03
18	139	1	5.3557994133e-04
18	140	1	-1.6668087741e-03
18	141	1	-2.1413522316e-03
18	142	1	-3.0515495226e-03
18	143	1	9.8467610411e-04
18	144	1	2.4453911396e-03
18	145	1	6.4505220899e-04
18	146	1	-3.6769615158e-03
18	147	1	-3.7396620800e-03
18	148	1	-4.6685055395e-03
18	149	1	-1.1076292311e-03
18	150	1	-1.6412383287e-03
18	151	1	4.2384260007e-03
18	152	1	1.0681484856e-03
18	153	1	-2.1196659400e-03
18	154	1	7.8977806420e-04
18	155	1	4.8206354969e-04
18	156	1	6.8029360111e-04
18	157	1	9.6789640752e-04
18	158	1	-1.1316352608e-03
18	159	1	-6.5291966941e-04
18	160	1	-6.1196180436e-03
18	161	1	1.3672468560e-03
18	162	1	-2.3696240618e-03
18	163	1	2.9977878305e-03
18	164	1	5.5316925538e-03
18	165	1	3.8374077177e-03
18	166	1	2.0130551541e-03
18	167	1	1.9024575413e-03
18	168	1	-1.4747913968e-03
18	169	1	6.2572588170e-04
18	170	1	1.3252988253e-03
18	171	1	-2.4284804859e-03
18	172	1	-1.3450157842e-03
18	173	1	-3.4950704740e-03
18	174	1	-3.5436219571e-03
18	175	1	-1.8743831275e-03
18	176	1	-3.6952501142e-03
18	177	1	-2.2378967489e-03
18	178	1	-1.1066223142e-03
18	179	1	-1.3826724956e-03
18	180	1	2.2736430130e-03
18	181	1	-1.5359072718e-03
18	182	1	6.5812161747e-04
18	183	1	-2.0518850609e-03
18	184	1	4.2853535399e-03
18	185	1	-9.0919053087e-04
18	186	1	1.7131814803e-03
18	187	1	-1.0726282181e-03
18	188	1	-9.7535323863e-05
18	189	1	-5.9715741768e-04
18	190	1	-4.2117567501e-03
18	191	1	-3.2390304085e-03
18	192	1	-1.1378173596e-03
18	193	1	3.1137308194e-03
18	194	1	-9.4551864295e-04
18	195	1	-5.9208704826e-03
18	196	1	-6.7585649780e-03
18	197	1	-1.7809895160e-03
18	198	1	-1.8490356691e-03
18	199	1	-1.1640942965e-03
19	0	1	-1.6816731597e-04
19	1	1	-2.4473684199e-03
19	2	1	2.9001300879e-03
19	3	1	2.3099976924e-05
19	4	1	-3.8700281680e-03
19	5	1	1.4198076176e-03
19	6	1	2.4637047521e-03
19	7	1	-2.5425253639e-03
19	8	1	-4.8497923286e-03
19	9	1	-3.2539026375e-03
19	10	1	-2.9274650165e-03
19	11	1	-3.5058062924e-03
19	12	1	-6.8348387219e-04
19	13	1	-2.8744433817e-04
19	14	1	3.1859294943e-04
19	15	1	-6.2194382593e-04
19	16	1	-5.5870527388e-03
19	17	1	-2.3941413303e-04
19	18	1	-3.1256444203e-03
19	19	1	1.2155637197e-03
19	20	1	4.8246141197e-04
19	21	1	-3.3632856097e-03
19	22	1	1.1707640854e-03
19	23	1	6.4653576171e-04
19	24	1	1.6019574877e-03
19	25	1	1.3464023187e-03
19	26	1	-4.4172064396e-03
19	27	1	2.5907991471e-03
19	28	1	3.1525048597e-03
19	29	1	-9.9882678290e-04
19	30	1	-4.0263257530e-03
19	31	1	-1.0088271208e-04
19	32	1	-5.0055556334e-03
19	33	1	1.2941437002e-03
19	34	1	-1.1990969611e-04
19	35	1	-2.3810563329e-05
19	36	1	-1.9453521098e-03
19	37	1	-1.0800478021e-03
19	38	1	-1.1091499766e-03
19	39	1	-3.9688805542e-03
19	40	1	9.8987169994e-04
19	41	1	3.8537090315e-03
19	42	1	4.3322877334e-03
19	43	1	-1.7177357463e-03
19	44	1	1.2249091575e-03
19	45	1	-1.3304076633e-03
19	46	1	4.9496036899e-03
19	47	1	2.3022627339e-03
19	48	1	-1.8095946023e-03
19	49	1	-3.7980487899e-03
19	50	1	-6.1538814360e-04
19	51	1	-4.2676402391e-03
19	52	1	-6.5770197045e-03
19	53	1	-4.4602455489e-03
19	54	1	-2.3350087935e-03
19	55	1	-2.3366482056e-04
19	56	1	-2.7925259583e-03
19	57	1	2.1153792759e-03
19	58	1	3.0246786394e-03
19	59	1	-1.8480933144e-03
19	60	1	-3.8534431730e-03
19	61	1	-1.1502599511e-03
19	62	1	-2.2701379136e-03
19	63	1	-1.6608220435e-03
19	64	1	2.8681819619e-03
19	65	1	-4.0210831338e-03
19	66	1	-1.3559404052e-03
19	67	1	-3.7814534405e-03
19	68	1	-6.6842442626e-04
19	69	1	-1.2376431306e-03
19	70	1	1.6053058468e-03
19	71	1	1.9098296233e-03
19	72	1	1.3012754685e-03
19	73	1	1.1450224829e-03
19	74	1	-2.3518402528e-04
19	75	1	6.3541559827e-04
19	76	1	1.3036171344e-03
19	77	1	-4.2847062169e-03
19	78	1	-2.2749418892e-03
19	79	1	4.1884127084e-03
19	80	1	3.6018185703e-03
19	81	1	-4.9184854178e-03
19	82	1	3.5859592296e-03
19	83	1	-3.4762761292e-04
19	84	1	-4.9700808928e-03
19	85	1	4.1634320306e-04
19	86	1	-2.1883639001e-03
19	87	1	-1.4994733690e-03
19	88	1	-3.2319270884e-03
19	89	1	-2.5576416766e-03
19	90	1	8.9394821847e-04
19	91	1	-5.7123098217e-04
19	92	1	-4.9776145333e-03
19	93	1	-8.7611220394e-04
19	94	1	-2.8122046617e-03
19	95	1	-1.4638653806e-03
19	96	1	-3.0730619999e-03
19	97	1	-3.2472873198e-03
19	98	1	-3.4452356187e-03
19	99	1	-2.8154909809e-03
19	100	1	-1.7856299466e-03
19	101	1	6.3753788438e-04
19	102	1	1.2031560754e-03
19	103	1	-2.2202655784e-03
19	104	1	-7.1864739537e-03
19	105	1	2.4281199142e-03
19	106	1	2.6003517164e-04
19	107	1	5.0990058051e-04
19	108	1	-1.0193102172e-02
19	109	1	2.3313908591e-03
19	110	1	6.9968443597e-04
19	111	1	-7.8963158579e-03
19	112	1	-3.3827443966e-03
19	113	1	-2.3205579762e-03
19	114	1	-2.1030038162e-03
19	115	1	-3.6561917184e-03
19	116	1	-5.0914351200e-04
19	117	1	-6.4117641736e-03
19	118	1	-2.5275964616e-03
19	119	1	-5.0460393990e-03
19	120	1	2.3651204386e-03
19	121	1	1.2711767695e-03
19	122	1	2.6720502661e-04
19	123	1	-2.5196245137e-03
19	124	1	-6.4735115182e-03
19	125	1	-2.9145661258e-03
19	126	1	1.4207722839e-04
19	127	1	-3.0338317994e-04
19	128	1	4.9307453011e-03
19	129	1	-2.6221811287e-04
19	130	1	2.9450810896e-03
19	131	1	-8.3457114822e-03
19	132	1	-3.8615743286e-03
19	133	1	-8.9879866932e-04
19	134	1	2.3571162876e-03
19	135	1	-5.0341699133e-03
19	136	1	2.2850862015e-03
19	137	1	2.0556386426e-04
19	138	1	-9.4117876032e-04
19	139	1	3.4876808591e-04
19	140	1	-2.6160479662e-03
19	141	1	-4.7761487260e-03
19	142	1	-4.4608237410e-03
19	143	1	1.8884080755e-04
19	144	1	2.7446646716e-03
19	145	1	-4.7874183204e-04
19	146	1	-3.4248991292e-03
19	147	1	-3.2231292714e-03
19	148	1	-3.3723552512e-03
19	149	1	-2.7394755660e-03
19	150	1	-1.7693805144e-03
19	151	1	4.8482153499e-03
19	152	1	1.2383963394e-03
19	153	1	-2.4644585657e-03
19	154	1	3.1056593612e-04
19	155	1	-1.8070564304e-04
19	156	1	-3.4911419050e-04
19	157	1	-5.2008960652e-04
19	158	1	-3.0989838936e-03
19	159	1	-1.0936084465e-03
19	160	1	-6.3352396254e-03
19	161	1	1.1510467567e-03
19	162	1	-5.3582592691e-03
19	163	1	2.5223268525e-03
19	164	1	3.5804085770e-03
19	165	1	2.1128505036e-03
19	166	1	4.0221126519e-05
19	167	1	3.9278142309e-04
19	168	1	1.3056435517e-04
19	169	1	-3.2794955512e-04
19	170	1	1.1794191036e-03
19	171	1	-2.0267479706e-03
19	172	1	-2.2799101827e-03
19	173	1	-3.9661636691e-03
19	174	1	-6.4751200568e-03
19	175	1	-2.9671804063e-03
19	176	1	-3.5540918960e-03
19	177	1	-3.6038928575e-03
19	178	1	-1.6450165504e-03
19	179	1	-2.5587432950e-03
19	180	1	9.4507402582e-04
19	181	1	-3.1027354236e-04
19	182	1	1.8103238589e-03
19	183	1	-2.4521205598e-03
19	184	1	2.9136882846e-03
19	185	1	-2.1672576850e-03
19	186	1	3.0310176927e-03
19	187	1	2.2715501694e-04
19	188	1	-1.0697076061e-03
19	189	1	-2.1825062082e-03
19	190	1	-3.7048645311e-03
19	191	1	-3.2284319852e-03
19	192	1	-3.6354963430e-03
19	193	1	5.6616637316e-04
19	194	1	-1.3283175459e-03
19	195	1	-6.2849722704e-03
19	196	1	-9.5864924655e-03
19	197	1	-2.7540234788e-03
19	198	1	-2.5369103181e-03
19	199	1	-3.3185596476e-03
20	0	1	4.0025223649e-06
20	1	1	-2.0870906002e-03
20	2	1	1.2488551555e-03
20	3	1	-2.9680081903e-03
20	4	1	-5.2661696645e-03
20	5	1	3.5907864093e-04
20	6	1	1.9071295049e-03
20	7	1	-3.0008823236e-03
20	8	1	-4.8462108716e-03
20	9	1	-3.3594192387e-03
20	10	1	-3.4162319917e-03
20	11	1	-3.5132276524e-03
20	12	1	-2.4233805350e-03
20	13	1	-1.6400312181e-03
20	14	1	-2.6655229372e-04
20	15	1	-7.3127622200e-04
20	16	1	-6.2791370417e-03
20	17	1	-8.8703179655e-05
20	18	1	-3.8087574842e-03
20	19	1	4.5901055046e-04
20	20	1	-1.7180092296e-04
20	21	1	-2.8235415145e-03
20	22	1	9.9430439987e-04
20	23	1	1.5298661474e-03
20	24	1	-9.6989740613e-04
20	25	1	8.3724092231e-04
20	26	1	-5.9085428541e-03
20	27	1	1.0235431489e-03
20	28	1	2.1225580802e-03
20	29	1	-1.0862600527e-03
20	30	1	-5.8244695863e-03
20	31	1	-9.6658932203e-05
20	32	1	-3.8197349929e-03
20	33	1	-3.9526661810e-04
20	34	1	-1.1580327979e-03
20	35	1	3.9747289672e-05
20	36	1	-2.3905698954e-03
20	37	1	-5.2816277628e-04
20	38	1	-1.4227230374e-03
20	39	1	-3.8719453548e-03
20	40	1	1.2083009967e-03
20	41	1	2.0203223045e-03
20	42	1	2.7536442486e-03
20	43	1	-2.2771689218e-03
20	44	1	2.1520720542e-03
20	45	1	-1.5752296338e-03
20	46	1	4.9325696139e-03
20	47	1	1.9215070943e-03
20	48	1	-3.0619357914e-03
20	49	1	-5.5044959743e-03
20	50	1	-1.1642579521e-03
20	51	1	-5.4596607584e-03
20	52	1	-5.8305973902e-03
20	53	1	-4.0623505326e-03
20	54	1	-3.1198098630e-03
20	55	1	-1.4774353877e-03
20	56	1	-4.9193356572e-03
20	57	1	1.2690625888e-03
20	58	1	2.0822181852e-03
20	59	1	-3.2447616818e-03
20	60	1	-5.2077225714e-03
20	61	1	-1.3765676571e-03
20	62	1	-4.9628092917e-03
20	63	1	-2.2495378094e-03
20	64	1	2.1009622784e-03
20	65	1	-4.4832450909e-03
20	66	1	-2.4223140057e-03
20	67	1	-3.0841232776e-03
20	68	1	-1.0870779109e-03
20	69	1	-1.2911539159e-03
20	70	1	3.7216209816e-04
20	71	1	2.1599496446e-03
20	72	1	2.0100884810e-03
20	73	1	-5.6526143504e-04
20	74	1	6.6474134039e-04
20	75	1	-6.8610924423e-04
20	76	1	5.8882361503e-04
20	77	1	-4.6857503939e-03
20	78	1	-4.1537528594e-03
20	79	1	2.4078543507e-03
20	80	1	2.0668514411e-03
20	81	1	-5.4817634219e-03
20	82	1	1.5176658424e-03
20	83	1	-7.5677735228e-04
20	84	1	-4.5907884298e-03
20	85	1	5.8927219545e-05
20	86	1	-3.8292645225e-03
20	87	1	-1.3987946745e-03
20	88	1	-3.6661829097e-03
20	89	1	-3.8530205916e-03
20	90	1	-2.3156077219e-03
20	91	1	-1.7062449127e-03
20	92	1	-3.9437673328e-03
20	93	1	-3.9922769728e-03
20	94	1	-3.4127097095e-03
20	95	1	-2.0865665494e-03
20	96	1	-3.9847441338e-03
20	97	1	-3.9361738824e-03
20	98	1	-3.2249570802e-03
20	99	1	-4.1001355390e-03
20	100	1	-3.0829713020e-03
20	101	1	-7.6103878715e-04
20	102	1	1.4903123881e-03
20	103	1	-2.5886783807e-03
20	104	1	-7.1091940628e-03
20	105	1	-1.1231210317e-04
20	106	1	-1.2479521565e-03
20	107	1	-1.1609259374e-03
20	108	1	-1.0730569090e-02
20	109	1	1.6900617452e-03
20	110	1	6.9446011506e-04
20	111	1	-9.8803431797e-03
20	112	1	-3.4701034053e-03
20	113	1	-2.9425459058e-03
20	114	1	-1.9539103230e-03
20	115	1	-3.9057493876e-03
20	116	1	-4.6238498615e-04
20	117	1	-7.4811066092e-03
20	118	1	-5.4724050650e-03
20	119	1	-5.8951219778e-03
20	120	1	3.3369674395e-03
20	121	1	-9.7607017723e-04
20	122	1	1.1823628289e-03
20	123	1	-2.7658220611e-03
20	124	1	-9.1230870517e-03
20	125	1	-4.0021555569e-03
20	126	1	-1.6788554184e-03
20	127	1	-1.0496496759e-03
20	128	1	3.6262426054e-03
20	129	1	-1.9688277277e-04
20	130	1	3.3859171479e-03
20	131	1	-9.6470632459e-03
20	132	1	-5.3359254564e-03
20	133	1	-1.1917654425e-03
20	134	1	1.0198423904e-03
20	135	1	-6.5542921962e-03
20	136	1	-8.4859656930e-05
20	137	1	-9.7052182659e-04
20	138	1	-1.1701050576e-03
20	139	1	-3.4839384455e-04
20	140	1	-3.4657928964e-03
20	141	1	-7.3269610237e-03
20	142	1	-4.9703761519e-03
20	143	1	-1.1724132195e-03
20	144	1	2.4633586382e-03
20	145	1	-1.5456887921e-03
20	146	1	-2.6457314398e-03
20	147	1	-2.6043841942e-03
20	148	1	-1.9994707357e-03
20	149	1	-4.0725534497e-03
20	150	1	-2.1327309410e-03
20	151	1	5.0517236499e-03
20	152	1	1.4863307645e-03
20	153	1	-3.2407217175e-03
20	154	1	-1.5102296149e-04
20	155	1	-7.3309516646e-04
20	156	1	-1.3982548735e-03
20	157	1	-2.2013415845e-03
20	158	1	-4.7823935980e-03
20	159	1	-1.3318129329e-03
20	160	1	-6.1918802999e-03
20	161	1	6.7974876942e-04
20	162	1	-8.1331724565e-03
20	163	1	1.5114994811e-03
20	164	1	1.0345182401e-03
20	165	1	1.0757110148e-04
20	166	1	-1.4598950336e-03
20	167	1	-1.3831184066e-03
20	168	1	-8.4072159421e-05
20	169	1	-1.4402613251e-03
20	170	1	2.8992741727e-04
20	171	1	-1.9819916269e-03
20	172	1	-2.7105696646e-03
20	173	1	-4.7538272913e-03
20	174	1	-8.2173236915e-03
20	175	1	-4.1555812601e-03
20	176	1	-3.9069195104e-03
20	177	1	-5.1623045581e-03
20	178	1	-1.9608439161e-03
20	179	1	-3.5739389457e-03
20	180	1	-1.1228314605e-04
20	181	1	2.7639455663e-04
20	182	1	1.8979349286e-03
20	183	1	-3.2066782044e-03
20	184	1	1.5192235830e-03
20	185	1	-3.4752416314e-03
20	186	1	3.6505497512e-03
20	187	1	1.2650936842e-03
20	188	1	-1.4777721661e-03
20	189	1	-3.7213768280e-03
20	190	1	-3.4462597723e-03
20	191	1	-2.9667899113e-03
20	192	1	-5.7880347494e-03
20	193	1	-2.9864343806e-03
20	194	1	-2.1608205248e-03
20	195	1	-6.0582543417e-03
20	196	1	-1.1575931489e-02
20	197	1	-4.0617261415e-03
20	198	1	-3.0236059927e-03
20	199	1	-5.2273522140e-03
