normalization_mode mode3
title l64c64a076_m140_fit_pz5
gm T5
eta eta0
pz 5
bT 0
component real
nstates 2
normalization_sample_domain complex
input_fit_table /Users/xiang/Desktop/codes/lat-hadron-analysis-DA/examples/l64c64a076_m140/analysis/2-bm/results_fit_nst2/l64c64a076_m140_fit_pz5/tables/l64c64a076_m140_fit_pz5_T5_eta0_bT0_real_2state_fit.txt
input_sample_table /Users/xiang/Desktop/codes/lat-hadron-analysis-DA/examples/l64c64a076_m140/analysis/2-bm/results_fit_nst2/l64c64a076_m140_fit_pz5/samples/l64c64a076_m140_fit_pz5_T5_eta0_bT0_real_2state_samples.txt
reference_same_pz_bT0_bz0 l64c64a076_m140_fit_pz5 T5 eta0 pz=5 bT=0 bz=0
reference_pz0_same_bT_bz0 l64c64a076_m140_fit_pz0 T5 eta0 pz=0 bT=0 bz=0
reference_pz0_bT0_bz0 l64c64a076_m140_fit_pz0 T5 eta0 pz=0 bT=0 bz=0
bz	sample_id	success	m0
0	0	1	1.0000000000e+00
0	1	1	1.0000000000e+00
0	2	1	1.0000000000e+00
0	3	1	1.0000000000e+00
0	4	1	1.0000000000e+00
0	5	1	1.0000000000e+00
0	6	1	1.0000000000e+00
0	7	1	1.0000000000e+00
0	8	1	1.0000000000e+00
0	9	1	1.0000000000e+00
0	10	1	1.0000000000e+00
0	11	1	1.0000000000e+00
0	12	1	1.0000000000e+00
0	13	1	1.0000000000e+00
0	14	1	1.0000000000e+00
0	15	1	1.0000000000e+00
0	16	1	1.0000000000e+00
0	17	1	1.0000000000e+00
0	18	1	1.0000000000e+00
0	19	1	1.0000000000e+00
0	20	1	1.0000000000e+00
0	21	1	1.0000000000e+00
0	22	1	1.0000000000e+00
0	23	1	1.0000000000e+00
0	24	1	1.0000000000e+00
0	25	1	1.0000000000e+00
0	26	1	1.0000000000e+00
0	27	1	1.0000000000e+00
0	28	1	1.0000000000e+00
0	29	1	1.0000000000e+00
0	30	1	1.0000000000e+00
0	31	1	1.0000000000e+00
0	32	1	1.0000000000e+00
0	33	1	1.0000000000e+00
0	34	1	1.0000000000e+00
0	35	1	1.0000000000e+00
0	36	1	1.0000000000e+00
0	37	1	1.0000000000e+00
0	38	1	1.0000000000e+00
0	39	1	1.0000000000e+00
0	40	1	1.0000000000e+00
0	41	1	1.0000000000e+00
0	42	1	1.0000000000e+00
0	43	1	1.0000000000e+00
0	44	1	1.0000000000e+00
0	45	1	1.0000000000e+00
0	46	1	1.0000000000e+00
0	47	1	1.0000000000e+00
0	48	1	1.0000000000e+00
0	49	1	1.0000000000e+00
0	50	1	1.0000000000e+00
0	51	1	1.0000000000e+00
0	52	1	1.0000000000e+00
0	53	1	1.0000000000e+00
0	54	1	1.0000000000e+00
0	55	1	1.0000000000e+00
0	56	1	1.0000000000e+00
0	57	1	1.0000000000e+00
0	58	1	1.0000000000e+00
0	59	1	1.0000000000e+00
0	60	1	1.0000000000e+00
0	61	1	1.0000000000e+00
0	62	1	1.0000000000e+00
0	63	1	1.0000000000e+00
0	64	1	1.0000000000e+00
0	65	1	1.0000000000e+00
0	66	1	1.0000000000e+00
0	67	1	1.0000000000e+00
0	68	1	1.0000000000e+00
0	69	1	1.0000000000e+00
0	70	1	1.0000000000e+00
0	71	1	1.0000000000e+00
0	72	1	1.0000000000e+00
0	73	1	1.0000000000e+00
0	74	1	1.0000000000e+00
0	75	1	1.0000000000e+00
0	76	1	1.0000000000e+00
0	77	1	1.0000000000e+00
0	78	1	1.0000000000e+00
0	79	1	1.0000000000e+00
0	80	1	1.0000000000e+00
0	81	1	1.0000000000e+00
0	82	1	1.0000000000e+00
0	83	1	1.0000000000e+00
0	84	1	1.0000000000e+00
0	85	1	1.0000000000e+00
0	86	1	1.0000000000e+00
0	87	1	1.0000000000e+00
0	88	1	1.0000000000e+00
0	89	1	1.0000000000e+00
0	90	1	1.0000000000e+00
0	91	1	1.0000000000e+00
0	92	1	1.0000000000e+00
0	93	1	1.0000000000e+00
0	94	1	1.0000000000e+00
0	95	1	1.0000000000e+00
0	96	1	1.0000000000e+00
0	97	1	1.0000000000e+00
0	98	1	1.0000000000e+00
0	99	1	1.0000000000e+00
0	100	1	1.0000000000e+00
0	101	1	1.0000000000e+00
0	102	1	1.0000000000e+00
0	103	1	1.0000000000e+00
0	104	1	1.0000000000e+00
0	105	1	1.0000000000e+00
0	106	1	1.0000000000e+00
0	107	1	1.0000000000e+00
0	108	1	1.0000000000e+00
0	109	1	1.0000000000e+00
0	110	1	1.0000000000e+00
0	111	1	1.0000000000e+00
0	112	1	1.0000000000e+00
0	113	1	1.0000000000e+00
0	114	1	1.0000000000e+00
0	115	1	1.0000000000e+00
0	116	1	1.0000000000e+00
0	117	1	1.0000000000e+00
0	118	1	1.0000000000e+00
0	119	1	1.0000000000e+00
0	120	1	1.0000000000e+00
0	121	1	1.0000000000e+00
0	122	1	1.0000000000e+00
0	123	1	1.0000000000e+00
0	124	1	1.0000000000e+00
0	125	1	1.0000000000e+00
0	126	1	1.0000000000e+00
0	127	1	1.0000000000e+00
0	128	1	1.0000000000e+00
0	129	1	1.0000000000e+00
0	130	1	1.0000000000e+00
0	131	1	1.0000000000e+00
0	132	1	1.0000000000e+00
0	133	1	1.0000000000e+00
0	134	1	1.0000000000e+00
0	135	1	1.0000000000e+00
0	136	1	1.0000000000e+00
0	137	1	1.0000000000e+00
0	138	1	1.0000000000e+00
0	139	1	1.0000000000e+00
0	140	1	1.0000000000e+00
0	141	1	1.0000000000e+00
0	142	1	1.0000000000e+00
0	143	1	1.0000000000e+00
0	144	1	1.0000000000e+00
0	145	1	1.0000000000e+00
0	146	1	1.0000000000e+00
0	147	1	1.0000000000e+00
0	148	1	1.0000000000e+00
0	149	1	1.0000000000e+00
0	150	1	1.0000000000e+00
0	151	1	1.0000000000e+00
0	152	1	1.0000000000e+00
0	153	1	1.0000000000e+00
0	154	1	1.0000000000e+00
0	155	1	1.0000000000e+00
0	156	1	1.0000000000e+00
0	157	1	1.0000000000e+00
0	158	1	1.0000000000e+00
0	159	1	1.0000000000e+00
0	160	1	1.0000000000e+00
0	161	1	1.0000000000e+00
0	162	1	1.0000000000e+00
0	163	1	1.0000000000e+00
0	164	1	1.0000000000e+00
0	165	1	1.0000000000e+00
0	166	1	1.0000000000e+00
0	167	1	1.0000000000e+00
0	168	1	1.0000000000e+00
0	169	1	1.0000000000e+00
0	170	1	1.0000000000e+00
0	171	1	1.0000000000e+00
0	172	1	1.0000000000e+00
0	173	1	1.0000000000e+00
0	174	1	1.0000000000e+00
0	175	1	1.0000000000e+00
0	176	1	1.0000000000e+00
0	177	1	1.0000000000e+00
0	178	1	1.0000000000e+00
0	179	1	1.0000000000e+00
0	180	1	1.0000000000e+00
0	181	1	1.0000000000e+00
0	182	1	1.0000000000e+00
0	183	1	1.0000000000e+00
0	184	1	1.0000000000e+00
0	185	1	1.0000000000e+00
0	186	1	1.0000000000e+00
0	187	1	1.0000000000e+00
0	188	1	1.0000000000e+00
0	189	1	1.0000000000e+00
0	190	1	1.0000000000e+00
0	191	1	1.0000000000e+00
0	192	1	1.0000000000e+00
0	193	1	1.0000000000e+00
0	194	1	1.0000000000e+00
0	195	1	1.0000000000e+00
0	196	1	1.0000000000e+00
0	197	1	1.0000000000e+00
0	198	1	1.0000000000e+00
0	199	1	1.0000000000e+00
1	0	1	9.3688417880e-01
1	1	1	9.3684974654e-01
1	2	1	9.3630409682e-01
1	3	1	9.3696286272e-01
1	4	1	9.3653200664e-01
1	5	1	9.3683572003e-01
1	6	1	9.3700766441e-01
1	7	1	9.3676615361e-01
1	8	1	9.3705328116e-01
1	9	1	9.3649254022e-01
1	10	1	9.3650843060e-01
1	11	1	9.3696992620e-01
1	12	1	9.3667137844e-01
1	13	1	9.3645244012e-01
1	14	1	9.3662733028e-01
1	15	1	9.3707196134e-01
1	16	1	9.3669675489e-01
1	17	1	9.3642832585e-01
1	18	1	9.3657915873e-01
1	19	1	9.3663219587e-01
1	20	1	9.3692696712e-01
1	21	1	9.3670178882e-01
1	22	1	9.3653532232e-01
1	23	1	9.3677241718e-01
1	24	1	9.3674207359e-01
1	25	1	9.3679289999e-01
1	26	1	9.3627043970e-01
1	27	1	9.3665427927e-01
1	28	1	9.3631334601e-01
1	29	1	9.3684390104e-01
1	30	1	9.3613773607e-01
1	31	1	9.3699405498e-01
1	32	1	9.3689325476e-01
1	33	1	9.3670143148e-01
1	34	1	9.3667007216e-01
1	35	1	9.3636360040e-01
1	36	1	9.3641937251e-01
1	37	1	9.3621710112e-01
1	38	1	9.3701597469e-01
1	39	1	9.3650009827e-01
1	40	1	9.3630491467e-01
1	41	1	9.3717041047e-01
1	42	1	9.3638034937e-01
1	43	1	9.3664511838e-01
1	44	1	9.3638070726e-01
1	45	1	9.3722712573e-01
1	46	1	9.3682600187e-01
1	47	1	9.3692891292e-01
1	48	1	9.3677255625e-01
1	49	1	9.3673929755e-01
1	50	1	9.3668061470e-01
1	51	1	9.3681333502e-01
1	52	1	9.3697608660e-01
1	53	1	9.3653342650e-01
1	54	1	9.3651830443e-01
1	55	1	9.3676626025e-01
1	56	1	9.3674607704e-01
1	57	1	9.3629134402e-01
1	58	1	9.3663057686e-01
1	59	1	9.3672872550e-01
1	60	1	9.3653037259e-01
1	61	1	9.3674933787e-01
1	62	1	9.3663829036e-01
1	63	1	9.3672514704e-01
1	64	1	9.3710990768e-01
1	65	1	9.3656386507e-01
1	66	1	9.3653434613e-01
1	67	1	9.3655756139e-01
1	68	1	9.3646564960e-01
1	69	1	9.3666436622e-01
1	70	1	9.3633776293e-01
1	71	1	9.3689925841e-01
1	72	1	9.3676240852e-01
1	73	1	9.3672465492e-01
1	74	1	9.3657801457e-01
1	75	1	9.3661346491e-01
1	76	1	9.3701035426e-01
1	77	1	9.3641047102e-01
1	78	1	9.3702998213e-01
1	79	1	9.3692780648e-01
1	80	1	9.3693116811e-01
1	81	1	9.3665273248e-01
1	82	1	9.3634112478e-01
1	83	1	9.3651430545e-01
1	84	1	9.3712095984e-01
1	85	1	9.3641531069e-01
1	86	1	9.3676142021e-01
1	87	1	9.3697767933e-01
1	88	1	9.3701812745e-01
1	89	1	9.3667275672e-01
1	90	1	9.3639427856e-01
1	91	1	9.3663410788e-01
1	92	1	9.3659850591e-01
1	93	1	9.3638468747e-01
1	94	1	9.3696174893e-01
1	95	1	9.3670438440e-01
1	96	1	9.3700342955e-01
1	97	1	9.3662833060e-01
1	98	1	9.3681154387e-01
1	99	1	9.3634801842e-01
1	100	1	9.3637777159e-01
1	101	1	9.3669162698e-01
1	102	1	9.3671281735e-01
1	103	1	9.3643377409e-01
1	104	1	9.3731387225e-01
1	105	1	9.3671810805e-01
1	106	1	9.3670061607e-01
1	107	1	9.3646448797e-01
1	108	1	9.3695685308e-01
1	109	1	9.3716550210e-01
1	110	1	9.3684062392e-01
1	111	1	9.3654817562e-01
1	112	1	9.3664235156e-01
1	113	1	9.3667529609e-01
1	114	1	9.3678979380e-01
1	115	1	9.3656670782e-01
1	116	1	9.3688565612e-01
1	117	1	9.3708353878e-01
1	118	1	9.3698174297e-01
1	119	1	9.3681810935e-01
1	120	1	9.3686596708e-01
1	121	1	9.3641083763e-01
1	122	1	9.3693502629e-01
1	123	1	9.3625655489e-01
1	124	1	9.3672643893e-01
1	125	1	9.3665926096e-01
1	126	1	9.3664534416e-01
1	127	1	9.3655336398e-01
1	128	1	9.3668117214e-01
1	129	1	9.3716221290e-01
1	130	1	9.3634364621e-01
1	131	1	9.3641493492e-01
1	132	1	9.3678047663e-01
1	133	1	9.3713355868e-01
1	134	1	9.3646530885e-01
1	135	1	9.3722795842e-01
1	136	1	9.3660779478e-01
1	137	1	9.3651139792e-01
1	138	1	9.3684929807e-01
1	139	1	9.3663003660e-01
1	140	1	9.3688350669e-01
1	141	1	9.3731926797e-01
1	142	1	9.3687888151e-01
1	143	1	9.3689348103e-01
1	144	1	9.3668044910e-01
1	145	1	9.3667477988e-01
1	146	1	9.3677084288e-01
1	147	1	9.3664525456e-01
1	148	1	9.3675114646e-01
1	149	1	9.3666260521e-01
1	150	1	9.3676588040e-01
1	151	1	9.3684808005e-01
1	152	1	9.3688013805e-01
1	153	1	9.3646312037e-01
1	154	1	9.3648282080e-01
1	155	1	9.3663603839e-01
1	156	1	9.3622272458e-01
1	157	1	9.3669378219e-01
1	158	1	9.3655110048e-01
1	159	1	9.3656770498e-01
1	160	1	9.3678995748e-01
1	161	1	9.3675863764e-01
1	162	1	9.3634350601e-01
1	163	1	9.3641624094e-01
1	164	1	9.3690130784e-01
1	165	1	9.3691044397e-01
1	166	1	9.3703101984e-01
1	167	1	9.3628333216e-01
1	168	1	9.3666515356e-01
1	169	1	9.3679381119e-01
1	170	1	9.3685929296e-01
1	171	1	9.3664485225e-01
1	172	1	9.3659901199e-01
1	173	1	9.3706789637e-01
1	174	1	9.3671444255e-01
1	175	1	9.3677631008e-01
1	176	1	9.3643752202e-01
1	177	1	9.3640803633e-01
1	178	1	9.3675801319e-01
1	179	1	9.3674563107e-01
1	180	1	9.3648133085e-01
1	181	1	9.3665045355e-01
1	182	1	9.3716890619e-01
1	183	1	9.3623239168e-01
1	184	1	9.3667141047e-01
1	185	1	9.3656817695e-01
1	186	1	9.3607831771e-01
1	187	1	9.3690805698e-01
1	188	1	9.3692144636e-01
1	189	1	9.3644602139e-01
1	190	1	9.3685167799e-01
1	191	1	9.3664958951e-01
1	192	1	9.3701240472e-01
1	193	1	9.3644799221e-01
1	194	1	9.3691777307e-01
1	195	1	9.3667380226e-01
1	196	1	9.3699354235e-01
1	197	1	9.3677921163e-01
1	198	1	9.3647483462e-01
1	199	1	9.3628868064e-01
2	0	1	8.1866598261e-01
2	1	1	8.1876642667e-01
2	2	1	8.1674113419e-01
2	3	1	8.1855880186e-01
2	4	1	8.1745329418e-01
2	5	1	8.1867846641e-01
2	6	1	8.1885436063e-01
2	7	1	8.1831797895e-01
2	8	1	8.1931868534e-01
2	9	1	8.1736319702e-01
2	10	1	8.1738444385e-01
2	11	1	8.1889415388e-01
2	12	1	8.1801613063e-01
2	13	1	8.1760121673e-01
2	14	1	8.1792151670e-01
2	15	1	8.1902617463e-01
2	16	1	8.1806461160e-01
2	17	1	8.1717610408e-01
2	18	1	8.1783668062e-01
2	19	1	8.1780545513e-01
2	20	1	8.1879241745e-01
2	21	1	8.1789358772e-01
2	22	1	8.1746343275e-01
2	23	1	8.1825028159e-01
2	24	1	8.1813125436e-01
2	25	1	8.1854453869e-01
2	26	1	8.1679489075e-01
2	27	1	8.1778199661e-01
2	28	1	8.1686119591e-01
2	29	1	8.1833578212e-01
2	30	1	8.1632488424e-01
2	31	1	8.1895014972e-01
2	32	1	8.1872843786e-01
2	33	1	8.1805145544e-01
2	34	1	8.1806668182e-01
2	35	1	8.1701613420e-01
2	36	1	8.1715567356e-01
2	37	1	8.1668188472e-01
2	38	1	8.1906460953e-01
2	39	1	8.1753226847e-01
2	40	1	8.1658876654e-01
2	41	1	8.1946984265e-01
2	42	1	8.1700202830e-01
2	43	1	8.1785579475e-01
2	44	1	8.1713843256e-01
2	45	1	8.1960690382e-01
2	46	1	8.1860547964e-01
2	47	1	8.1839147080e-01
2	48	1	8.1795321341e-01
2	49	1	8.1821920694e-01
2	50	1	8.1807972066e-01
2	51	1	8.1810817214e-01
2	52	1	8.1896624071e-01
2	53	1	8.1762151835e-01
2	54	1	8.1746959367e-01
2	55	1	8.1794847012e-01
2	56	1	8.1818115199e-01
2	57	1	8.1697963333e-01
2	58	1	8.1798910441e-01
2	59	1	8.1805557347e-01
2	60	1	8.1752121276e-01
2	61	1	8.1811413763e-01
2	62	1	8.1797280973e-01
2	63	1	8.1824890871e-01
2	64	1	8.1928926521e-01
2	65	1	8.1751843221e-01
2	66	1	8.1754734537e-01
2	67	1	8.1778807376e-01
2	68	1	8.1744003956e-01
2	69	1	8.1802291547e-01
2	70	1	8.1693278203e-01
2	71	1	8.1850887853e-01
2	72	1	8.1809083855e-01
2	73	1	8.1827272425e-01
2	74	1	8.1780039864e-01
2	75	1	8.1775291279e-01
2	76	1	8.1879594776e-01
2	77	1	8.1716789439e-01
2	78	1	8.1910806995e-01
2	79	1	8.1875589609e-01
2	80	1	8.1872620665e-01
2	81	1	8.1791337116e-01
2	82	1	8.1697278788e-01
2	83	1	8.1734161231e-01
2	84	1	8.1918706131e-01
2	85	1	8.1718142191e-01
2	86	1	8.1842552436e-01
2	87	1	8.1885060191e-01
2	88	1	8.1907223831e-01
2	89	1	8.1811278207e-01
2	90	1	8.1702353911e-01
2	91	1	8.1770996660e-01
2	92	1	8.1777169014e-01
2	93	1	8.1712054358e-01
2	94	1	8.1876858046e-01
2	95	1	8.1797995526e-01
2	96	1	8.1893324569e-01
2	97	1	8.1782617808e-01
2	98	1	8.1837729528e-01
2	99	1	8.1676654998e-01
2	100	1	8.1714002510e-01
2	101	1	8.1811368788e-01
2	102	1	8.1821667974e-01
2	103	1	8.1743089260e-01
2	104	1	8.1973623327e-01
2	105	1	8.1815509409e-01
2	106	1	8.1790275380e-01
2	107	1	8.1741236614e-01
2	108	1	8.1885022814e-01
2	109	1	8.1938507222e-01
2	110	1	8.1859459523e-01
2	111	1	8.1766262644e-01
2	112	1	8.1805449236e-01
2	113	1	8.1821548953e-01
2	114	1	8.1823997118e-01
2	115	1	8.1772636748e-01
2	116	1	8.1849637455e-01
2	117	1	8.1921629528e-01
2	118	1	8.1894469957e-01
2	119	1	8.1834131709e-01
2	120	1	8.1833196590e-01
2	121	1	8.1705975765e-01
2	122	1	8.1880079128e-01
2	123	1	8.1669133715e-01
2	124	1	8.1821906860e-01
2	125	1	8.1807317866e-01
2	126	1	8.1802750660e-01
2	127	1	8.1758852538e-01
2	128	1	8.1786392337e-01
2	129	1	8.1926567586e-01
2	130	1	8.1681722968e-01
2	131	1	8.1740377515e-01
2	132	1	8.1842482024e-01
2	133	1	8.1913282032e-01
2	134	1	8.1737552356e-01
2	135	1	8.1977770359e-01
2	136	1	8.1765041005e-01
2	137	1	8.1768710327e-01
2	138	1	8.1854045813e-01
2	139	1	8.1771668827e-01
2	140	1	8.1840922268e-01
2	141	1	8.1984505960e-01
2	142	1	8.1865914028e-01
2	143	1	8.1873943617e-01
2	144	1	8.1784513147e-01
2	145	1	8.1802714950e-01
2	146	1	8.1808723563e-01
2	147	1	8.1789737150e-01
2	148	1	8.1820592508e-01
2	149	1	8.1777923480e-01
2	150	1	8.1790836376e-01
2	151	1	8.1827481332e-01
2	152	1	8.1874346749e-01
2	153	1	8.1740494062e-01
2	154	1	8.1727782366e-01
2	155	1	8.1792473649e-01
2	156	1	8.1652531528e-01
2	157	1	8.1815313985e-01
2	158	1	8.1769688957e-01
2	159	1	8.1781160523e-01
2	160	1	8.1843067162e-01
2	161	1	8.1824895722e-01
2	162	1	8.1704265822e-01
2	163	1	8.1721754148e-01
2	164	1	8.1862269294e-01
2	165	1	8.1852049742e-01
2	166	1	8.1870530791e-01
2	167	1	8.1662557814e-01
2	168	1	8.1799842574e-01
2	169	1	8.1851241363e-01
2	170	1	8.1848720772e-01
2	171	1	8.1804414981e-01
2	172	1	8.1770168636e-01
2	173	1	8.1935354203e-01
2	174	1	8.1828419345e-01
2	175	1	8.1826932635e-01
2	176	1	8.1754881553e-01
2	177	1	8.1704737260e-01
2	178	1	8.1827186126e-01
2	179	1	8.1792830013e-01
2	180	1	8.1720294537e-01
2	181	1	8.1768441618e-01
2	182	1	8.1957866094e-01
2	183	1	8.1658050814e-01
2	184	1	8.1785311056e-01
2	185	1	8.1762736917e-01
2	186	1	8.1615536730e-01
2	187	1	8.1867025661e-01
2	188	1	8.1876036902e-01
2	189	1	8.1726633427e-01
2	190	1	8.1842473931e-01
2	191	1	8.1794961061e-01
2	192	1	8.1889209575e-01
2	193	1	8.1704664199e-01
2	194	1	8.1860016564e-01
2	195	1	8.1818954059e-01
2	196	1	8.1893816676e-01
2	197	1	8.1824118011e-01
2	198	1	8.1741470457e-01
2	199	1	8.1669731569e-01
3	0	1	6.9048077910e-01
3	1	1	6.9105636116e-01
3	2	1	6.8692725306e-01
3	3	1	6.8999341494e-01
3	4	1	6.8821829779e-01
3	5	1	6.9083964227e-01
3	6	1	6.9027092865e-01
3	7	1	6.8999878725e-01
3	8	1	6.9158319947e-01
3	9	1	6.8826877343e-01
3	10	1	6.8808865503e-01
3	11	1	6.9069884327e-01
3	12	1	6.8947161581e-01
3	13	1	6.8905606355e-01
3	14	1	6.8929930153e-01
3	15	1	6.9068334499e-01
3	16	1	6.8953332494e-01
3	17	1	6.8778142151e-01
3	18	1	6.8924949432e-01
3	19	1	6.8879195953e-01
3	20	1	6.9064466567e-01
3	21	1	6.8868188235e-01
3	22	1	6.8814265032e-01
3	23	1	6.8952398639e-01
3	24	1	6.8944642535e-01
3	25	1	6.9062343363e-01
3	26	1	6.8736438226e-01
3	27	1	6.8878327277e-01
3	28	1	6.8745593514e-01
3	29	1	6.8957245545e-01
3	30	1	6.8660471339e-01
3	31	1	6.9093771771e-01
3	32	1	6.9048889682e-01
3	33	1	6.8944721978e-01
3	34	1	6.8961484366e-01
3	35	1	6.8762414006e-01
3	36	1	6.8769507809e-01
3	37	1	6.8720303805e-01
3	38	1	6.9103961609e-01
3	39	1	6.8882585263e-01
3	40	1	6.8653838085e-01
3	41	1	6.9166311739e-01
3	42	1	6.8751975717e-01
3	43	1	6.8886355348e-01
3	44	1	6.8777612974e-01
3	45	1	6.9174180346e-01
3	46	1	6.9059843728e-01
3	47	1	6.8946463384e-01
3	48	1	6.8880534761e-01
3	49	1	6.8965447031e-01
3	50	1	6.8963042127e-01
3	51	1	6.8899711758e-01
3	52	1	6.9086614498e-01
3	53	1	6.8873481411e-01
3	54	1	6.8846208539e-01
3	55	1	6.8881976750e-01
3	56	1	6.8956748212e-01
3	57	1	6.8790248120e-01
3	58	1	6.8962416331e-01
3	59	1	6.8949948617e-01
3	60	1	6.8829214068e-01
3	61	1	6.8934845438e-01
3	62	1	6.8962460470e-01
3	63	1	6.8988134027e-01
3	64	1	6.9144592175e-01
3	65	1	6.8847475993e-01
3	66	1	6.8851834062e-01
3	67	1	6.8937052450e-01
3	68	1	6.8851556312e-01
3	69	1	6.8924393163e-01
3	70	1	6.8755612659e-01
3	71	1	6.8996763736e-01
3	72	1	6.8920097968e-01
3	73	1	6.9008589078e-01
3	74	1	6.8903813700e-01
3	75	1	6.8890022121e-01
3	76	1	6.9040975129e-01
3	77	1	6.8789275284e-01
3	78	1	6.9135405717e-01
3	79	1	6.9070190738e-01
3	80	1	6.9065239608e-01
3	81	1	6.8911027056e-01
3	82	1	6.8753899924e-01
3	83	1	6.8811879992e-01
3	84	1	6.9110180731e-01
3	85	1	6.8788450461e-01
3	86	1	6.9048469165e-01
3	87	1	6.9042100746e-01
3	88	1	6.9105988325e-01
3	89	1	6.8966222549e-01
3	90	1	6.8765538228e-01
3	91	1	6.8853845344e-01
3	92	1	6.8900461296e-01
3	93	1	6.8778137951e-01
3	94	1	6.9025291383e-01
3	95	1	6.8905818497e-01
3	96	1	6.9072264317e-01
3	97	1	6.8891146672e-01
3	98	1	6.8984502250e-01
3	99	1	6.8689471348e-01
3	100	1	6.8806537524e-01
3	101	1	6.8981396742e-01
3	102	1	6.8978264749e-01
3	103	1	6.8864724905e-01
3	104	1	6.9191785847e-01
3	105	1	6.8968511835e-01
3	106	1	6.8893847703e-01
3	107	1	6.8854123510e-01
3	108	1	6.9071480317e-01
3	109	1	6.9164127467e-01
3	110	1	6.9045302158e-01
3	111	1	6.8885855652e-01
3	112	1	6.8974041862e-01
3	113	1	6.8997151956e-01
3	114	1	6.8956780775e-01
3	115	1	6.8878476412e-01
3	116	1	6.8974547058e-01
3	117	1	6.9111886902e-01
3	118	1	6.9114684516e-01
3	119	1	6.8985484551e-01
3	120	1	6.8952113623e-01
3	121	1	6.8748299190e-01
3	122	1	6.9058005983e-01
3	123	1	6.8705848884e-01
3	124	1	6.8975411933e-01
3	125	1	6.8949549404e-01
3	126	1	6.8937845077e-01
3	127	1	6.8868331990e-01
3	128	1	6.8890671337e-01
3	129	1	6.9112394801e-01
3	130	1	6.8700170250e-01
3	131	1	6.8862154073e-01
3	132	1	6.9009607912e-01
3	133	1	6.9076055886e-01
3	134	1	6.8834253129e-01
3	135	1	6.9233114072e-01
3	136	1	6.8851545887e-01
3	137	1	6.8893673406e-01
3	138	1	6.9024293165e-01
3	139	1	6.8859570176e-01
3	140	1	6.8964566889e-01
3	141	1	6.9205516579e-01
3	142	1	6.9038061150e-01
3	143	1	6.9051996972e-01
3	144	1	6.8863851627e-01
3	145	1	6.8951141138e-01
3	146	1	6.8933455521e-01
3	147	1	6.8927578009e-01
3	148	1	6.8965906161e-01
3	149	1	6.8880496701e-01
3	150	1	6.8858087162e-01
3	151	1	6.8940840558e-01
3	152	1	6.9046222590e-01
3	153	1	6.8825156815e-01
3	154	1	6.8790510649e-01
3	155	1	6.8925263650e-01
3	156	1	6.8665008034e-01
3	157	1	6.8978325335e-01
3	158	1	6.8899632283e-01
3	159	1	6.8900865976e-01
3	160	1	6.9023775804e-01
3	161	1	6.8973179056e-01
3	162	1	6.8794990660e-01
3	163	1	6.8809097871e-01
3	164	1	6.9035625105e-01
3	165	1	6.9002545596e-01
3	166	1	6.8995081945e-01
3	167	1	6.8680055277e-01
3	168	1	6.8934599393e-01
3	169	1	6.9038227691e-01
3	170	1	6.8990899008e-01
3	171	1	6.8960188749e-01
3	172	1	6.8870256500e-01
3	173	1	6.9166443944e-01
3	174	1	6.9008082064e-01
3	175	1	6.8961493376e-01
3	176	1	6.8895638323e-01
3	177	1	6.8754728825e-01
3	178	1	6.8972075765e-01
3	179	1	6.8878251007e-01
3	180	1	6.8785818235e-01
3	181	1	6.8834190739e-01
3	182	1	6.9197675867e-01
3	183	1	6.8686806935e-01
3	184	1	6.8886986639e-01
3	185	1	6.8845889950e-01
3	186	1	6.8608647813e-01
3	187	1	6.9019914979e-01
3	188	1	6.9049826670e-01
3	189	1	6.8817839086e-01
3	190	1	6.8967554068e-01
3	191	1	6.8934657530e-01
3	192	1	6.9034274182e-01
3	193	1	6.8727383749e-01
3	194	1	6.9019490127e-01
3	195	1	6.8997648811e-01
3	196	1	6.9097841426e-01
3	197	1	6.8944464915e-01
3	198	1	6.8826646959e-01
3	199	1	6.8696060954e-01
4	0	1	5.6461665891e-01
4	1	1	5.6592792761e-01
4	2	1	5.5964597231e-01
4	3	1	5.6385111404e-01
4	4	1	5.6148678930e-01
4	5	1	5.6573015450e-01
4	6	1	5.6367474648e-01
4	7	1	5.6413446813e-01
4	8	1	5.6581934705e-01
4	9	1	5.6187972868e-01
4	10	1	5.6119727807e-01
4	11	1	5.6454707194e-01
4	12	1	5.6347272134e-01
4	13	1	5.6304731064e-01
4	14	1	5.6321921591e-01
4	15	1	5.6450057212e-01
4	16	1	5.6368560162e-01
4	17	1	5.6070718379e-01
4	18	1	5.6299067525e-01
4	19	1	5.6210886462e-01
4	20	1	5.6480299294e-01
4	21	1	5.6164896837e-01
4	22	1	5.6127950022e-01
4	23	1	5.6300255729e-01
4	24	1	5.6316717703e-01
4	25	1	5.6530802371e-01
4	26	1	5.6067583061e-01
4	27	1	5.6239028093e-01
4	28	1	5.6058781049e-01
4	29	1	5.6318658584e-01
4	30	1	5.5970397949e-01
4	31	1	5.6531956549e-01
4	32	1	5.6451560584e-01
4	33	1	5.6313159094e-01
4	34	1	5.6372482786e-01
4	35	1	5.6074144558e-01
4	36	1	5.6048883211e-01
4	37	1	5.6048421414e-01
4	38	1	5.6523154919e-01
4	39	1	5.6310618634e-01
4	40	1	5.5900733895e-01
4	41	1	5.6601283593e-01
4	42	1	5.6044178412e-01
4	43	1	5.6225143614e-01
4	44	1	5.6090901032e-01
4	45	1	5.6586889839e-01
4	46	1	5.6496857660e-01
4	47	1	5.6300818795e-01
4	48	1	5.6227107512e-01
4	49	1	5.6352784928e-01
4	50	1	5.6383807194e-01
4	51	1	5.6242757996e-01
4	52	1	5.6494053237e-01
4	53	1	5.6235625522e-01
4	54	1	5.6210445276e-01
4	55	1	5.6209390813e-01
4	56	1	5.6360776112e-01
4	57	1	5.6153377728e-01
4	58	1	5.6390506966e-01
4	59	1	5.6357484495e-01
4	60	1	5.6148179161e-01
4	61	1	5.6293270704e-01
4	62	1	5.6408655781e-01
4	63	1	5.6400542863e-01
4	64	1	5.6603969611e-01
4	65	1	5.6203844515e-01
4	66	1	5.6201312449e-01
4	67	1	5.6365264252e-01
4	68	1	5.6217333618e-01
4	69	1	5.6273253178e-01
4	70	1	5.6100236545e-01
4	71	1	5.6397460366e-01
4	72	1	5.6261625868e-01
4	73	1	5.6424445409e-01
4	74	1	5.6290969865e-01
4	75	1	5.6257922218e-01
4	76	1	5.6420535561e-01
4	77	1	5.6107066360e-01
4	78	1	5.6609370495e-01
4	79	1	5.6507889371e-01
4	80	1	5.6515276612e-01
4	81	1	5.6265412337e-01
4	82	1	5.6081447555e-01
4	83	1	5.6157203343e-01
4	84	1	5.6545524631e-01
4	85	1	5.6107552906e-01
4	86	1	5.6539151681e-01
4	87	1	5.6411145901e-01
4	88	1	5.6523372358e-01
4	89	1	5.6367167946e-01
4	90	1	5.6114466279e-01
4	91	1	5.6158265321e-01
4	92	1	5.6290380470e-01
4	93	1	5.6068154843e-01
4	94	1	5.6388279159e-01
4	95	1	5.6251460474e-01
4	96	1	5.6492553998e-01
4	97	1	5.6238858149e-01
4	98	1	5.6376125080e-01
4	99	1	5.5975940050e-01
4	100	1	5.6173168613e-01
4	101	1	5.6423836425e-01
4	102	1	5.6372971919e-01
4	103	1	5.6242241174e-01
4	104	1	5.6642883849e-01
4	105	1	5.6381169780e-01
4	106	1	5.6280300809e-01
4	107	1	5.6236579280e-01
4	108	1	5.6508414239e-01
4	109	1	5.6667070337e-01
4	110	1	5.6469238656e-01
4	111	1	5.6270148269e-01
4	112	1	5.6412014188e-01
4	113	1	5.6413115445e-01
4	114	1	5.6345499806e-01
4	115	1	5.6218863746e-01
4	116	1	5.6315036370e-01
4	117	1	5.6507651199e-01
4	118	1	5.6591299707e-01
4	119	1	5.6403654465e-01
4	120	1	5.6310667838e-01
4	121	1	5.6027121832e-01
4	122	1	5.6468414838e-01
4	123	1	5.6008330189e-01
4	124	1	5.6366905425e-01
4	125	1	5.6335497988e-01
4	126	1	5.6305467830e-01
4	127	1	5.6250959385e-01
4	128	1	5.6239445871e-01
4	129	1	5.6520879442e-01
4	130	1	5.5946475899e-01
4	131	1	5.6237397659e-01
4	132	1	5.6411703689e-01
4	133	1	5.6458029770e-01
4	134	1	5.6202945085e-01
4	135	1	5.6697065528e-01
4	136	1	5.6197082802e-01
4	137	1	5.6266797290e-01
4	138	1	5.6451998572e-01
4	139	1	5.6164815791e-01
4	140	1	5.6310738586e-01
4	141	1	5.6625066841e-01
4	142	1	5.6441775063e-01
4	143	1	5.6438056531e-01
4	144	1	5.6155335112e-01
4	145	1	5.6376905468e-01
4	146	1	5.6323782352e-01
4	147	1	5.6334075616e-01
4	148	1	5.6351663903e-01
4	149	1	5.6233481317e-01
4	150	1	5.6162581225e-01
4	151	1	5.6282775591e-01
4	152	1	5.6438822918e-01
4	153	1	5.6153399545e-01
4	154	1	5.6095450027e-01
4	155	1	5.6333443459e-01
4	156	1	5.5936960409e-01
4	157	1	5.6395526913e-01
4	158	1	5.6278577270e-01
4	159	1	5.6243612220e-01
4	160	1	5.6457098509e-01
4	161	1	5.6364705763e-01
4	162	1	5.6190657670e-01
4	163	1	5.6145213784e-01
4	164	1	5.6448964869e-01
4	165	1	5.6399594798e-01
4	166	1	5.6331534319e-01
4	167	1	5.5980333415e-01
4	168	1	5.6301067989e-01
4	169	1	5.6461809191e-01
4	170	1	5.6359147366e-01
4	171	1	5.6352362655e-01
4	172	1	5.6218417037e-01
4	173	1	5.6605144890e-01
4	174	1	5.6423078166e-01
4	175	1	5.6335147276e-01
4	176	1	5.6304260911e-01
4	177	1	5.6066771078e-01
4	178	1	5.6355089935e-01
4	179	1	5.6216943256e-01
4	180	1	5.6129079212e-01
4	181	1	5.6137835969e-01
4	182	1	5.6640182266e-01
4	183	1	5.5990428352e-01
4	184	1	5.6224077392e-01
4	185	1	5.6171671620e-01
4	186	1	5.5854516858e-01
4	187	1	5.6383828916e-01
4	188	1	5.6428589849e-01
4	189	1	5.6186509465e-01
4	190	1	5.6306616819e-01
4	191	1	5.6336078554e-01
4	192	1	5.6377067786e-01
4	193	1	5.6000379768e-01
4	194	1	5.6426585047e-01
4	195	1	5.6430996061e-01
4	196	1	5.6551061707e-01
4	197	1	5.6273732280e-01
4	198	1	5.6153630251e-01
4	199	1	5.5991032176e-01
5	0	1	4.4740066571e-01
5	1	1	4.4941630982e-01
5	2	1	4.4163840949e-01
5	3	1	4.4663183017e-01
5	4	1	4.4401856904e-01
5	5	1	4.4967740779e-01
5	6	1	4.4564715118e-01
5	7	1	4.4713119340e-01
5	8	1	4.4844596589e-01
5	9	1	4.4481807325e-01
5	10	1	4.4331013013e-01
5	11	1	4.4701523363e-01
5	12	1	4.4650451740e-01
5	13	1	4.4582457754e-01
5	14	1	4.4618846955e-01
5	15	1	4.4704492031e-01
5	16	1	4.4689866606e-01
5	17	1	4.4253540585e-01
5	18	1	4.4545328123e-01
5	19	1	4.4432000584e-01
5	20	1	4.4762441823e-01
5	21	1	4.4366067121e-01
5	22	1	4.4371239902e-01
5	23	1	4.4532137827e-01
5	24	1	4.4570758396e-01
5	25	1	4.4880188437e-01
5	26	1	4.4326754606e-01
5	27	1	4.4510076797e-01
5	28	1	4.4260636566e-01
5	29	1	4.4572656009e-01
5	30	1	4.4214607804e-01
5	31	1	4.4851028952e-01
5	32	1	4.4730028681e-01
5	33	1	4.4541887394e-01
5	34	1	4.4666659935e-01
5	35	1	4.4282073892e-01
5	36	1	4.4217491637e-01
5	37	1	4.4317996954e-01
5	38	1	4.4799921948e-01
5	39	1	4.4680761952e-01
5	40	1	4.4081900640e-01
5	41	1	4.4877343504e-01
5	42	1	4.4233289498e-01
5	43	1	4.4460110675e-01
5	44	1	4.4318614943e-01
5	45	1	4.4835604010e-01
5	46	1	4.4788401897e-01
5	47	1	4.4569158521e-01
5	48	1	4.4508484596e-01
5	49	1	4.4634925438e-01
5	50	1	4.4704001061e-01
5	51	1	4.4528047554e-01
5	52	1	4.4788176039e-01
5	53	1	4.4487274270e-01
5	54	1	4.4482443856e-01
5	55	1	4.4456658487e-01
5	56	1	4.4700301035e-01
5	57	1	4.4415630561e-01
5	58	1	4.4725354917e-01
5	59	1	4.4675759506e-01
5	60	1	4.4387153296e-01
5	61	1	4.4548883493e-01
5	62	1	4.4762858247e-01
5	63	1	4.4700312704e-01
5	64	1	4.4947685156e-01
5	65	1	4.4467023984e-01
5	66	1	4.4457528926e-01
5	67	1	4.4676191785e-01
5	68	1	4.4487215258e-01
5	69	1	4.4495197110e-01
5	70	1	4.4387704267e-01
5	71	1	4.4707964724e-01
5	72	1	4.4482623829e-01
5	73	1	4.4692860022e-01
5	74	1	4.4584414644e-01
5	75	1	4.4533168635e-01
5	76	1	4.4679776595e-01
5	77	1	4.4329568126e-01
5	78	1	4.4980399930e-01
5	79	1	4.4820639114e-01
5	80	1	4.4859950676e-01
5	81	1	4.4516169429e-01
5	82	1	4.4334214272e-01
5	83	1	4.4440338695e-01
5	84	1	4.4890114923e-01
5	85	1	4.4333281465e-01
5	86	1	4.4923111814e-01
5	87	1	4.4658685454e-01
5	88	1	4.4816188289e-01
5	89	1	4.4633914270e-01
5	90	1	4.4407943945e-01
5	91	1	4.4332977542e-01
5	92	1	4.4603530762e-01
5	93	1	4.4219777775e-01
5	94	1	4.4638759575e-01
5	95	1	4.4488087061e-01
5	96	1	4.4804973235e-01
5	97	1	4.4502020018e-01
5	98	1	4.4673517558e-01
5	99	1	4.4224994512e-01
5	100	1	4.4464693224e-01
5	101	1	4.4745207975e-01
5	102	1	4.4643811395e-01
5	103	1	4.4502024819e-01
5	104	1	4.5004944148e-01
5	105	1	4.4684279137e-01
5	106	1	4.4625923664e-01
5	107	1	4.4520154302e-01
5	108	1	4.4834047819e-01
5	109	1	4.5085809301e-01
5	110	1	4.4759310853e-01
5	111	1	4.4566900259e-01
5	112	1	4.4738945929e-01
5	113	1	4.4703755051e-01
5	114	1	4.4648052887e-01
5	115	1	4.4437042302e-01
5	116	1	4.4539423325e-01
5	117	1	4.4777316785e-01
5	118	1	4.4941057371e-01
5	119	1	4.4723152589e-01
5	120	1	4.4581751548e-01
5	121	1	4.4226663424e-01
5	122	1	4.4762740758e-01
5	123	1	4.4242074714e-01
5	124	1	4.4634530689e-01
5	125	1	4.4617773447e-01
5	126	1	4.4550505267e-01
5	127	1	4.4557868206e-01
5	128	1	4.4495393142e-01
5	129	1	4.4816266109e-01
5	130	1	4.4090559335e-01
5	131	1	4.4501884842e-01
5	132	1	4.4700335241e-01
5	133	1	4.4730555972e-01
5	134	1	4.4490116115e-01
5	135	1	4.5008824807e-01
5	136	1	4.4462767921e-01
5	137	1	4.4529350343e-01
5	138	1	4.4761648438e-01
5	139	1	4.4341768707e-01
5	140	1	4.4532672279e-01
5	141	1	4.4894925435e-01
5	142	1	4.4729519897e-01
5	143	1	4.4668790639e-01
5	144	1	4.4323883250e-01
5	145	1	4.4717172462e-01
5	146	1	4.4617813623e-01
5	147	1	4.4652270192e-01
5	148	1	4.4615772529e-01
5	149	1	4.4482769918e-01
5	150	1	4.4363936965e-01
5	151	1	4.4517526766e-01
5	152	1	4.4727921331e-01
5	153	1	4.4367737878e-01
5	154	1	4.4308205477e-01
5	155	1	4.4668055743e-01
5	156	1	4.4137659695e-01
5	157	1	4.4710875431e-01
5	158	1	4.4542911663e-01
5	159	1	4.4462823528e-01
5	160	1	4.4780872425e-01
5	161	1	4.4650470063e-01
5	162	1	4.4537059770e-01
5	163	1	4.4372943257e-01
5	164	1	4.4748874137e-01
5	165	1	4.4704219222e-01
5	166	1	4.4567080307e-01
5	167	1	4.4241059875e-01
5	168	1	4.4553933450e-01
5	169	1	4.4745569373e-01
5	170	1	4.4609302820e-01
5	171	1	4.4633909611e-01
5	172	1	4.4479930586e-01
5	173	1	4.4904674123e-01
5	174	1	4.4701211178e-01
5	175	1	4.4615584728e-01
5	176	1	4.4613171538e-01
5	177	1	4.4303505216e-01
5	178	1	4.4639393697e-01
5	179	1	4.4497281638e-01
5	180	1	4.4398783429e-01
5	181	1	4.4346626274e-01
5	182	1	4.4914693717e-01
5	183	1	4.4245272307e-01
5	184	1	4.4457913542e-01
5	185	1	4.4402356029e-01
5	186	1	4.4030565720e-01
5	187	1	4.4614504946e-01
5	188	1	4.4665220701e-01
5	189	1	4.4483397721e-01
5	190	1	4.4536697377e-01
5	191	1	4.4645877107e-01
5	192	1	4.4599108934e-01
5	193	1	4.4202838237e-01
5	194	1	4.4725308177e-01
5	195	1	4.4753561387e-01
5	196	1	4.4901584969e-01
5	197	1	4.4476114794e-01
5	198	1	4.4393216529e-01
5	199	1	4.4224299574e-01
6	0	1	3.4320644252e-01
6	1	1	3.4566584269e-01
6	2	1	3.3733427592e-01
6	3	1	3.4258099452e-01
6	4	1	3.4008926881e-01
6	5	1	3.4658820296e-01
6	6	1	3.4070334441e-01
6	7	1	3.4318830871e-01
6	8	1	3.4382838395e-01
6	9	1	3.4118868223e-01
6	10	1	3.3888526761e-01
6	11	1	3.4257822027e-01
6	12	1	3.4271921036e-01
6	13	1	3.4159700435e-01
6	14	1	3.4241438525e-01
6	15	1	3.4275502142e-01
6	16	1	3.4329080637e-01
6	17	1	3.3769812740e-01
6	18	1	3.4107559230e-01
6	19	1	3.3975390513e-01
6	20	1	3.4346650781e-01
6	21	1	3.3911081063e-01
6	22	1	3.3989749360e-01
6	23	1	3.4088636436e-01
6	24	1	3.4136536926e-01
6	25	1	3.4526784184e-01
6	26	1	3.3927528475e-01
6	27	1	3.4110652960e-01
6	28	1	3.3790152421e-01
6	29	1	3.4148004995e-01
6	30	1	3.3820198909e-01
6	31	1	3.4460677115e-01
6	32	1	3.4311788004e-01
6	33	1	3.4080882425e-01
6	34	1	3.4268952874e-01
6	35	1	3.3808360336e-01
6	36	1	3.3718283380e-01
6	37	1	3.3937475550e-01
6	38	1	3.4358789188e-01
6	39	1	3.4379370799e-01
6	40	1	3.3639629176e-01
6	41	1	3.4423798409e-01
6	42	1	3.3763746273e-01
6	43	1	3.4027917915e-01
6	44	1	3.3880917792e-01
6	45	1	3.4357138759e-01
6	46	1	3.4339645297e-01
6	47	1	3.4192743103e-01
6	48	1	3.4140086743e-01
6	49	1	3.4226589787e-01
6	50	1	3.4327059342e-01
6	51	1	3.4187297175e-01
6	52	1	3.4397420116e-01
6	53	1	3.4045513019e-01
6	54	1	3.4093733759e-01
6	55	1	3.4059363262e-01
6	56	1	3.4392657665e-01
6	57	1	3.3989939047e-01
6	58	1	3.4387862058e-01
6	59	1	3.4313558712e-01
6	60	1	3.3988617828e-01
6	61	1	3.4139012793e-01
6	62	1	3.4417653592e-01
6	63	1	3.4308623684e-01
6	64	1	3.4582150422e-01
6	65	1	3.4057563133e-01
6	66	1	3.4062987072e-01
6	67	1	3.4286985778e-01
6	68	1	3.4084963866e-01
6	69	1	3.4036510515e-01
6	70	1	3.4038846480e-01
6	71	1	3.4344259772e-01
6	72	1	3.4028751939e-01
6	73	1	3.4247436000e-01
6	74	1	3.4188983492e-01
6	75	1	3.4137093270e-01
6	76	1	3.4248646115e-01
6	77	1	3.3900189233e-01
6	78	1	3.4658225120e-01
6	79	1	3.4427590840e-01
6	80	1	3.4490090234e-01
6	81	1	3.4093741648e-01
6	82	1	3.3933951944e-01
6	83	1	3.4091124274e-01
6	84	1	3.4550929759e-01
6	85	1	3.3920694677e-01
6	86	1	3.4600814342e-01
6	87	1	3.4226949327e-01
6	88	1	3.4417965332e-01
6	89	1	3.4195950811e-01
6	90	1	3.4055089582e-01
6	91	1	3.3829134000e-01
6	92	1	3.4248884544e-01
6	93	1	3.3699645449e-01
6	94	1	3.4216078005e-01
6	95	1	3.4044095854e-01
6	96	1	3.4412081047e-01
6	97	1	3.4112699392e-01
6	98	1	3.4291937533e-01
6	99	1	3.3857104187e-01
6	100	1	3.4098801740e-01
6	101	1	3.4345962079e-01
6	102	1	3.4205770100e-01
6	103	1	3.4077053351e-01
6	104	1	3.4689574702e-01
6	105	1	3.4287053698e-01
6	106	1	3.4325858241e-01
6	107	1	3.4114031438e-01
6	108	1	3.4441861532e-01
6	109	1	3.4812973153e-01
6	110	1	3.4342770629e-01
6	111	1	3.4187426621e-01
6	112	1	3.4358465413e-01
6	113	1	3.4299519111e-01
6	114	1	3.4283151403e-01
6	115	1	3.3968485616e-01
6	116	1	3.4084339797e-01
6	117	1	3.4352106773e-01
6	118	1	3.4580200785e-01
6	119	1	3.4342607512e-01
6	120	1	3.4197746830e-01
6	121	1	3.3807291191e-01
6	122	1	3.4356617775e-01
6	123	1	3.3836035088e-01
6	124	1	3.4200326340e-01
6	125	1	3.4218153316e-01
6	126	1	3.4102966587e-01
6	127	1	3.4219764925e-01
6	128	1	3.4095640379e-01
6	129	1	3.4428067891e-01
6	130	1	3.3581182606e-01
6	131	1	3.4085019611e-01
6	132	1	3.4305403629e-01
6	133	1	3.4339318801e-01
6	134	1	3.4112292741e-01
6	135	1	3.4596502108e-01
6	136	1	3.4072871943e-01
6	137	1	3.4110365975e-01
6	138	1	3.4354452611e-01
6	139	1	3.3841375338e-01
6	140	1	3.4072619390e-01
6	141	1	3.4474073722e-01
6	142	1	3.4330114249e-01
6	143	1	3.4201455741e-01
6	144	1	3.3828175423e-01
6	145	1	3.4378410310e-01
6	146	1	3.4212736411e-01
6	147	1	3.4287437481e-01
6	148	1	3.4168102202e-01
6	149	1	3.4057877656e-01
6	150	1	3.3905293446e-01
6	151	1	3.4094740291e-01
6	152	1	3.4328315239e-01
6	153	1	3.3902190325e-01
6	154	1	3.3854837071e-01
6	155	1	3.4324682393e-01
6	156	1	3.3709310455e-01
6	157	1	3.4344217882e-01
6	158	1	3.4123115771e-01
6	159	1	3.3999989943e-01
6	160	1	3.4407554791e-01
6	161	1	3.4255628216e-01
6	162	1	3.4235990933e-01
6	163	1	3.3928747765e-01
6	164	1	3.4362382349e-01
6	165	1	3.4342781345e-01
6	166	1	3.4165574031e-01
6	167	1	3.3872276485e-01
6	168	1	3.4138182891e-01
6	169	1	3.4323700028e-01
6	170	1	3.4172284253e-01
6	171	1	3.4242554543e-01
6	172	1	3.4081808398e-01
6	173	1	3.4510562810e-01
6	174	1	3.4263851918e-01
6	175	1	3.4217709017e-01
6	176	1	3.4232513786e-01
6	177	1	3.3887549270e-01
6	178	1	3.4255066963e-01
6	179	1	3.4134649476e-01
6	180	1	3.4011508743e-01
6	181	1	3.3884405634e-01
6	182	1	3.4454357030e-01
6	183	1	3.3871602658e-01
6	184	1	3.4037946547e-01
6	185	1	3.3953281738e-01
6	186	1	3.3576692243e-01
6	187	1	3.4150547610e-01
6	188	1	3.4208266050e-01
6	189	1	3.4120240284e-01
6	190	1	3.4101736369e-01
6	191	1	3.4275038731e-01
6	192	1	3.4156355780e-01
6	193	1	3.3776910121e-01
6	194	1	3.4337395734e-01
6	195	1	3.4375694593e-01
6	196	1	3.4561896355e-01
6	197	1	3.4004873425e-01
6	198	1	3.3975558750e-01
6	199	1	3.3827723499e-01
7	0	1	2.5471361967e-01
7	1	1	2.5730587232e-01
7	2	1	2.4905879390e-01
7	3	1	2.5414610953e-01
7	4	1	2.5198244443e-01
7	5	1	2.5868324130e-01
7	6	1	2.5159491699e-01
7	7	1	2.5479850525e-01
7	8	1	2.5460081966e-01
7	9	1	2.5328606359e-01
7	10	1	2.5040698908e-01
7	11	1	2.5398658554e-01
7	12	1	2.5436729554e-01
7	13	1	2.5289295281e-01
7	14	1	2.5414633446e-01
7	15	1	2.5425941878e-01
7	16	1	2.5523246301e-01
7	17	1	2.4859372692e-01
7	18	1	2.5252884108e-01
7	19	1	2.5099503630e-01
7	20	1	2.5495179829e-01
7	21	1	2.5038361634e-01
7	22	1	2.5219383197e-01
7	23	1	2.5220715262e-01
7	24	1	2.5264346595e-01
7	25	1	2.5710145315e-01
7	26	1	2.5088678680e-01
7	27	1	2.5266314357e-01
7	28	1	2.4925178569e-01
7	29	1	2.5289475262e-01
7	30	1	2.5016987548e-01
7	31	1	2.5611813324e-01
7	32	1	2.5446119044e-01
7	33	1	2.5203065411e-01
7	34	1	2.5421436977e-01
7	35	1	2.4908111455e-01
7	36	1	2.4811344006e-01
7	37	1	2.5121856842e-01
7	38	1	2.5463818316e-01
7	39	1	2.5614476869e-01
7	40	1	2.4818626246e-01
7	41	1	2.5503345605e-01
7	42	1	2.4889825110e-01
7	43	1	2.5172279626e-01
7	44	1	2.5013468973e-01
7	45	1	2.5423533534e-01
7	46	1	2.5388918560e-01
7	47	1	2.5421657987e-01
7	48	1	2.5342421867e-01
7	49	1	2.5363595669e-01
7	50	1	2.5479749262e-01
7	51	1	2.5439091888e-01
7	52	1	2.5568326900e-01
7	53	1	2.5161599929e-01
7	54	1	2.5295046607e-01
7	55	1	2.5245878132e-01
7	56	1	2.5651690532e-01
7	57	1	2.5134825278e-01
7	58	1	2.5591168865e-01
7	59	1	2.5503802030e-01
7	60	1	2.5167883746e-01
7	61	1	2.5308801424e-01
7	62	1	2.5601349954e-01
7	63	1	2.5457520485e-01
7	64	1	2.5731786202e-01
7	65	1	2.5227169381e-01
7	66	1	2.5269007212e-01
7	67	1	2.5451745027e-01
7	68	1	2.5255121904e-01
7	69	1	2.5169139428e-01
7	70	1	2.5268044164e-01
7	71	1	2.5537902957e-01
7	72	1	2.5164769275e-01
7	73	1	2.5365072827e-01
7	74	1	2.5333856391e-01
7	75	1	2.5298703959e-01
7	76	1	2.5368413395e-01
7	77	1	2.5067202201e-01
7	78	1	2.5873994416e-01
7	79	1	2.5566030923e-01
7	80	1	2.5626513717e-01
7	81	1	2.5231920195e-01
7	82	1	2.5119769624e-01
7	83	1	2.5321651082e-01
7	84	1	2.5745679071e-01
7	85	1	2.5128301888e-01
7	86	1	2.5827572432e-01
7	87	1	2.5360545040e-01
7	88	1	2.5566616404e-01
7	89	1	2.5308931973e-01
7	90	1	2.5275886436e-01
7	91	1	2.4925070052e-01
7	92	1	2.5463307344e-01
7	93	1	2.4797598722e-01
7	94	1	2.5359920320e-01
7	95	1	2.5170440304e-01
7	96	1	2.5556143251e-01
7	97	1	2.5306208900e-01
7	98	1	2.5455079989e-01
7	99	1	2.5081481436e-01
7	100	1	2.5291655128e-01
7	101	1	2.5467250718e-01
7	102	1	2.5306336366e-01
7	103	1	2.5226466535e-01
7	104	1	2.5892500820e-01
7	105	1	2.5430121930e-01
7	106	1	2.5599587719e-01
7	107	1	2.5254110738e-01
7	108	1	2.5575020081e-01
7	109	1	2.6053534348e-01
7	110	1	2.5479048370e-01
7	111	1	2.5359024448e-01
7	112	1	2.5508899753e-01
7	113	1	2.5450276461e-01
7	114	1	2.5478001032e-01
7	115	1	2.5087251096e-01
7	116	1	2.5206444347e-01
7	117	1	2.5481448842e-01
7	118	1	2.5779638937e-01
7	119	1	2.5508700961e-01
7	120	1	2.5388584239e-01
7	121	1	2.4999763799e-01
7	122	1	2.5484232317e-01
7	123	1	2.5019794908e-01
7	124	1	2.5329437895e-01
7	125	1	2.5364391803e-01
7	126	1	2.5235622658e-01
7	127	1	2.5466308657e-01
7	128	1	2.5275994225e-01
7	129	1	2.5590492141e-01
7	130	1	2.4674457890e-01
7	131	1	2.5239362348e-01
7	132	1	2.5461811549e-01
7	133	1	2.5532316159e-01
7	134	1	2.5304788816e-01
7	135	1	2.5741079860e-01
7	136	1	2.5273275324e-01
7	137	1	2.5254139378e-01
7	138	1	2.5484552199e-01
7	139	1	2.4943681768e-01
7	140	1	2.5194794940e-01
7	141	1	2.5639256372e-01
7	142	1	2.5472348380e-01
7	143	1	2.5323223598e-01
7	144	1	2.4941699162e-01
7	145	1	2.5604365437e-01
7	146	1	2.5348317489e-01
7	147	1	2.5483703093e-01
7	148	1	2.5269148143e-01
7	149	1	2.5225890039e-01
7	150	1	2.5040523681e-01
7	151	1	2.5264939932e-01
7	152	1	2.5456231359e-01
7	153	1	2.5023024984e-01
7	154	1	2.4968647733e-01
7	155	1	2.5512709115e-01
7	156	1	2.4878152822e-01
7	157	1	2.5525204369e-01
7	158	1	2.5278886943e-01
7	159	1	2.5126041172e-01
7	160	1	2.5576557651e-01
7	161	1	2.5425643565e-01
7	162	1	2.5501200847e-01
7	163	1	2.5065360630e-01
7	164	1	2.5534151922e-01
7	165	1	2.5550645966e-01
7	166	1	2.5368667172e-01
7	167	1	2.5080955550e-01
7	168	1	2.5296030745e-01
7	169	1	2.5466631644e-01
7	170	1	2.5305927249e-01
7	171	1	2.5423679832e-01
7	172	1	2.5258846835e-01
7	173	1	2.5680207000e-01
7	174	1	2.5375683918e-01
7	175	1	2.5367520630e-01
7	176	1	2.5402671457e-01
7	177	1	2.5058897702e-01
7	178	1	2.5430421245e-01
7	179	1	2.5323452046e-01
7	180	1	2.5209784577e-01
7	181	1	2.4988694569e-01
7	182	1	2.5537471535e-01
7	183	1	2.5088152337e-01
7	184	1	2.5212500997e-01
7	185	1	2.5057961817e-01
7	186	1	2.4739134407e-01
7	187	1	2.5256021335e-01
7	188	1	2.5334643232e-01
7	189	1	2.5315870542e-01
7	190	1	2.5243658836e-01
7	191	1	2.5454985957e-01
7	192	1	2.5301027920e-01
7	193	1	2.4958307775e-01
7	194	1	2.5515446195e-01
7	195	1	2.5527102869e-01
7	196	1	2.5761136791e-01
7	197	1	2.5121185155e-01
7	198	1	2.5128711491e-01
7	199	1	2.5034674165e-01
8	0	1	1.8307764861e-01
8	1	1	1.8551403703e-01
8	2	1	1.7764426190e-01
8	3	1	1.8237937470e-01
8	4	1	1.8055714947e-01
8	5	1	1.8693487698e-01
8	6	1	1.7947356933e-01
8	7	1	1.8308014753e-01
8	8	1	1.8188893463e-01
8	9	1	1.8199986211e-01
8	10	1	1.7865225898e-01
8	11	1	1.8233923049e-01
8	12	1	1.8233439412e-01
8	13	1	1.8070031310e-01
8	14	1	1.8226817358e-01
8	15	1	1.8250192064e-01
8	16	1	1.8362431124e-01
8	17	1	1.7613722860e-01
8	18	1	1.8083214798e-01
8	19	1	1.7908949450e-01
8	20	1	1.8306097706e-01
8	21	1	1.7858209319e-01
8	22	1	1.8129641850e-01
8	23	1	1.8009768667e-01
8	24	1	1.8064049778e-01
8	25	1	1.8514623103e-01
8	26	1	1.7892868785e-01
8	27	1	1.8062206957e-01
8	28	1	1.7774291722e-01
8	29	1	1.8100697142e-01
8	30	1	1.7886510292e-01
8	31	1	1.8410294146e-01
8	32	1	1.8245072361e-01
8	33	1	1.8026723651e-01
8	34	1	1.8220574701e-01
8	35	1	1.7693267378e-01
8	36	1	1.7610657130e-01
8	37	1	1.7959673444e-01
8	38	1	1.8242549439e-01
8	39	1	1.8465769797e-01
8	40	1	1.7685707955e-01
8	41	1	1.8229463464e-01
8	42	1	1.7703170714e-01
8	43	1	1.7971662987e-01
8	44	1	1.7806491326e-01
8	45	1	1.8160802679e-01
8	46	1	1.8058186142e-01
8	47	1	1.8325580977e-01
8	48	1	1.8192624954e-01
8	49	1	1.8153526424e-01
8	50	1	1.8265827299e-01
8	51	1	1.8337272503e-01
8	52	1	1.8404450250e-01
8	53	1	1.7950511587e-01
8	54	1	1.8169958326e-01
8	55	1	1.8096904716e-01
8	56	1	1.8546194943e-01
8	57	1	1.7961775991e-01
8	58	1	1.8411382476e-01
8	59	1	1.8339283220e-01
8	60	1	1.7966799876e-01
8	61	1	1.8139752957e-01
8	62	1	1.8428968014e-01
8	63	1	1.8228727636e-01
8	64	1	1.8516207409e-01
8	65	1	1.8073910903e-01
8	66	1	1.8164931975e-01
8	67	1	1.8277019585e-01
8	68	1	1.8109418388e-01
8	69	1	1.7996311121e-01
8	70	1	1.8137100939e-01
8	71	1	1.8380503480e-01
8	72	1	1.7988740839e-01
8	73	1	1.8179213499e-01
8	74	1	1.8139861454e-01
8	75	1	1.8109042888e-01
8	76	1	1.8168720766e-01
8	77	1	1.7920890758e-01
8	78	1	1.8717782331e-01
8	79	1	1.8348439984e-01
8	80	1	1.8386340830e-01
8	81	1	1.8025474303e-01
8	82	1	1.7971157714e-01
8	83	1	1.8189072444e-01
8	84	1	1.8572721904e-01
8	85	1	1.8032355729e-01
8	86	1	1.8713179406e-01
8	87	1	1.8145271157e-01
8	88	1	1.8361544388e-01
8	89	1	1.8078206628e-01
8	90	1	1.8141705604e-01
8	91	1	1.7728199219e-01
8	92	1	1.8346439236e-01
8	93	1	1.7616712637e-01
8	94	1	1.8157693061e-01
8	95	1	1.7968790356e-01
8	96	1	1.8355241484e-01
8	97	1	1.8172875031e-01
8	98	1	1.8258148061e-01
8	99	1	1.7966858762e-01
8	100	1	1.8115896350e-01
8	101	1	1.8218626031e-01
8	102	1	1.8063791125e-01
8	103	1	1.8037610012e-01
8	104	1	1.8676018488e-01
8	105	1	1.8220730792e-01
8	106	1	1.8529583776e-01
8	107	1	1.8051522787e-01
8	108	1	1.8367780409e-01
8	109	1	1.8880041744e-01
8	110	1	1.8274206487e-01
8	111	1	1.8171396761e-01
8	112	1	1.8300850247e-01
8	113	1	1.8252656138e-01
8	114	1	1.8315320225e-01
8	115	1	1.7910369131e-01
8	116	1	1.8024405405e-01
8	117	1	1.8280431704e-01
8	118	1	1.8652951753e-01
8	119	1	1.8329906800e-01
8	120	1	1.8230031276e-01
8	121	1	1.7871316179e-01
8	122	1	1.8261776550e-01
8	123	1	1.7859510579e-01
8	124	1	1.8138531674e-01
8	125	1	1.8144525251e-01
8	126	1	1.8074829270e-01
8	127	1	1.8368051890e-01
8	128	1	1.8116323120e-01
8	129	1	1.8404922199e-01
8	130	1	1.7467622280e-01
8	131	1	1.8056906339e-01
8	132	1	1.8260117281e-01
8	133	1	1.8403565468e-01
8	134	1	1.8149458475e-01
8	135	1	1.8571520572e-01
8	136	1	1.8138599369e-01
8	137	1	1.8059334650e-01
8	138	1	1.8278781077e-01
8	139	1	1.7761231233e-01
8	140	1	1.8003341081e-01
8	141	1	1.8493190624e-01
8	142	1	1.8244540889e-01
8	143	1	1.8155271199e-01
8	144	1	1.7774000909e-01
8	145	1	1.8487976490e-01
8	146	1	1.8137039592e-01
8	147	1	1.8346532278e-01
8	148	1	1.8051830160e-01
8	149	1	1.8090190699e-01
8	150	1	1.7859760076e-01
8	151	1	1.8108448239e-01
8	152	1	1.8220902903e-01
8	153	1	1.7848365876e-01
8	154	1	1.7731598668e-01
8	155	1	1.8334225926e-01
8	156	1	1.7697714573e-01
8	157	1	1.8344567382e-01
8	158	1	1.8114660600e-01
8	159	1	1.7948453452e-01
8	160	1	1.8388216064e-01
8	161	1	1.8257769544e-01
8	162	1	1.8393493052e-01
8	163	1	1.7864167466e-01
8	164	1	1.8350902591e-01
8	165	1	1.8416568152e-01
8	166	1	1.8249760231e-01
8	167	1	1.7929938578e-01
8	168	1	1.8108693556e-01
8	169	1	1.8303190179e-01
8	170	1	1.8121126799e-01
8	171	1	1.8267739689e-01
8	172	1	1.8099865849e-01
8	173	1	1.8517019336e-01
8	174	1	1.8164337868e-01
8	175	1	1.8155976545e-01
8	176	1	1.8234549922e-01
8	177	1	1.7917159150e-01
8	178	1	1.8247387504e-01
8	179	1	1.8135920614e-01
8	180	1	1.8089076846e-01
8	181	1	1.7761007428e-01
8	182	1	1.8301817530e-01
8	183	1	1.7975879028e-01
8	184	1	1.8048377470e-01
8	185	1	1.7818022490e-01
8	186	1	1.7601183881e-01
8	187	1	1.8054848396e-01
8	188	1	1.8150593402e-01
8	189	1	1.8140823781e-01
8	190	1	1.8060358007e-01
8	191	1	1.8276486912e-01
8	192	1	1.8130080941e-01
8	193	1	1.7828496853e-01
8	194	1	1.8370875279e-01
8	195	1	1.8311328181e-01
8	196	1	1.8608546643e-01
8	197	1	1.7925836466e-01
8	198	1	1.7947003338e-01
8	199	1	1.7925193657e-01
9	0	1	1.2728625743e-01
9	1	1	1.2944881332e-01
9	2	1	1.2217591834e-01
9	3	1	1.2642140791e-01
9	4	1	1.2482228682e-01
9	5	1	1.3056679011e-01
9	6	1	1.2341331133e-01
9	7	1	1.2718956700e-01
9	8	1	1.2492013973e-01
9	9	1	1.2633904628e-01
9	10	1	1.2268972329e-01
9	11	1	1.2659465017e-01
9	12	1	1.2588119309e-01
9	13	1	1.2414500500e-01
9	14	1	1.2590169784e-01
9	15	1	1.2647635677e-01
9	16	1	1.2769445401e-01
9	17	1	1.1944858902e-01
9	18	1	1.2497114033e-01
9	19	1	1.2311369180e-01
9	20	1	1.2694760497e-01
9	21	1	1.2303026429e-01
9	22	1	1.2622515818e-01
9	23	1	1.2360278438e-01
9	24	1	1.2442419632e-01
9	25	1	1.2860317315e-01
9	26	1	1.2248348454e-01
9	27	1	1.2417654021e-01
9	28	1	1.2229574770e-01
9	29	1	1.2508961123e-01
9	30	1	1.2316380290e-01
9	31	1	1.2777478885e-01
9	32	1	1.2634548663e-01
9	33	1	1.2462110716e-01
9	34	1	1.2588588528e-01
9	35	1	1.2084925552e-01
9	36	1	1.2024745136e-01
9	37	1	1.2353883279e-01
9	38	1	1.2612897341e-01
9	39	1	1.2849254213e-01
9	40	1	1.2125671832e-01
9	41	1	1.2537080715e-01
9	42	1	1.2099254213e-01
9	43	1	1.2349584796e-01
9	44	1	1.2158743208e-01
9	45	1	1.2513437013e-01
9	46	1	1.2303694201e-01
9	47	1	1.2790124204e-01
9	48	1	1.2599744840e-01
9	49	1	1.2535343904e-01
9	50	1	1.2616986969e-01
9	51	1	1.2757357201e-01
9	52	1	1.2804232351e-01
9	53	1	1.2338978859e-01
9	54	1	1.2614069370e-01
9	55	1	1.2523190699e-01
9	56	1	1.2957730891e-01
9	57	1	1.2391202341e-01
9	58	1	1.2778474695e-01
9	59	1	1.2745778115e-01
9	60	1	1.2282735783e-01
9	61	1	1.2529242558e-01
9	62	1	1.2829182467e-01
9	63	1	1.2540430279e-01
9	64	1	1.2871885303e-01
9	65	1	1.2494977170e-01
9	66	1	1.2628022813e-01
9	67	1	1.2672202400e-01
9	68	1	1.2554336765e-01
9	69	1	1.2421411487e-01
9	70	1	1.2547031027e-01
9	71	1	1.2784670799e-01
9	72	1	1.2389198096e-01
9	73	1	1.2607676716e-01
9	74	1	1.2536426993e-01
9	75	1	1.2474834846e-01
9	76	1	1.2589992141e-01
9	77	1	1.2353853080e-01
9	78	1	1.3104936287e-01
9	79	1	1.2724979391e-01
9	80	1	1.2718057167e-01
9	81	1	1.2396890285e-01
9	82	1	1.2384786864e-01
9	83	1	1.2594021748e-01
9	84	1	1.2965908601e-01
9	85	1	1.2503842703e-01
9	86	1	1.3162651149e-01
9	87	1	1.2496756536e-01
9	88	1	1.2734961478e-01
9	89	1	1.2435959771e-01
9	90	1	1.2554517792e-01
9	91	1	1.2134657716e-01
9	92	1	1.2800932346e-01
9	93	1	1.2046651341e-01
9	94	1	1.2522712186e-01
9	95	1	1.2347385824e-01
9	96	1	1.2747803251e-01
9	97	1	1.2625078774e-01
9	98	1	1.2632586510e-01
9	99	1	1.2421011859e-01
9	100	1	1.2504705641e-01
9	101	1	1.2546047729e-01
9	102	1	1.2398736982e-01
9	103	1	1.2400571953e-01
9	104	1	1.2976663817e-01
9	105	1	1.2584676165e-01
9	106	1	1.3013061015e-01
9	107	1	1.2442947254e-01
9	108	1	1.2748486849e-01
9	109	1	1.3217984360e-01
9	110	1	1.2648851275e-01
9	111	1	1.2554334393e-01
9	112	1	1.2675559750e-01
9	113	1	1.2611903806e-01
9	114	1	1.2716293013e-01
9	115	1	1.2342611188e-01
9	116	1	1.2444874182e-01
9	117	1	1.2676500367e-01
9	118	1	1.3102782837e-01
9	119	1	1.2729456402e-01
9	120	1	1.2635276431e-01
9	121	1	1.2307382693e-01
9	122	1	1.2631443961e-01
9	123	1	1.2254372202e-01
9	124	1	1.2538593989e-01
9	125	1	1.2480511908e-01
9	126	1	1.2521190025e-01
9	127	1	1.2821292027e-01
9	128	1	1.2511817298e-01
9	129	1	1.2800955813e-01
9	130	1	1.1870435542e-01
9	131	1	1.2446515533e-01
9	132	1	1.2619298601e-01
9	133	1	1.2846518914e-01
9	134	1	1.2543770333e-01
9	135	1	1.3016436121e-01
9	136	1	1.2545118444e-01
9	137	1	1.2440601107e-01
9	138	1	1.2655601774e-01
9	139	1	1.2196202274e-01
9	140	1	1.2390332509e-01
9	141	1	1.2942148563e-01
9	142	1	1.2572493505e-01
9	143	1	1.2607437657e-01
9	144	1	1.2223906771e-01
9	145	1	1.2937007715e-01
9	146	1	1.2505161814e-01
9	147	1	1.2776551614e-01
9	148	1	1.2448118116e-01
9	149	1	1.2538357433e-01
9	150	1	1.2278935568e-01
9	151	1	1.2498865475e-01
9	152	1	1.2559660411e-01
9	153	1	1.2278146799e-01
9	154	1	1.2052783172e-01
9	155	1	1.2721504059e-01
9	156	1	1.2070796290e-01
9	157	1	1.2714756349e-01
9	158	1	1.2542910473e-01
9	159	1	1.2366482119e-01
9	160	1	1.2769709430e-01
9	161	1	1.2656493651e-01
9	162	1	1.2822705362e-01
9	163	1	1.2233648162e-01
9	164	1	1.2705150807e-01
9	165	1	1.2843658216e-01
9	166	1	1.2704042369e-01
9	167	1	1.2317372674e-01
9	168	1	1.2471176725e-01
9	169	1	1.2751338239e-01
9	170	1	1.2531398805e-01
9	171	1	1.2671392429e-01
9	172	1	1.2518619276e-01
9	173	1	1.2931371014e-01
9	174	1	1.2558273307e-01
9	175	1	1.2510690485e-01
9	176	1	1.2654354352e-01
9	177	1	1.2361749969e-01
9	178	1	1.2618017351e-01
9	179	1	1.2502869824e-01
9	180	1	1.2556597606e-01
9	181	1	1.2114500266e-01
9	182	1	1.2672854763e-01
9	183	1	1.2437668077e-01
9	184	1	1.2430166564e-01
9	185	1	1.2159348523e-01
9	186	1	1.2044545448e-01
9	187	1	1.2457326874e-01
9	188	1	1.2562318988e-01
9	189	1	1.2505664498e-01
9	190	1	1.2465692032e-01
9	191	1	1.2652390674e-01
9	192	1	1.2544903547e-01
9	193	1	1.2279351551e-01
9	194	1	1.2828489241e-01
9	195	1	1.2647261344e-01
9	196	1	1.3025202872e-01
9	197	1	1.2331158825e-01
9	198	1	1.2352046766e-01
9	199	1	1.2396495461e-01
10	0	1	8.4808375212e-02
10	1	1	8.6834662710e-02
10	2	1	8.0433054637e-02
10	3	1	8.4123168666e-02
10	4	1	8.2617859396e-02
10	5	1	8.7527427991e-02
10	6	1	8.1051814542e-02
10	7	1	8.4815980477e-02
10	8	1	8.1460396974e-02
10	9	1	8.4069455482e-02
10	10	1	8.0463321862e-02
10	11	1	8.4414074523e-02
10	12	1	8.2985220816e-02
10	13	1	8.1254002473e-02
10	14	1	8.2961206149e-02
10	15	1	8.3929420966e-02
10	16	1	8.5286168905e-02
10	17	1	7.6292360907e-02
10	18	1	8.2599182803e-02
10	19	1	8.0713604322e-02
10	20	1	8.4386172796e-02
10	21	1	8.1413380094e-02
10	22	1	8.4617865606e-02
10	23	1	8.0569177580e-02
10	24	1	8.1863187702e-02
10	25	1	8.5398689670e-02
10	26	1	7.9470831850e-02
10	27	1	8.1326776012e-02
10	28	1	8.0609513872e-02
10	29	1	8.2929268355e-02
10	30	1	8.0722906905e-02
10	31	1	8.5066168950e-02
10	32	1	8.3823953613e-02
10	33	1	8.2584787181e-02
10	34	1	8.3093733450e-02
10	35	1	7.8612733438e-02
10	36	1	7.8207804347e-02
10	37	1	8.0856885505e-02
10	38	1	8.3421868131e-02
10	39	1	8.5534263586e-02
10	40	1	7.9140032491e-02
10	41	1	8.2176330720e-02
10	42	1	7.8544415491e-02
10	43	1	8.1044561621e-02
10	44	1	7.8589113894e-02
10	45	1	8.2658127753e-02
10	46	1	7.9429921903e-02
10	47	1	8.5990239208e-02
10	48	1	8.3573369431e-02
10	49	1	8.2822969592e-02
10	50	1	8.3258437324e-02
10	51	1	8.4943149892e-02
10	52	1	8.5379773396e-02
10	53	1	8.1022489426e-02
10	54	1	8.3932003306e-02
10	55	1	8.3122486581e-02
10	56	1	8.6706712317e-02
10	57	1	8.1969021432e-02
10	58	1	8.4915179000e-02
10	59	1	8.5218781366e-02
10	60	1	7.9317060152e-02
10	61	1	8.2761464487e-02
10	62	1	8.5844933513e-02
10	63	1	8.1951111587e-02
10	64	1	8.5893016342e-02
10	65	1	8.2708483355e-02
10	66	1	8.4273170431e-02
10	67	1	8.4270398823e-02
10	68	1	8.3480141157e-02
10	69	1	8.2180546329e-02
10	70	1	8.2941463881e-02
10	71	1	8.5398994627e-02
10	72	1	8.1502263315e-02
10	73	1	8.4215016863e-02
10	74	1	8.2890350718e-02
10	75	1	8.1828549195e-02
10	76	1	8.3961760818e-02
10	77	1	8.1365183999e-02
10	78	1	8.8362676331e-02
10	79	1	8.4777244487e-02
10	80	1	8.4403273083e-02
10	81	1	8.1411356012e-02
10	82	1	8.1383440935e-02
10	83	1	8.3406202124e-02
10	84	1	8.7157295713e-02
10	85	1	8.3038236334e-02
10	86	1	8.9392914948e-02
10	87	1	8.1994588510e-02
10	88	1	8.4673556474e-02
10	89	1	8.1752119998e-02
10	90	1	8.3082954004e-02
10	91	1	7.9042748303e-02
10	92	1	8.5954553261e-02
10	93	1	7.8488560262e-02
10	94	1	8.2382174430e-02
10	95	1	8.0916615298e-02
10	96	1	8.5152676778e-02
10	97	1	8.4441318857e-02
10	98	1	8.3774331654e-02
10	99	1	8.2382800564e-02
10	100	1	8.2626940792e-02
10	101	1	8.2633903335e-02
10	102	1	8.0998279028e-02
10	103	1	8.0955138846e-02
10	104	1	8.5962814838e-02
10	105	1	8.3115570949e-02
10	106	1	8.8438961306e-02
10	107	1	8.2202431590e-02
10	108	1	8.4870372778e-02
10	109	1	8.8877395741e-02
10	110	1	8.3909538064e-02
10	111	1	8.2958171631e-02
10	112	1	8.4262678232e-02
10	113	1	8.3100132500e-02
10	114	1	8.4731280047e-02
10	115	1	8.1376876539e-02
10	116	1	8.2289461887e-02
10	117	1	8.4414718280e-02
10	118	1	8.9041268555e-02
10	119	1	8.4876351046e-02
10	120	1	8.4034674826e-02
10	121	1	8.0818783876e-02
10	122	1	8.3781395703e-02
10	123	1	8.0018203625e-02
10	124	1	8.3023003211e-02
10	125	1	8.1756803866e-02
10	126	1	8.3199915640e-02
10	127	1	8.6031061635e-02
10	128	1	8.2390702102e-02
10	129	1	8.5650039383e-02
10	130	1	7.6601067345e-02
10	131	1	8.1939188520e-02
10	132	1	8.3334747573e-02
10	133	1	8.6177597455e-02
10	134	1	8.2726639228e-02
10	135	1	8.8401573186e-02
10	136	1	8.2774117311e-02
10	137	1	8.1720887053e-02
10	138	1	8.3981942190e-02
10	139	1	8.0186903775e-02
10	140	1	8.1322988285e-02
10	141	1	8.7417654168e-02
10	142	1	8.2490409089e-02
10	143	1	8.4342203306e-02
10	144	1	8.0452689626e-02
10	145	1	8.7372475118e-02
10	146	1	8.2383007378e-02
10	147	1	8.5542139776e-02
10	148	1	8.2343088423e-02
10	149	1	8.3345176929e-02
10	150	1	8.0704905342e-02
10	151	1	8.2084323516e-02
10	152	1	8.2641533651e-02
10	153	1	8.0666085395e-02
10	154	1	7.7338620522e-02
10	155	1	8.4564594942e-02
10	156	1	7.8003908917e-02
10	157	1	8.4411323411e-02
10	158	1	8.3370724600e-02
10	159	1	8.1311378728e-02
10	160	1	8.5015995600e-02
10	161	1	8.4148018748e-02
10	162	1	8.5905198057e-02
10	163	1	7.9631335047e-02
10	164	1	8.3934990406e-02
10	165	1	8.6112702424e-02
10	166	1	8.5002304412e-02
10	167	1	8.0469944645e-02
10	168	1	8.1755912970e-02
10	169	1	8.5624185099e-02
10	170	1	8.3099459470e-02
10	171	1	8.4040346200e-02
10	172	1	8.3028099814e-02
10	173	1	8.6987641723e-02
10	174	1	8.3306774672e-02
10	175	1	8.2308951324e-02
10	176	1	8.4506901128e-02
10	177	1	8.1483438422e-02
10	178	1	8.3349379918e-02
10	179	1	8.2282831857e-02
10	180	1	8.3924016832e-02
10	181	1	7.8316119934e-02
10	182	1	8.4117097098e-02
10	183	1	8.2629313776e-02
10	184	1	8.1414551514e-02
10	185	1	7.8602347720e-02
10	186	1	7.8464944513e-02
10	187	1	8.2278106445e-02
10	188	1	8.3284598827e-02
10	189	1	8.2108151506e-02
10	190	1	8.2345351553e-02
10	191	1	8.3701262092e-02
10	192	1	8.3050701064e-02
10	193	1	8.0816036538e-02
10	194	1	8.6645446802e-02
10	195	1	8.3170456849e-02
10	196	1	8.7757189215e-02
10	197	1	8.1223707167e-02
10	198	1	8.1367485167e-02
10	199	1	8.2140307298e-02
11	0	1	5.3177582826e-02
11	1	1	5.5205299176e-02
11	2	1	5.0049687730e-02
11	3	1	5.3021117496e-02
11	4	1	5.1570331232e-02
11	5	1	5.5466404351e-02
11	6	1	4.9932362418e-02
11	7	1	5.3442568985e-02
11	8	1	4.9058814066e-02
11	9	1	5.2797561046e-02
11	10	1	4.9633159622e-02
11	11	1	5.3238271226e-02
11	12	1	5.1346690714e-02
11	13	1	4.9698339558e-02
11	14	1	5.1115344603e-02
11	15	1	5.2551012339e-02
11	16	1	5.3891334628e-02
11	17	1	4.4294688275e-02
11	18	1	5.1206979128e-02
11	19	1	4.9310620547e-02
11	20	1	5.2882424810e-02
11	21	1	5.0963650707e-02
11	22	1	5.3744530878e-02
11	23	1	4.8698054595e-02
11	24	1	5.0603036635e-02
11	25	1	5.3173217189e-02
11	26	1	4.7685121867e-02
11	27	1	4.9744975755e-02
11	28	1	5.0144647043e-02
11	29	1	5.1946799498e-02
11	30	1	4.9281796723e-02
11	31	1	5.3611999462e-02
11	32	1	5.2304172973e-02
11	33	1	5.1542114268e-02
11	34	1	5.1483133511e-02
11	35	1	4.7649269713e-02
11	36	1	4.7426912533e-02
11	37	1	4.9328123883e-02
11	38	1	5.1801681966e-02
11	39	1	5.3487604872e-02
11	40	1	4.8053769306e-02
11	41	1	5.0265146908e-02
11	42	1	4.7315827790e-02
11	43	1	4.9786656600e-02
11	44	1	4.6818633124e-02
11	45	1	5.1587874260e-02
11	46	1	4.7421267126e-02
11	47	1	5.5182357863e-02
11	48	1	5.2353085458e-02
11	49	1	5.1343430227e-02
11	50	1	5.1435732897e-02
11	51	1	5.3303958113e-02
11	52	1	5.3717677567e-02
11	53	1	4.9815398699e-02
11	54	1	5.2623347725e-02
11	55	1	5.2206509467e-02
11	56	1	5.4706301846e-02
11	57	1	5.1127458702e-02
11	58	1	5.3232802057e-02
11	59	1	5.4168116671e-02
11	60	1	4.7212728075e-02
11	61	1	5.1586808352e-02
11	62	1	5.4371459456e-02
11	63	1	4.9684607721e-02
11	64	1	5.4236301155e-02
11	65	1	5.1634987926e-02
11	66	1	5.3230641706e-02
11	67	1	5.3060668894e-02
11	68	1	5.2302297727e-02
11	69	1	5.1411634513e-02
11	70	1	5.1506654848e-02
11	71	1	5.3953922534e-02
11	72	1	5.0510483804e-02
11	73	1	5.3651781365e-02
11	74	1	5.1396432420e-02
11	75	1	5.0079776808e-02
11	76	1	5.3122147956e-02
11	77	1	5.0309675236e-02
11	78	1	5.6908505306e-02
11	79	1	5.3326797924e-02
11	80	1	5.3091909083e-02
11	81	1	5.0235352968e-02
11	82	1	5.0012401733e-02
11	83	1	5.2090501382e-02
11	84	1	5.5843223970e-02
11	85	1	5.2076774922e-02
11	86	1	5.8021309422e-02
11	87	1	5.0143044447e-02
11	88	1	5.3130545268e-02
11	89	1	5.0388917015e-02
11	90	1	5.1649585888e-02
11	91	1	4.7883865043e-02
11	92	1	5.4770364010e-02
11	93	1	4.7895048792e-02
11	94	1	5.0630586638e-02
11	95	1	4.9719323796e-02
11	96	1	5.3888574713e-02
11	97	1	5.3759842956e-02
11	98	1	5.2467946134e-02
11	99	1	5.1728140252e-02
11	100	1	5.1398842054e-02
11	101	1	5.1366644735e-02
11	102	1	4.9247341731e-02
11	103	1	4.9028665804e-02
11	104	1	5.3255416988e-02
11	105	1	5.1578257737e-02
11	106	1	5.7718169366e-02
11	107	1	5.1309763723e-02
11	108	1	5.3253239675e-02
11	109	1	5.6749948883e-02
11	110	1	5.2498317022e-02
11	111	1	5.1555905115e-02
11	112	1	5.2994808487e-02
11	113	1	5.1204846458e-02
11	114	1	5.3360201226e-02
11	115	1	5.0342735336e-02
11	116	1	5.1213587456e-02
11	117	1	5.3142658029e-02
11	118	1	5.8168820768e-02
11	119	1	5.3551082672e-02
11	120	1	5.2987234493e-02
11	121	1	4.9652969279e-02
11	122	1	5.2489487212e-02
11	123	1	4.8713945136e-02
11	124	1	5.1821093238e-02
11	125	1	4.9982694130e-02
11	126	1	5.2147873226e-02
11	127	1	5.4672493510e-02
11	128	1	5.0691020496e-02
11	129	1	5.4459550596e-02
11	130	1	4.5819369404e-02
11	131	1	5.0709970521e-02
11	132	1	5.1727867644e-02
11	133	1	5.4654799250e-02
11	134	1	5.0891172440e-02
11	135	1	5.7625456041e-02
11	136	1	5.1073112524e-02
11	137	1	5.0111137130e-02
11	138	1	5.2624857141e-02
11	139	1	4.9650732613e-02
11	140	1	4.9989470202e-02
11	141	1	5.6390123491e-02
11	142	1	5.0475680186e-02
11	143	1	5.3864382859e-02
11	144	1	4.9756549612e-02
11	145	1	5.6331893389e-02
11	146	1	5.0991237420e-02
11	147	1	5.4324926791e-02
11	148	1	5.1430950061e-02
11	149	1	5.2415976033e-02
11	150	1	4.9825676795e-02
11	151	1	5.0173898465e-02
11	152	1	5.0761729287e-02
11	153	1	4.9488521017e-02
11	154	1	4.5591575438e-02
11	155	1	5.2850681673e-02
11	156	1	4.6687951078e-02
11	157	1	5.2998049719e-02
11	158	1	5.2470814092e-02
11	159	1	4.9778934428e-02
11	160	1	5.3404408615e-02
11	161	1	5.2969001003e-02
11	162	1	5.4664432030e-02
11	163	1	4.8165173612e-02
11	164	1	5.2012868599e-02
11	165	1	5.4874363046e-02
11	166	1	5.3933744561e-02
11	167	1	4.9064389016e-02
11	168	1	4.9999655105e-02
11	169	1	5.4667374393e-02
11	170	1	5.2002115343e-02
11	171	1	5.2224300952e-02
11	172	1	5.1986503460e-02
11	173	1	5.5648108925e-02
11	174	1	5.2121042861e-02
11	175	1	5.0798335844e-02
11	176	1	5.3703740706e-02
11	177	1	5.0318432699e-02
11	178	1	5.1651545862e-02
11	179	1	5.0557799533e-02
11	180	1	5.3368928391e-02
11	181	1	4.6785506395e-02
11	182	1	5.2495228597e-02
11	183	1	5.2125524791e-02
11	184	1	4.9622984240e-02
11	185	1	4.6712683592e-02
11	186	1	4.7637356813e-02
11	187	1	5.1135636556e-02
11	188	1	5.1931820024e-02
11	189	1	5.0354694223e-02
11	190	1	5.1216841679e-02
11	191	1	5.1915382055e-02
11	192	1	5.1693854995e-02
11	193	1	5.0018507267e-02
11	194	1	5.6028832286e-02
11	195	1	5.0974917874e-02
11	196	1	5.6190009517e-02
11	197	1	5.0572505329e-02
11	198	1	5.0476673396e-02
11	199	1	5.1243199886e-02
12	0	1	3.0466781311e-02
12	1	1	3.2553832690e-02
12	2	1	2.8804581109e-02
12	3	1	3.0905387206e-02
12	4	1	2.9684946676e-02
12	5	1	3.2244491436e-02
12	6	1	2.8022685451e-02
12	7	1	3.0945465308e-02
12	8	1	2.5954526432e-02
12	9	1	3.0542868482e-02
12	10	1	2.8040932174e-02
12	11	1	3.0911823248e-02
12	12	1	2.8917814479e-02
12	13	1	2.7333404278e-02
12	14	1	2.8486267658e-02
12	15	1	3.0445080398e-02
12	16	1	3.1297709312e-02
12	17	1	2.1685901442e-02
12	18	1	2.8830011208e-02
12	19	1	2.6807703791e-02
12	20	1	3.0290470015e-02
12	21	1	2.9473309355e-02
12	22	1	3.1298572021e-02
12	23	1	2.6012887326e-02
12	24	1	2.8579995045e-02
12	25	1	2.9856673440e-02
12	26	1	2.5178668485e-02
12	27	1	2.7470742698e-02
12	28	1	2.8601700275e-02
12	29	1	2.9887716564e-02
12	30	1	2.7043100553e-02
12	31	1	3.1290612407e-02
12	32	1	2.9776367600e-02
12	33	1	2.9324719203e-02
12	34	1	2.9031557688e-02
12	35	1	2.5818588334e-02
12	36	1	2.5804359587e-02
12	37	1	2.7081869894e-02
12	38	1	2.9145599194e-02
12	39	1	3.0437564198e-02
12	40	1	2.5992976314e-02
12	41	1	2.7569926115e-02
12	42	1	2.5202186785e-02
12	43	1	2.7526841458e-02
12	44	1	2.4300206399e-02
12	45	1	2.9721228042e-02
12	46	1	2.4968510504e-02
12	47	1	3.3383346275e-02
12	48	1	3.0164002648e-02
12	49	1	2.8723609925e-02
12	50	1	2.8699050271e-02
12	51	1	3.0694829168e-02
12	52	1	3.1063687312e-02
12	53	1	2.7690802073e-02
12	54	1	3.0250233991e-02
12	55	1	3.0308406522e-02
12	56	1	3.1788079497e-02
12	57	1	2.9053827049e-02
12	58	1	3.0699901680e-02
12	59	1	3.2153371158e-02
12	60	1	2.4808530242e-02
12	61	1	2.9628527611e-02
12	62	1	3.1676268613e-02
12	63	1	2.6750714184e-02
12	64	1	3.1584886848e-02
12	65	1	2.9639802939e-02
12	66	1	3.1031356751e-02
12	67	1	3.1011368745e-02
12	68	1	2.9918964694e-02
12	69	1	2.9757075865e-02
12	70	1	2.9161446594e-02
12	71	1	3.1387791369e-02
12	72	1	2.8835748037e-02
12	73	1	3.2129076075e-02
12	74	1	2.8852981835e-02
12	75	1	2.7501288530e-02
12	76	1	3.1271103788e-02
12	77	1	2.8484916738e-02
12	78	1	3.4658031108e-02
12	79	1	3.0670783753e-02
12	80	1	3.1010162956e-02
12	81	1	2.8394059337e-02
12	82	1	2.7707778145e-02
12	83	1	2.9970242122e-02
12	84	1	3.3589960861e-02
12	85	1	3.0218500251e-02
12	86	1	3.5465480374e-02
12	87	1	2.7384355028e-02
12	88	1	3.0787900217e-02
12	89	1	2.8078652871e-02
12	90	1	2.9194522613e-02
12	91	1	2.5992456143e-02
12	92	1	3.2353046739e-02
12	93	1	2.6528378403e-02
12	94	1	2.7878801820e-02
12	95	1	2.7817605264e-02
12	96	1	3.1477131811e-02
12	97	1	3.2014201018e-02
12	98	1	3.0138970729e-02
12	99	1	2.9990133709e-02
12	100	1	2.9246313485e-02
12	101	1	2.9513247689e-02
12	102	1	2.6563451958e-02
12	103	1	2.6362815231e-02
12	104	1	3.0076108093e-02
12	105	1	2.9139549865e-02
12	106	1	3.5649489590e-02
12	107	1	2.9566237527e-02
12	108	1	3.0566371795e-02
12	109	1	3.3837605600e-02
12	110	1	3.0195420113e-02
12	111	1	2.9263295187e-02
12	112	1	3.0819404371e-02
12	113	1	2.8546529402e-02
12	114	1	3.1006299918e-02
12	115	1	2.8153219540e-02
12	116	1	2.9110942892e-02
12	117	1	3.0749688429e-02
12	118	1	3.6140933704e-02
12	119	1	3.1294009188e-02
12	120	1	3.1087811560e-02
12	121	1	2.7577551856e-02
12	122	1	3.0410308977e-02
12	123	1	2.6680040029e-02
12	124	1	2.9615241782e-02
12	125	1	2.7389136915e-02
12	126	1	3.0065208848e-02
12	127	1	3.2044073620e-02
12	128	1	2.8129184033e-02
12	129	1	3.2276606200e-02
12	130	1	2.4201071283e-02
12	131	1	2.8667273557e-02
12	132	1	2.9335153877e-02
12	133	1	3.2025763976e-02
12	134	1	2.7909618964e-02
12	135	1	3.5534532191e-02
12	136	1	2.8470145206e-02
12	137	1	2.7541300884e-02
12	138	1	3.0414622494e-02
12	139	1	2.8126221185e-02
12	140	1	2.7824207681e-02
12	141	1	3.4211786809e-02
12	142	1	2.7686902304e-02
12	143	1	3.2438216212e-02
12	144	1	2.7986133382e-02
12	145	1	3.4041326444e-02
12	146	1	2.8854574361e-02
12	147	1	3.1916015360e-02
12	148	1	2.9497752375e-02
12	149	1	3.0563226885e-02
12	150	1	2.7968690082e-02
12	151	1	2.7412940101e-02
12	152	1	2.7889373890e-02
12	153	1	2.7023794401e-02
12	154	1	2.3450704895e-02
12	155	1	3.0142373628e-02
12	156	1	2.4719804777e-02
12	157	1	3.0814534342e-02
12	158	1	3.0479000442e-02
12	159	1	2.6969345753e-02
12	160	1	3.0868647342e-02
12	161	1	3.0877035375e-02
12	162	1	3.2303723545e-02
12	163	1	2.5863455798e-02
12	164	1	2.9344025114e-02
12	165	1	3.2785728184e-02
12	166	1	3.1690010209e-02
12	167	1	2.7008141679e-02
12	168	1	2.7457446102e-02
12	169	1	3.2484537962e-02
12	170	1	2.9774252068e-02
12	171	1	2.9291759926e-02
12	172	1	2.9887077183e-02
12	173	1	3.3213896546e-02
12	174	1	2.9840339236e-02
12	175	1	2.8452556559e-02
12	176	1	3.1784940180e-02
12	177	1	2.8210695959e-02
12	178	1	2.8957794507e-02
12	179	1	2.7727344423e-02
12	180	1	3.1577851305e-02
12	181	1	2.4654736361e-02
12	182	1	2.9834594776e-02
12	183	1	3.0692103494e-02
12	184	1	2.7081182831e-02
12	185	1	2.3934889935e-02
12	186	1	2.5740268093e-02
12	187	1	2.8882154581e-02
12	188	1	2.9583385634e-02
12	189	1	2.7828381472e-02
12	190	1	2.9101480820e-02
12	191	1	2.9178974364e-02
12	192	1	2.9512202918e-02
12	193	1	2.8325863859e-02
12	194	1	3.3994130903e-02
12	195	1	2.8043204552e-02
12	196	1	3.3648672043e-02
12	197	1	2.9059524761e-02
12	198	1	2.8640053534e-02
12	199	1	2.9215250480e-02
13	0	1	1.5022802062e-02
13	1	1	1.7179657529e-02
13	2	1	1.4511206547e-02
13	3	1	1.5846892908e-02
13	4	1	1.5150154696e-02
13	5	1	1.6056288052e-02
13	6	1	1.3370581388e-02
13	7	1	1.5556403160e-02
13	8	1	1.0503789836e-02
13	9	1	1.5545298150e-02
13	10	1	1.3663037961e-02
13	11	1	1.5673562821e-02
13	12	1	1.3850764841e-02
13	13	1	1.2284122689e-02
13	14	1	1.3240741381e-02
13	15	1	1.5777205804e-02
13	16	1	1.5771320565e-02
13	17	1	6.7698330861e-03
13	18	1	1.3735244810e-02
13	19	1	1.1522655870e-02
13	20	1	1.4845398185e-02
13	21	1	1.5058279010e-02
13	22	1	1.5649210826e-02
13	23	1	1.0678053367e-02
13	24	1	1.3870425955e-02
13	25	1	1.3753325203e-02
13	26	1	1.0171785963e-02
13	27	1	1.2740131217e-02
13	28	1	1.4090560198e-02
13	29	1	1.4860770690e-02
13	30	1	1.2221678429e-02
13	31	1	1.6168040828e-02
13	32	1	1.4435491945e-02
13	33	1	1.4077690936e-02
13	34	1	1.3772620107e-02
13	35	1	1.1263725397e-02
13	36	1	1.1507164850e-02
13	37	1	1.2209019005e-02
13	38	1	1.3615480140e-02
13	39	1	1.4712628883e-02
13	40	1	1.1270291535e-02
13	41	1	1.2267063757e-02
13	42	1	1.0334385786e-02
13	43	1	1.2618643503e-02
13	44	1	9.2545455463e-03
13	45	1	1.5094701778e-02
13	46	1	1.0087084359e-02
13	47	1	1.8655549556e-02
13	48	1	1.5131423817e-02
13	49	1	1.3173784621e-02
13	50	1	1.3321181191e-02
13	51	1	1.5470937172e-02
13	52	1	1.5698938558e-02
13	53	1	1.2843744818e-02
13	54	1	1.5042722729e-02
13	55	1	1.5467556154e-02
13	56	1	1.6349684709e-02
13	57	1	1.3842841187e-02
13	58	1	1.5362426713e-02
13	59	1	1.7366811462e-02
13	60	1	1.0218289138e-02
13	61	1	1.4856206179e-02
13	62	1	1.5975971090e-02
13	63	1	1.1397230851e-02
13	64	1	1.6012435738e-02
13	65	1	1.4837190415e-02
13	66	1	1.5908265953e-02
13	67	1	1.6171423209e-02
13	68	1	1.4613028162e-02
13	69	1	1.5304993634e-02
13	70	1	1.4155005712e-02
13	71	1	1.5909212408e-02
13	72	1	1.4467444255e-02
13	73	1	1.7615741882e-02
13	74	1	1.3562753635e-02
13	75	1	1.2292405018e-02
13	76	1	1.6525732667e-02
13	77	1	1.4047693589e-02
13	78	1	1.9609972047e-02
13	79	1	1.4969945787e-02
13	80	1	1.6156284975e-02
13	81	1	1.3909958600e-02
13	82	1	1.2646651598e-02
13	83	1	1.5177191955e-02
13	84	1	1.8529885381e-02
13	85	1	1.5488122739e-02
13	86	1	2.0007322701e-02
13	87	1	1.1865854980e-02
13	88	1	1.5871110669e-02
13	89	1	1.3098626213e-02
13	90	1	1.3895127898e-02
13	91	1	1.1536144874e-02
13	92	1	1.6915562560e-02
13	93	1	1.2293468186e-02
13	94	1	1.2294956529e-02
13	95	1	1.3300379851e-02
13	96	1	1.6107283996e-02
13	97	1	1.7293836742e-02
13	98	1	1.4939124139e-02
13	99	1	1.5235573832e-02
13	100	1	1.4222985314e-02
13	101	1	1.5068375317e-02
13	102	1	1.1173265143e-02
13	103	1	1.1215129106e-02
13	104	1	1.4735420546e-02
13	105	1	1.3984306183e-02
13	106	1	2.0393667536e-02
13	107	1	1.5000926162e-02
13	108	1	1.5108531916e-02
13	109	1	1.8198047239e-02
13	110	1	1.5230761781e-02
13	111	1	1.4335435900e-02
13	112	1	1.5804010727e-02
13	113	1	1.3378746660e-02
13	114	1	1.5888724116e-02
13	115	1	1.3157272803e-02
13	116	1	1.4252498872e-02
13	117	1	1.5454481369e-02
13	118	1	2.1014710470e-02
13	119	1	1.6405066690e-02
13	120	1	1.6334809178e-02
13	121	1	1.2741778250e-02
13	122	1	1.5603880718e-02
13	123	1	1.2107293699e-02
13	124	1	1.4551936274e-02
13	125	1	1.2172446778e-02
13	126	1	1.5192118190e-02
13	127	1	1.6489915444e-02
13	128	1	1.2836217939e-02
13	129	1	1.7083377480e-02
13	130	1	9.7741337681e-03
13	131	1	1.3780620813e-02
13	132	1	1.4300255235e-02
13	133	1	1.6659956547e-02
13	134	1	1.2139109564e-02
13	135	1	2.0271946603e-02
13	136	1	1.3221542069e-02
13	137	1	1.2230911107e-02
13	138	1	1.5533634208e-02
13	139	1	1.3757121770e-02
13	140	1	1.2991413403e-02
13	141	1	1.9069982546e-02
13	142	1	1.2328676118e-02
13	143	1	1.8011463794e-02
13	144	1	1.3357564975e-02
13	145	1	1.8644269756e-02
13	146	1	1.4061953411e-02
13	147	1	1.6587135930e-02
13	148	1	1.4687451906e-02
13	149	1	1.5876665701e-02
13	150	1	1.3299220934e-02
13	151	1	1.2059888903e-02
13	152	1	1.2366848820e-02
13	153	1	1.1526785753e-02
13	154	1	9.0522268156e-03
13	155	1	1.4789782632e-02
13	156	1	1.0182525060e-02
13	157	1	1.5951696307e-02
13	158	1	1.5423596413e-02
13	159	1	1.1271001879e-02
13	160	1	1.5609494637e-02
13	161	1	1.5852063287e-02
13	162	1	1.6964114991e-02
13	163	1	1.0858975372e-02
13	164	1	1.4225023554e-02
13	165	1	1.7978506548e-02
13	166	1	1.6252865768e-02
13	167	1	1.2466869510e-02
13	168	1	1.2217070628e-02
13	169	1	1.7248146653e-02
13	170	1	1.4739866686e-02
13	171	1	1.3481008522e-02
13	172	1	1.4936314002e-02
13	173	1	1.7849782204e-02
13	174	1	1.4764240682e-02
13	175	1	1.3372724246e-02
13	176	1	1.6783043801e-02
13	177	1	1.3426381520e-02
13	178	1	1.3420837582e-02
13	179	1	1.2172241445e-02
13	180	1	1.6569676163e-02
13	181	1	1.0126835053e-02
13	182	1	1.4416110384e-02
13	183	1	1.6357131724e-02
13	184	1	1.1953521220e-02
13	185	1	8.6092931875e-03
13	186	1	1.0965397931e-02
13	187	1	1.3683610609e-02
13	188	1	1.4452615048e-02
13	189	1	1.2750184981e-02
13	190	1	1.4122634744e-02
13	191	1	1.3769102283e-02
13	192	1	1.4782812716e-02
13	193	1	1.3759485665e-02
13	194	1	1.8656994884e-02
13	195	1	1.2677544389e-02
13	196	1	1.8353128648e-02
13	197	1	1.4545135910e-02
13	198	1	1.4035249121e-02
13	199	1	1.4345450018e-02
14	0	1	5.3507340039e-03
14	1	1	7.5001344460e-03
14	2	1	5.5115768517e-03
14	3	1	6.3530368598e-03
14	4	1	6.3083911685e-03
14	5	1	5.5329089516e-03
14	6	1	4.2303493142e-03
14	7	1	5.7707026514e-03
14	8	1	1.1097975857e-03
14	9	1	6.1678713865e-03
14	10	1	4.6788237409e-03
14	11	1	5.9002867891e-03
14	12	1	4.4686293346e-03
14	13	1	2.8837637907e-03
14	14	1	3.7846171212e-03
14	15	1	6.8651264336e-03
14	16	1	6.0127980745e-03
14	17	1	-2.1378395390e-03
14	18	1	4.2313470915e-03
14	19	1	1.9399713078e-03
14	20	1	5.0777102659e-03
14	21	1	6.2095050392e-03
14	22	1	5.6423728487e-03
14	23	1	1.0158254888e-03
14	24	1	4.8185387669e-03
14	25	1	3.4077100252e-03
14	26	1	1.0786809162e-03
14	27	1	3.8508682425e-03
14	28	1	5.1402098623e-03
14	29	1	5.4484746481e-03
14	30	1	3.2297893303e-03
14	31	1	6.5930910438e-03
14	32	1	4.6718371205e-03
14	33	1	4.3062770831e-03
14	34	1	4.0491311080e-03
14	35	1	2.3427022152e-03
14	36	1	2.9023398453e-03
14	37	1	2.9873744498e-03
14	38	1	3.6780525860e-03
14	39	1	4.8987809823e-03
14	40	1	2.2264956831e-03
14	41	1	2.8223250351e-03
14	42	1	1.0792771114e-03
14	43	1	3.3126552885e-03
14	44	1	5.3829546519e-05
14	45	1	5.9402572304e-03
14	46	1	9.1812922295e-04
14	47	1	9.3687822301e-03
14	48	1	5.7002337191e-03
14	49	1	3.2912625490e-03
14	50	1	3.7071946405e-03
14	51	1	6.1101456166e-03
14	52	1	5.9956267426e-03
14	53	1	3.6748316320e-03
14	54	1	5.3923587940e-03
14	55	1	6.1343614435e-03
14	56	1	6.9233803344e-03
14	57	1	4.1049755955e-03
14	58	1	5.4934595969e-03
14	59	1	8.1542568026e-03
14	60	1	1.6115685170e-03
14	61	1	5.6143604126e-03
14	62	1	5.7853286013e-03
14	63	1	1.9097813506e-03
14	64	1	6.0101273465e-03
14	65	1	5.5778765871e-03
14	66	1	6.3184238001e-03
14	67	1	6.8413731018e-03
14	68	1	4.9273154922e-03
14	69	1	6.3949110557e-03
14	70	1	4.8555609202e-03
14	71	1	5.9239283798e-03
14	72	1	5.5068430319e-03
14	73	1	8.4084424595e-03
14	74	1	4.1670969859e-03
14	75	1	2.7957165081e-03
14	76	1	7.3067648434e-03
14	77	1	5.2220615748e-03
14	78	1	1.0051640142e-02
14	79	1	4.8281818345e-03
14	80	1	6.7823623871e-03
14	81	1	5.0061881443e-03
14	82	1	3.3555153104e-03
14	83	1	6.0144511512e-03
14	84	1	8.9862962303e-03
14	85	1	6.1621115275e-03
14	86	1	1.0119312815e-02
14	87	1	1.9925993905e-03
14	88	1	6.5765865637e-03
14	89	1	3.9367573301e-03
14	90	1	4.1755937677e-03
14	91	1	2.7631918467e-03
14	92	1	6.9473738483e-03
14	93	1	3.5544729698e-03
14	94	1	2.4017448644e-03
14	95	1	4.5446349187e-03
14	96	1	6.2279518131e-03
14	97	1	7.9941511187e-03
14	98	1	5.2290744143e-03
14	99	1	6.0300838406e-03
14	100	1	4.6504273811e-03
14	101	1	6.2080275185e-03
14	102	1	1.5111923330e-03
14	103	1	1.9960576401e-03
14	104	1	5.4909782764e-03
14	105	1	4.5053577724e-03
14	106	1	1.0566720455e-02
14	107	1	5.8715601185e-03
14	108	1	5.3927851106e-03
14	109	1	8.1232817035e-03
14	110	1	5.8662977651e-03
14	111	1	5.2157550837e-03
14	112	1	6.3623224898e-03
14	113	1	4.1273984492e-03
14	114	1	6.4450822042e-03
14	115	1	3.9155996646e-03
14	116	1	5.0358669977e-03
14	117	1	5.6977864248e-03
14	118	1	1.1262686080e-02
14	119	1	7.2962571073e-03
14	120	1	7.0168164299e-03
14	121	1	3.4958066420e-03
14	122	1	6.2632460817e-03
14	123	1	3.3510879696e-03
14	124	1	4.9951706862e-03
14	125	1	2.7201383294e-03
14	126	1	6.0531277080e-03
14	127	1	6.6091819684e-03
14	128	1	3.1355286383e-03
14	129	1	7.2248423863e-03
14	130	1	8.9323715787e-04
14	131	1	4.4127747024e-03
14	132	1	4.9079676762e-03
14	133	1	7.0225086858e-03
14	134	1	2.2694728668e-03
14	135	1	1.0385257882e-02
14	136	1	3.7497624642e-03
14	137	1	2.7712846949e-03
14	138	1	6.3117344294e-03
14	139	1	4.7312923812e-03
14	140	1	3.8686896288e-03
14	141	1	9.4412308277e-03
14	142	1	2.7674841703e-03
14	143	1	8.9744886809e-03
14	144	1	4.2531779407e-03
14	145	1	8.6599349772e-03
14	146	1	4.8462108982e-03
14	147	1	6.9605752473e-03
14	148	1	5.4057264558e-03
14	149	1	6.7135923239e-03
14	150	1	4.2023092974e-03
14	151	1	2.4467408733e-03
14	152	1	2.6379040516e-03
14	153	1	1.5632136249e-03
14	154	1	5.0243739231e-04
14	155	1	5.1605798440e-03
14	156	1	1.2736493487e-03
14	157	1	6.5855297586e-03
14	158	1	5.7206596215e-03
14	159	1	1.3866990619e-03
14	160	1	6.0669288249e-03
14	161	1	6.2246351335e-03
14	162	1	7.2489840840e-03
14	163	1	1.5225232414e-03
14	164	1	4.9980869075e-03
14	165	1	8.8210634542e-03
14	166	1	6.3479988362e-03
14	167	1	3.7744743869e-03
14	168	1	2.6775478550e-03
14	169	1	7.5161917495e-03
14	170	1	5.4845455336e-03
14	171	1	3.3264389549e-03
14	172	1	5.4621764171e-03
14	173	1	7.8741008745e-03
14	174	1	5.3983854966e-03
14	175	1	3.8937873756e-03
14	176	1	7.1946238550e-03
14	177	1	4.4277362177e-03
14	178	1	3.4388563687e-03
14	179	1	2.4807038171e-03
14	180	1	6.8565546368e-03
14	181	1	1.4213330729e-03
14	182	1	4.8228349697e-03
14	183	1	7.4593354814e-03
14	184	1	2.6152944921e-03
14	185	1	-7.7261072069e-04
14	186	1	1.8813862216e-03
14	187	1	4.0894973061e-03
14	188	1	5.0554132209e-03
14	189	1	3.5394129009e-03
14	190	1	4.7120918993e-03
14	191	1	4.1506001533e-03
14	192	1	5.8723020349e-03
14	193	1	4.6929950180e-03
14	194	1	8.5714758093e-03
14	195	1	3.1949345048e-03
14	196	1	8.7699704433e-03
14	197	1	5.2562552197e-03
14	198	1	5.0164133662e-03
14	199	1	5.2034260302e-03
15	0	1	-1.7557644836e-04
15	1	1	1.8469107740e-03
15	2	1	3.5561642069e-04
15	3	1	8.7840167271e-04
15	4	1	1.4699738198e-03
15	5	1	-7.1212509511e-04
15	6	1	-1.1953663714e-03
15	7	1	5.2884882162e-05
15	8	1	-3.9843789282e-03
15	9	1	6.9884641760e-04
15	10	1	-6.3988068778e-04
15	11	1	-4.8409232041e-05
15	12	1	-9.5480389789e-04
15	13	1	-2.5120543998e-03
15	14	1	-1.4695740018e-03
15	15	1	1.9339995375e-03
15	16	1	5.2714692053e-04
15	17	1	-6.7822860109e-03
15	18	1	-1.4492597728e-03
15	19	1	-3.6007602471e-03
15	20	1	-6.6395901590e-04
15	21	1	1.3612295976e-03
15	22	1	-7.9863802735e-05
15	23	1	-4.6743523235e-03
15	24	1	-1.9454297899e-04
15	25	1	-2.7143677945e-03
15	26	1	-3.8035219875e-03
15	27	1	-9.5973853814e-04
15	28	1	1.9784488323e-04
15	29	1	1.8364747627e-04
15	30	1	-1.6082880545e-03
15	31	1	8.9393483355e-04
15	32	1	-1.1038291286e-03
15	33	1	-1.4582116350e-03
15	34	1	-1.7076116591e-03
15	35	1	-2.5579774538e-03
15	36	1	-1.6725158731e-03
15	37	1	-2.2513710304e-03
15	38	1	-2.2272475037e-03
15	39	1	-5.5007419870e-04
15	40	1	-2.8975058362e-03
15	41	1	-2.4398740051e-03
15	42	1	-4.1326077407e-03
15	43	1	-2.1372197230e-03
15	44	1	-5.0084565557e-03
15	45	1	5.3213130948e-04
15	46	1	-4.4175593846e-03
15	47	1	3.7953902643e-03
15	48	1	2.6024786653e-04
15	49	1	-2.3403651976e-03
15	50	1	-1.7668734625e-03
15	51	1	9.4656010679e-04
15	52	1	3.1132211407e-04
15	53	1	-1.3771421825e-03
15	54	1	-3.5897093540e-04
15	55	1	6.5898817369e-04
15	56	1	1.8865178708e-03
15	57	1	-1.4955289282e-03
15	58	1	-5.8268193220e-04
15	59	1	2.8189179051e-03
15	60	1	-2.9818825996e-03
15	61	1	2.8307038758e-04
15	62	1	-2.5827970534e-04
15	63	1	-3.3715421440e-03
15	64	1	5.9846020029e-05
15	65	1	1.5285413580e-04
15	66	1	7.2257738684e-04
15	67	1	1.3581694417e-03
15	68	1	-6.0477151362e-04
15	69	1	1.3582443392e-03
15	70	1	-4.2588475765e-04
15	71	1	-2.3441660319e-04
15	72	1	8.4611944467e-05
15	73	1	2.8920624967e-03
15	74	1	-8.7690975105e-04
15	75	1	-2.5363535161e-03
15	76	1	2.0869964285e-03
15	77	1	3.4954750707e-04
15	78	1	4.3751820268e-03
15	79	1	-1.1236891475e-03
15	80	1	1.3447318148e-03
15	81	1	1.4500660900e-05
15	82	1	-1.7129482513e-03
15	83	1	7.1858294111e-04
15	84	1	3.1951040771e-03
15	85	1	6.2993046327e-04
15	86	1	4.2802664546e-03
15	87	1	-3.8378610951e-03
15	88	1	9.8050936995e-04
15	89	1	-1.0504234256e-03
15	90	1	-1.5529870937e-03
15	91	1	-2.0684815041e-03
15	92	1	9.7728857867e-04
15	93	1	-1.2422846285e-03
15	94	1	-3.3169857753e-03
15	95	1	-1.8304516831e-04
15	96	1	3.7842263240e-04
15	97	1	2.6242755348e-03
15	98	1	-6.2206203974e-04
15	99	1	7.6688856929e-04
15	100	1	-1.0355275285e-03
15	101	1	1.1140930395e-03
15	102	1	-4.0326121248e-03
15	103	1	-2.9986649056e-03
15	104	1	2.6575720288e-04
15	105	1	-9.5661910777e-04
15	106	1	4.7561918945e-03
15	107	1	5.8619617229e-04
15	108	1	-2.2002308592e-04
15	109	1	1.9443432732e-03
15	110	1	3.5952390958e-04
15	111	1	1.2130022431e-04
15	112	1	9.5408462243e-04
15	113	1	-1.0433626816e-03
15	114	1	1.0046389296e-03
15	115	1	-1.1332104001e-03
15	116	1	-2.2385600966e-04
15	117	1	-1.1008512644e-04
15	118	1	5.4547134011e-03
15	119	1	2.2672806135e-03
15	120	1	1.3537309311e-03
15	121	1	-1.7615833346e-03
15	122	1	6.9778422085e-04
15	123	1	-1.2725615668e-03
15	124	1	-5.8818902299e-04
15	125	1	-2.6232892587e-03
15	126	1	1.0339960414e-03
15	127	1	8.9510583179e-04
15	128	1	-2.5415764467e-03
15	129	1	1.1144692376e-03
15	130	1	-3.9793458140e-03
15	131	1	-9.3975234949e-04
15	132	1	-5.4925798151e-04
15	133	1	1.4515048977e-03
15	134	1	-3.0898499471e-03
15	135	1	4.5562083559e-03
15	136	1	-1.5676064814e-03
15	137	1	-2.4497869827e-03
15	138	1	9.8887443466e-04
15	139	1	-6.3782780963e-04
15	140	1	-1.1659242205e-03
15	141	1	3.7830096251e-03
15	142	1	-2.6196770315e-03
15	143	1	3.7129038308e-03
15	144	1	-1.0112854801e-03
15	145	1	2.6857407940e-03
15	146	1	-5.9186168973e-04
15	147	1	1.5807235042e-03
15	148	1	-2.3516818886e-05
15	149	1	1.3134494157e-03
15	150	1	-1.0748759588e-03
15	151	1	-3.1841219594e-03
15	152	1	-2.9248462562e-03
15	153	1	-4.2246858034e-03
15	154	1	-4.1553542314e-03
15	155	1	-3.7035366016e-04
15	156	1	-3.7067812204e-03
15	157	1	1.0435648987e-03
15	158	1	-1.4118657542e-04
15	159	1	-4.0960183098e-03
15	160	1	6.2041193958e-04
15	161	1	4.3292543783e-04
15	162	1	1.7436076025e-03
15	163	1	-3.8472554396e-03
15	164	1	-1.0052611254e-04
15	165	1	3.5723539030e-03
15	166	1	6.9115029716e-04
15	167	1	-8.3232330798e-04
15	168	1	-2.7992629452e-03
15	169	1	1.9666471828e-03
15	170	1	2.0165437683e-04
15	171	1	-2.5910393856e-03
15	172	1	-1.6114500103e-04
15	173	1	1.7417993831e-03
15	174	1	1.8454307741e-04
15	175	1	-1.6311794059e-03
15	176	1	1.5480412426e-03
15	177	1	-5.3377730699e-04
15	178	1	-2.4981785163e-03
15	179	1	-2.8846534903e-03
15	180	1	1.0930970323e-03
15	181	1	-3.3850008494e-03
15	182	1	-5.8174683694e-04
15	183	1	2.3876395646e-03
15	184	1	-2.5506799075e-03
15	185	1	-5.8612416688e-03
15	186	1	-2.9814886734e-03
15	187	1	-1.4303177934e-03
15	188	1	-1.3605844286e-04
15	189	1	-1.4585179581e-03
15	190	1	-7.6118777272e-04
15	191	1	-1.2646735027e-03
15	192	1	1.0687375308e-03
15	193	1	-4.8751830975e-04
15	194	1	2.3330670769e-03
15	195	1	-2.2270388892e-03
15	196	1	3.2711966789e-03
15	197	1	-3.4963938054e-04
15	198	1	-1.3205522279e-04
15	199	1	1.8599291556e-04
16	0	1	-3.2511067790e-03
16	1	1	-1.4175021022e-03
16	2	1	-2.5370019155e-03
16	3	1	-2.2324488660e-03
16	4	1	-1.1200991611e-03
16	5	1	-4.2027798523e-03
16	6	1	-4.4309288843e-03
16	7	1	-3.1886621714e-03
16	8	1	-6.4723633859e-03
16	9	1	-2.3886570911e-03
16	10	1	-3.7561555667e-03
16	11	1	-3.6071862040e-03
16	12	1	-3.9461639385e-03
16	13	1	-5.4278880819e-03
16	14	1	-4.1421586532e-03
16	15	1	-6.2917326015e-04
16	16	1	-2.3754037443e-03
16	17	1	-8.7940919274e-03
16	18	1	-4.8061495290e-03
16	19	1	-6.6444591322e-03
16	20	1	-4.0409923611e-03
16	21	1	-1.1721773579e-03
16	22	1	-3.0301998838e-03
16	23	1	-7.8327963657e-03
16	24	1	-2.7948876410e-03
16	25	1	-6.0704028150e-03
16	26	1	-6.1142804523e-03
16	27	1	-3.3522764640e-03
16	28	1	-2.1760615319e-03
16	29	1	-2.5546826657e-03
16	30	1	-3.9695432606e-03
16	31	1	-2.4999008024e-03
16	32	1	-4.3645454136e-03
16	33	1	-4.6805224664e-03
16	34	1	-5.0184394155e-03
16	35	1	-4.9016272159e-03
16	36	1	-3.7853704240e-03
16	37	1	-5.0332058650e-03
16	38	1	-5.5862676274e-03
16	39	1	-3.2920873853e-03
16	40	1	-5.6116374087e-03
16	41	1	-5.1894368523e-03
16	42	1	-6.7168672221e-03
16	43	1	-5.1991962912e-03
16	44	1	-7.4353218548e-03
16	45	1	-2.7294911267e-03
16	46	1	-7.3792476635e-03
16	47	1	4.2059385853e-04
16	48	1	-2.7926555675e-03
16	49	1	-5.2566987414e-03
16	50	1	-4.5744438496e-03
16	51	1	-1.8638101789e-03
16	52	1	-3.0261249302e-03
16	53	1	-3.7812473242e-03
16	54	1	-3.7809267517e-03
16	55	1	-2.4812309160e-03
16	56	1	-5.2774468792e-04
16	57	1	-4.3794207724e-03
16	58	1	-4.2917528510e-03
16	59	1	-3.1746296970e-04
16	60	1	-5.4753401836e-03
16	61	1	-2.6824445817e-03
16	62	1	-3.5286520886e-03
16	63	1	-5.9944106948e-03
16	64	1	-3.3639594088e-03
16	65	1	-3.0121355474e-03
16	66	1	-2.3872937940e-03
16	67	1	-1.7591517481e-03
16	68	1	-3.3895159594e-03
16	69	1	-1.5577571067e-03
16	70	1	-3.2256693951e-03
16	71	1	-4.1345507782e-03
16	72	1	-3.3430980876e-03
16	73	1	-4.6962817548e-04
16	74	1	-3.1388903711e-03
16	75	1	-5.1613167060e-03
16	76	1	-5.8905951038e-04
16	77	1	-2.0585089617e-03
16	78	1	1.0167988891e-03
16	79	1	-4.3439814237e-03
16	80	1	-1.5784643800e-03
16	81	1	-2.5716373095e-03
16	82	1	-4.1032265522e-03
16	83	1	-2.4140797119e-03
16	84	1	-5.8437666311e-04
16	85	1	-2.7526188929e-03
16	86	1	9.4678290397e-04
16	87	1	-7.0827160490e-03
16	88	1	-2.6404814149e-03
16	89	1	-3.5257591510e-03
16	90	1	-4.7952125101e-03
16	91	1	-4.5031643084e-03
16	92	1	-2.4292972730e-03
16	93	1	-3.6919044037e-03
16	94	1	-6.3635815084e-03
16	95	1	-2.6196137505e-03
16	96	1	-2.8927898723e-03
16	97	1	-3.5633055361e-04
16	98	1	-4.0984654349e-03
16	99	1	-2.2499067663e-03
16	100	1	-4.2105767656e-03
16	101	1	-1.7785059146e-03
16	102	1	-6.9890596099e-03
16	103	1	-5.3590230683e-03
16	104	1	-2.8726167635e-03
16	105	1	-3.8463412224e-03
16	106	1	1.4621545657e-03
16	107	1	-2.3827132679e-03
16	108	1	-3.2919040114e-03
16	109	1	-1.8501721126e-03
16	110	1	-2.8199071731e-03
16	111	1	-2.6752935898e-03
16	112	1	-2.0009921357e-03
16	113	1	-3.9765942636e-03
16	114	1	-1.9973450103e-03
16	115	1	-3.5424663923e-03
16	116	1	-3.1346419379e-03
16	117	1	-3.4749251282e-03
16	118	1	2.0119240533e-03
16	119	1	-3.1209057371e-04
16	120	1	-2.3170304943e-03
16	121	1	-4.6402593842e-03
16	122	1	-2.4821547868e-03
16	123	1	-3.4183336773e-03
16	124	1	-3.6148640473e-03
16	125	1	-5.5321714938e-03
16	126	1	-1.5229458828e-03
16	127	1	-2.1355862743e-03
16	128	1	-5.6900887080e-03
16	129	1	-2.7798092282e-03
16	130	1	-6.2733649598e-03
16	131	1	-3.8208830920e-03
16	132	1	-3.5409157575e-03
16	133	1	-1.6709667621e-03
16	134	1	-5.6711465782e-03
16	135	1	1.3365817587e-03
16	136	1	-4.2403686838e-03
16	137	1	-5.2217109477e-03
16	138	1	-1.8852961746e-03
16	139	1	-3.7253203007e-03
16	140	1	-3.6454061082e-03
16	141	1	5.5693377674e-04
16	142	1	-5.4384532378e-03
16	143	1	6.0022276084e-04
16	144	1	-3.9303453946e-03
16	145	1	-5.6647786723e-04
16	146	1	-3.8455524404e-03
16	147	1	-1.1462197395e-03
16	148	1	-3.0862445474e-03
16	149	1	-2.0601942148e-03
16	150	1	-4.1757574091e-03
16	151	1	-6.3969091841e-03
16	152	1	-5.9194815427e-03
16	153	1	-7.1552790670e-03
16	154	1	-6.4500407209e-03
16	155	1	-3.1151776084e-03
16	156	1	-6.3275256172e-03
16	157	1	-2.3307459355e-03
16	158	1	-3.6782317352e-03
16	159	1	-6.8209438271e-03
16	160	1	-2.4424117806e-03
16	161	1	-2.9289058889e-03
16	162	1	-1.1548952283e-03
16	163	1	-6.8288400041e-03
16	164	1	-2.7480392364e-03
16	165	1	5.4971131371e-04
16	166	1	-2.4767076995e-03
16	167	1	-3.1332654328e-03
16	168	1	-5.6744945948e-03
16	169	1	-7.8346732515e-04
16	170	1	-2.8163804058e-03
16	171	1	-5.7268102274e-03
16	172	1	-3.4070746085e-03
16	173	1	-1.9677063447e-03
16	174	1	-2.4288614920e-03
16	175	1	-4.6748495481e-03
16	176	1	-1.4916669654e-03
16	177	1	-3.2118039235e-03
16	178	1	-5.9317532151e-03
16	179	1	-5.5728425731e-03
16	180	1	-2.1287615899e-03
16	181	1	-6.0137556367e-03
16	182	1	-3.3580691682e-03
16	183	1	-4.7468258844e-04
16	184	1	-5.2327608728e-03
16	185	1	-8.2120213967e-03
16	186	1	-5.1212830327e-03
16	187	1	-4.3542165440e-03
16	188	1	-2.6946040592e-03
16	189	1	-3.9190718613e-03
16	190	1	-3.8508114029e-03
16	191	1	-4.1191783911e-03
16	192	1	-1.3350433287e-03
16	193	1	-3.4137250264e-03
16	194	1	-1.3984075965e-03
16	195	1	-5.2627884713e-03
16	196	1	1.5655231391e-04
16	197	1	-3.6066546554e-03
16	198	1	-3.0282153828e-03
16	199	1	-2.3832490113e-03
17	0	1	-4.7808045946e-03
17	1	1	-3.1585785664e-03
17	2	1	-4.2029844137e-03
17	3	1	-4.0631573175e-03
17	4	1	-2.4198778102e-03
17	5	1	-5.7665598955e-03
17	6	1	-6.1919493264e-03
17	7	1	-4.9588362393e-03
17	8	1	-7.2427068646e-03
17	9	1	-3.7787426675e-03
17	10	1	-5.4032751074e-03
17	11	1	-5.4473762194e-03
17	12	1	-5.4126730971e-03
17	13	1	-6.6857247218e-03
17	14	1	-5.2434488154e-03
17	15	1	-1.7303111161e-03
17	16	1	-3.6565774709e-03
17	17	1	-9.2013613260e-03
17	18	1	-6.5488745797e-03
17	19	1	-7.9269489225e-03
17	20	1	-6.0892558026e-03
17	21	1	-2.2260200528e-03
17	22	1	-4.0181662217e-03
17	23	1	-9.2728349910e-03
17	24	1	-3.9292177948e-03
17	25	1	-7.4800227756e-03
17	26	1	-6.8836757737e-03
17	27	1	-4.1797353241e-03
17	28	1	-2.7084647451e-03
17	29	1	-3.6851341222e-03
17	30	1	-4.8326938847e-03
17	31	1	-4.2688932270e-03
17	32	1	-5.9696757702e-03
17	33	1	-6.3027513328e-03
17	34	1	-6.7719567161e-03
17	35	1	-5.5606988729e-03
17	36	1	-4.4207822014e-03
17	37	1	-6.1707581321e-03
17	38	1	-7.1662951206e-03
17	39	1	-4.2374056581e-03
17	40	1	-6.6325024477e-03
17	41	1	-6.2723246272e-03
17	42	1	-7.6404574417e-03
17	43	1	-6.6575461512e-03
17	44	1	-8.0709028159e-03
17	45	1	-4.6324284939e-03
17	46	1	-8.7852395333e-03
17	47	1	-1.4811694738e-03
17	48	1	-4.3818266600e-03
17	49	1	-6.4747321352e-03
17	50	1	-5.5933727838e-03
17	51	1	-3.4552443897e-03
17	52	1	-4.8122632209e-03
17	53	1	-4.4324237306e-03
17	54	1	-5.6471968310e-03
17	55	1	-3.8928118162e-03
17	56	1	-1.4176882716e-03
17	57	1	-5.5350851576e-03
17	58	1	-6.3849320258e-03
17	59	1	-2.1439802098e-03
17	60	1	-6.7163151338e-03
17	61	1	-4.0557751921e-03
17	62	1	-4.9111093137e-03
17	63	1	-6.8638265945e-03
17	64	1	-5.1207394977e-03
17	65	1	-4.7760243968e-03
17	66	1	-4.0301012448e-03
17	67	1	-3.3327254738e-03
17	68	1	-4.3403261630e-03
17	69	1	-3.3621815118e-03
17	70	1	-4.4806906663e-03
17	71	1	-6.4600590332e-03
17	72	1	-5.4361410789e-03
17	73	1	-2.5175024808e-03
17	74	1	-3.6704193092e-03
17	75	1	-6.0759436506e-03
17	76	1	-1.6522081388e-03
17	77	1	-2.8996270974e-03
17	78	1	-7.5602520772e-04
17	79	1	-5.7917564797e-03
17	80	1	-2.9878445995e-03
17	81	1	-3.6643060605e-03
17	82	1	-4.8054781778e-03
17	83	1	-4.0243766576e-03
17	84	1	-3.1094251291e-03
17	85	1	-4.8457834948e-03
17	86	1	-8.8884506787e-04
17	87	1	-8.5046289640e-03
17	88	1	-4.9214282814e-03
17	89	1	-4.4841668436e-03
17	90	1	-6.3831700092e-03
17	91	1	-5.4188561324e-03
17	92	1	-3.9589570106e-03
17	93	1	-4.6646367685e-03
17	94	1	-7.3967586568e-03
17	95	1	-3.7688634455e-03
17	96	1	-4.4996670011e-03
17	97	1	-1.8261067729e-03
17	98	1	-5.9280619949e-03
17	99	1	-3.8924883219e-03
17	100	1	-5.7794072997e-03
17	101	1	-3.2228841846e-03
17	102	1	-8.2276713170e-03
17	103	1	-5.9797668247e-03
17	104	1	-4.6989578442e-03
17	105	1	-5.0266035878e-03
17	106	1	-2.1553472046e-04
17	107	1	-3.7740632004e-03
17	108	1	-4.7866433658e-03
17	109	1	-4.0690583950e-03
17	110	1	-4.4729946379e-03
17	111	1	-4.1465246927e-03
17	112	1	-3.4633639534e-03
17	113	1	-5.6100135021e-03
17	114	1	-3.4532429131e-03
17	115	1	-4.2153427756e-03
17	116	1	-4.6053614867e-03
17	117	1	-5.2294381069e-03
17	118	1	-1.2960343198e-04
17	119	1	-1.5119187823e-03
17	120	1	-4.6875570989e-03
17	121	1	-6.0766190388e-03
17	122	1	-4.1221443207e-03
17	123	1	-4.0700410008e-03
17	124	1	-4.9272507592e-03
17	125	1	-7.0171216438e-03
17	126	1	-2.6081559490e-03
17	127	1	-3.3670348909e-03
17	128	1	-7.2039757514e-03
17	129	1	-5.2159853346e-03
17	130	1	-6.8520516041e-03
17	131	1	-5.0829722777e-03
17	132	1	-4.8607941731e-03
17	133	1	-3.2795374123e-03
17	134	1	-6.5066157047e-03
17	135	1	-1.4681874567e-04
17	136	1	-5.0560464198e-03
17	137	1	-6.5704227639e-03
17	138	1	-3.1955184878e-03
17	139	1	-5.2747264074e-03
17	140	1	-4.4823632888e-03
17	141	1	-1.1156682905e-03
17	142	1	-6.6314509957e-03
17	143	1	-1.2401421298e-03
17	144	1	-5.1730761921e-03
17	145	1	-1.9179775442e-03
17	146	1	-5.7015379358e-03
17	147	1	-2.1677114502e-03
17	148	1	-4.4783694084e-03
17	149	1	-4.2080970692e-03
17	150	1	-5.8330832019e-03
17	151	1	-7.9524775379e-03
17	152	1	-7.2325665979e-03
17	153	1	-8.1794633340e-03
17	154	1	-7.1830517168e-03
17	155	1	-3.9798034036e-03
17	156	1	-7.3807251150e-03
17	157	1	-4.4209536360e-03
17	158	1	-5.7040789515e-03
17	159	1	-7.6478342897e-03
17	160	1	-3.9971351172e-03
17	161	1	-4.6315952128e-03
17	162	1	-2.3827619593e-03
17	163	1	-8.1418889262e-03
17	164	1	-3.8899503490e-03
17	165	1	-1.1367592187e-03
17	166	1	-4.2451018592e-03
17	167	1	-4.1033330067e-03
17	168	1	-6.7729074219e-03
17	169	1	-1.6583124863e-03
17	170	1	-4.4307330077e-03
17	171	1	-6.9076497627e-03
17	172	1	-5.1232845545e-03
17	173	1	-4.1276790783e-03
17	174	1	-3.4846260041e-03
17	175	1	-6.0512614104e-03
17	176	1	-2.7368188740e-03
17	177	1	-4.6372283899e-03
17	178	1	-7.6923003860e-03
17	179	1	-6.5847639497e-03
17	180	1	-3.6562268435e-03
17	181	1	-7.3121631104e-03
17	182	1	-4.3316594704e-03
17	183	1	-1.9611434316e-03
17	184	1	-6.3179395462e-03
17	185	1	-8.8611674928e-03
17	186	1	-5.5267804349e-03
17	187	1	-5.4691956963e-03
17	188	1	-3.6037902441e-03
17	189	1	-4.9271341541e-03
17	190	1	-5.3054389447e-03
17	191	1	-5.4290813255e-03
17	192	1	-2.2305440073e-03
17	193	1	-4.9456710565e-03
17	194	1	-3.3469281160e-03
17	195	1	-6.7523974101e-03
17	196	1	-1.5786890523e-03
17	197	1	-5.2620498798e-03
17	198	1	-4.5087823954e-03
17	199	1	-3.4923143275e-03
18	0	1	-5.1707352492e-03
18	1	1	-3.7819655180e-03
18	2	1	-5.0733457923e-03
18	3	1	-5.0951723812e-03
18	4	1	-2.7616599598e-03
18	5	1	-5.8642847022e-03
18	6	1	-6.8699192123e-03
18	7	1	-5.7831422622e-03
18	8	1	-6.7122810604e-03
18	9	1	-3.9283937999e-03
18	10	1	-5.9097850785e-03
18	11	1	-5.9476252912e-03
18	12	1	-5.8768549846e-03
18	13	1	-6.7782406830e-03
18	14	1	-5.1850944894e-03
18	15	1	-1.8776787792e-03
18	16	1	-3.8771723246e-03
18	17	1	-8.5966814597e-03
18	18	1	-6.9798950565e-03
18	19	1	-7.8373008884e-03
18	20	1	-7.2756808152e-03
18	21	1	-2.1268742915e-03
18	22	1	-3.6410420067e-03
18	23	1	-9.5208553509e-03
18	24	1	-4.0767421044e-03
18	25	1	-7.4840263186e-03
18	26	1	-6.7064750986e-03
18	27	1	-3.9152095027e-03
18	28	1	-1.9233668028e-03
18	29	1	-3.6435535134e-03
18	30	1	-4.7049225591e-03
18	31	1	-4.7855303955e-03
18	32	1	-6.5184435235e-03
18	33	1	-6.8503138215e-03
18	34	1	-7.3404871493e-03
18	35	1	-5.1222548385e-03
18	36	1	-4.1637455423e-03
18	37	1	-6.0175757929e-03
18	38	1	-7.4400043072e-03
18	39	1	-4.0203874945e-03
18	40	1	-6.4232255492e-03
18	41	1	-6.1194635589e-03
18	42	1	-7.5089326536e-03
18	43	1	-7.0507119792e-03
18	44	1	-7.4355793917e-03
18	45	1	-5.5048970975e-03
18	46	1	-9.1223322774e-03
18	47	1	-2.4962657660e-03
18	48	1	-4.9711199993e-03
18	49	1	-6.5143353125e-03
18	50	1	-5.4273597687e-03
18	51	1	-4.3899991160e-03
18	52	1	-5.3010992114e-03
18	53	1	-3.9066784609e-03
18	54	1	-6.3718918026e-03
18	55	1	-3.9416128354e-03
18	56	1	-1.4673095367e-03
18	57	1	-5.6755498032e-03
18	58	1	-7.3847556459e-03
18	59	1	-3.0063944801e-03
18	60	1	-6.9715168925e-03
18	61	1	-4.2097143404e-03
18	62	1	-4.9598762795e-03
18	63	1	-6.5877185639e-03
18	64	1	-5.6162551678e-03
18	65	1	-5.5734604225e-03
18	66	1	-4.8451125636e-03
18	67	1	-3.8804711187e-03
18	68	1	-4.0833736210e-03
18	69	1	-4.4379787994e-03
18	70	1	-4.7599696444e-03
18	71	1	-7.5523030504e-03
18	72	1	-6.3848805289e-03
18	73	1	-3.6334820281e-03
18	74	1	-3.2452968508e-03
18	75	1	-5.9787473630e-03
18	76	1	-1.6207926445e-03
18	77	1	-2.8141579473e-03
18	78	1	-1.3886102904e-03
18	79	1	-6.0946727120e-03
18	80	1	-3.5469893313e-03
18	81	1	-3.7949554718e-03
18	82	1	-4.4396059103e-03
18	83	1	-4.2610036024e-03
18	84	1	-4.5379897017e-03
18	85	1	-5.8744480339e-03
18	86	1	-1.8174393974e-03
18	87	1	-8.5248618913e-03
18	88	1	-5.9999297161e-03
18	89	1	-4.5212265574e-03
18	90	1	-6.7887769621e-03
18	91	1	-5.3989570811e-03
18	92	1	-3.9748114333e-03
18	93	1	-4.6037233010e-03
18	94	1	-6.8096730923e-03
18	95	1	-4.1125102825e-03
18	96	1	-5.0432044568e-03
18	97	1	-2.2016903568e-03
18	98	1	-6.4755770941e-03
18	99	1	-4.5585855513e-03
18	100	1	-6.2690363558e-03
18	101	1	-3.6904725614e-03
18	102	1	-8.2566832286e-03
18	103	1	-5.4288720346e-03
18	104	1	-5.4463557714e-03
18	105	1	-5.1072052229e-03
18	106	1	-7.1907606815e-04
18	107	1	-3.8735895356e-03
18	108	1	-5.2752320412e-03
18	109	1	-5.1585493022e-03
18	110	1	-5.0240392059e-03
18	111	1	-4.7238687303e-03
18	112	1	-3.9307085721e-03
18	113	1	-6.3415264389e-03
18	114	1	-3.8070716528e-03
18	115	1	-3.7364698792e-03
18	116	1	-4.9972008387e-03
18	117	1	-5.6608676446e-03
18	118	1	-1.5333821482e-03
18	119	1	-2.0182920872e-03
18	120	1	-6.1043823438e-03
18	121	1	-6.4345053165e-03
18	122	1	-4.8234304503e-03
18	123	1	-3.8290382533e-03
18	124	1	-5.0237287063e-03
18	125	1	-7.5238290754e-03
18	126	1	-2.6728484314e-03
18	127	1	-3.3741388743e-03
18	128	1	-7.5569688515e-03
18	129	1	-6.4457436991e-03
18	130	1	-6.2757627975e-03
18	131	1	-5.2852287624e-03
18	132	1	-4.9381139305e-03
18	133	1	-3.9147520315e-03
18	134	1	-6.1436306804e-03
18	135	1	-2.7175858878e-04
18	136	1	-4.5607538983e-03
18	137	1	-6.9403510855e-03
18	138	1	-3.4917543212e-03
18	139	1	-5.7326591982e-03
18	140	1	-4.1151327633e-03
18	141	1	-1.7766777510e-03
18	142	1	-6.7558489557e-03
18	143	1	-2.1035895269e-03
18	144	1	-5.1827761102e-03
18	145	1	-1.9302263743e-03
18	146	1	-6.4785713745e-03
18	147	1	-2.0539637745e-03
18	148	1	-4.5827987502e-03
18	149	1	-5.3476804878e-03
18	150	1	-6.3301444744e-03
18	151	1	-8.2658867399e-03
18	152	1	-7.3896663191e-03
18	153	1	-7.8547184008e-03
18	154	1	-6.8823131340e-03
18	155	1	-3.8042997710e-03
18	156	1	-7.3488012163e-03
18	157	1	-5.6587227657e-03
18	158	1	-6.5110426702e-03
18	159	1	-7.0288232173e-03
18	160	1	-4.3512809903e-03
18	161	1	-5.1935091088e-03
18	162	1	-2.3921762902e-03
18	163	1	-8.1019949693e-03
18	164	1	-4.0979564096e-03
18	165	1	-1.8111824211e-03
18	166	1	-5.2013020564e-03
18	167	1	-4.2431636164e-03
18	168	1	-6.5616090445e-03
18	169	1	-1.3225350567e-03
18	170	1	-5.0152843130e-03
18	171	1	-6.5974478097e-03
18	172	1	-5.7834728933e-03
18	173	1	-5.1029094387e-03
18	174	1	-3.4876203279e-03
18	175	1	-6.2584591410e-03
18	176	1	-2.8130425836e-03
18	177	1	-5.3194184851e-03
18	178	1	-8.2103270414e-03
18	179	1	-6.3596278711e-03
18	180	1	-3.9931393368e-03
18	181	1	-7.5014652468e-03
18	182	1	-3.9437784394e-03
18	183	1	-2.4218335652e-03
18	184	1	-6.3297688762e-03
18	185	1	-8.5453166691e-03
18	186	1	-4.8366225933e-03
18	187	1	-5.1691185512e-03
18	188	1	-3.4251678372e-03
18	189	1	-5.1272072354e-03
18	190	1	-5.4969666336e-03
18	191	1	-5.7710505302e-03
18	192	1	-1.9114040727e-03
18	193	1	-5.3979728205e-03
18	194	1	-3.9009707778e-03
18	195	1	-7.0225597319e-03
18	196	1	-2.4236320757e-03
18	197	1	-5.6890222703e-03
18	198	1	-4.9164281865e-03
18	199	1	-3.6265894572e-03
19	0	1	-4.7626964113e-03
19	1	1	-3.7495841360e-03
19	2	1	-5.3837768754e-03
19	3	1	-5.4258380339e-03
19	4	1	-2.4484927281e-03
19	5	1	-4.9754905960e-03
19	6	1	-6.8323674938e-03
19	7	1	-6.0296905460e-03
19	8	1	-5.4950840343e-03
19	9	1	-3.4227327492e-03
19	10	1	-5.7345237187e-03
19	11	1	-5.6122259613e-03
19	12	1	-5.8418368743e-03
19	13	1	-6.1547245738e-03
19	14	1	-4.3233756856e-03
19	15	1	-1.5338203990e-03
19	16	1	-3.6547950193e-03
19	17	1	-7.3729800077e-03
19	18	1	-6.3897079193e-03
19	19	1	-6.8776917899e-03
19	20	1	-7.7442107547e-03
19	21	1	-1.5413745178e-03
19	22	1	-2.6220668969e-03
19	23	1	-8.8903129729e-03
19	24	1	-3.6921232856e-03
19	25	1	-6.5594882736e-03
19	26	1	-6.0790993353e-03
19	27	1	-2.9842806105e-03
19	28	1	-6.9725461961e-04
19	29	1	-2.9807403992e-03
19	30	1	-3.9903803010e-03
19	31	1	-4.5789626774e-03
19	32	1	-6.4224791096e-03
19	33	1	-6.5816331811e-03
19	34	1	-6.8986939014e-03
19	35	1	-4.1435907783e-03
19	36	1	-3.5164698615e-03
19	37	1	-4.9259871231e-03
19	38	1	-6.7466895680e-03
19	39	1	-3.3395802163e-03
19	40	1	-5.5273691798e-03
19	41	1	-5.1502615153e-03
19	42	1	-6.7592105243e-03
19	43	1	-6.8493091711e-03
19	44	1	-6.0662462720e-03
19	45	1	-5.6844137779e-03
19	46	1	-8.7153480788e-03
19	47	1	-3.1258067806e-03
19	48	1	-4.9880463092e-03
19	49	1	-5.8128601299e-03
19	50	1	-4.6270879941e-03
19	51	1	-4.8870336359e-03
19	52	1	-5.0537310930e-03
19	53	1	-2.8653443482e-03
19	54	1	-6.2317049413e-03
19	55	1	-3.3093725313e-03
19	56	1	-1.1377184455e-03
19	57	1	-5.3227057950e-03
19	58	1	-7.5882497890e-03
19	59	1	-3.3360901767e-03
19	60	1	-6.4740850825e-03
19	61	1	-3.6421703331e-03
19	62	1	-4.1510232472e-03
19	63	1	-5.5887921218e-03
19	64	1	-5.2755958266e-03
19	65	1	-5.6730904060e-03
19	66	1	-5.1337915755e-03
19	67	1	-3.7959911289e-03
19	68	1	-3.1704700721e-03
19	69	1	-4.8707733911e-03
19	70	1	-4.4414641884e-03
19	71	1	-7.7426297454e-03
19	72	1	-6.5002040523e-03
19	73	1	-4.0857116643e-03
19	74	1	-2.4565155395e-03
19	75	1	-5.4197604689e-03
19	76	1	-9.2823054361e-04
19	77	1	-2.2698195291e-03
19	78	1	-1.4175582006e-03
19	79	1	-5.6987470840e-03
19	80	1	-3.7453471342e-03
19	81	1	-3.5171021703e-03
19	82	1	-3.5736669834e-03
19	83	1	-3.5123759067e-03
19	84	1	-5.1914445798e-03
19	85	1	-6.0232238102e-03
19	86	1	-2.2779905374e-03
19	87	1	-7.5964162111e-03
19	88	1	-6.1673439438e-03
19	89	1	-3.9502551830e-03
19	90	1	-6.3507947968e-03
19	91	1	-4.7656042001e-03
19	92	1	-3.1521127699e-03
19	93	1	-3.9119896022e-03
19	94	1	-5.3998067100e-03
19	95	1	-4.0596612748e-03
19	96	1	-5.0420861294e-03
19	97	1	-2.0033458596e-03
19	98	1	-6.2373399991e-03
19	99	1	-4.7843265572e-03
19	100	1	-6.0889690505e-03
19	101	1	-3.6301487063e-03
19	102	1	-7.5884857946e-03
19	103	1	-4.2833535145e-03
19	104	1	-5.5070413028e-03
19	105	1	-4.5364087985e-03
19	106	1	-7.0366309623e-04
19	107	1	-2.9470114619e-03
19	108	1	-5.3027641256e-03
19	109	1	-5.4754329461e-03
19	110	1	-4.7575636814e-03
19	111	1	-4.7441792379e-03
19	112	1	-3.7823013583e-03
19	113	1	-6.4488990415e-03
19	114	1	-3.4199813237e-03
19	115	1	-2.8283306438e-03
19	116	1	-4.7503110404e-03
19	117	1	-5.2476778817e-03
19	118	1	-2.3985263223e-03
19	119	1	-2.2580875911e-03
19	120	1	-6.9259849807e-03
19	121	1	-5.9461307515e-03
19	122	1	-5.0734530190e-03
19	123	1	-3.2207439029e-03
19	124	1	-4.3629251737e-03
19	125	1	-7.4371485057e-03
19	126	1	-2.1428977694e-03
19	127	1	-2.6876286137e-03
19	128	1	-7.0959581522e-03
19	129	1	-6.8145123611e-03
19	130	1	-5.1197320483e-03
19	131	1	-4.9929508059e-03
19	132	1	-4.1864545637e-03
19	133	1	-4.0207380699e-03
19	134	1	-5.0340590887e-03
19	135	1	3.7714423380e-04
19	136	1	-3.2617607172e-03
19	137	1	-6.5998772128e-03
19	138	1	-3.2200977130e-03
19	139	1	-5.5579789374e-03
19	140	1	-3.0971593099e-03
19	141	1	-1.9033791950e-03
19	142	1	-6.2502792944e-03
19	143	1	-2.3699289603e-03
19	144	1	-4.5360457970e-03
19	145	1	-1.1590185124e-03
19	146	1	-6.4724089454e-03
19	147	1	-1.4726194593e-03
19	148	1	-3.9867255440e-03
19	149	1	-5.6722302039e-03
19	150	1	-6.1890962540e-03
19	151	1	-7.8053897781e-03
19	152	1	-6.9176338748e-03
19	153	1	-6.5303481375e-03
19	154	1	-6.1056591559e-03
19	155	1	-3.3015902817e-03
19	156	1	-6.7502489665e-03
19	157	1	-6.2208699896e-03
19	158	1	-6.3831695017e-03
19	159	1	-5.5746092071e-03
19	160	1	-3.8982509402e-03
19	161	1	-5.0450571690e-03
19	162	1	-1.8046592562e-03
19	163	1	-7.1453334665e-03
19	164	1	-3.8259813540e-03
19	165	1	-1.8001807643e-03
19	166	1	-5.5843245135e-03
19	167	1	-4.1107207087e-03
19	168	1	-5.6211636009e-03
19	169	1	-4.6487669668e-04
19	170	1	-4.9047329354e-03
19	171	1	-5.3093744219e-03
19	172	1	-5.6367665761e-03
19	173	1	-5.1518204381e-03
19	174	1	-2.9343326994e-03
19	175	1	-5.8351215546e-03
19	176	1	-2.4968737847e-03
19	177	1	-5.5316830465e-03
19	178	1	-7.9656629946e-03
19	179	1	-5.2747054286e-03
19	180	1	-3.5636766834e-03
19	181	1	-6.9066326333e-03
19	182	1	-2.8336477039e-03
19	183	1	-2.3114172779e-03
19	184	1	-5.6126922581e-03
19	185	1	-7.7970727473e-03
19	186	1	-3.7712143105e-03
19	187	1	-4.1019967300e-03
19	188	1	-2.6636164406e-03
19	189	1	-4.9628759733e-03
19	190	1	-4.9782974026e-03
19	191	1	-5.6397492959e-03
19	192	1	-8.5148411520e-04
19	193	1	-5.1582060500e-03
19	194	1	-3.5089334072e-03
19	195	1	-6.3680933989e-03
19	196	1	-2.6850887866e-03
19	197	1	-5.3005539585e-03
19	198	1	-4.6984340531e-03
19	199	1	-3.1297439952e-03
20	0	1	-4.0166134034e-03
20	1	1	-3.6185894385e-03
20	2	1	-5.5329429350e-03
20	3	1	-5.2588567652e-03
20	4	1	-1.9693273167e-03
20	5	1	-3.7687470560e-03
20	6	1	-6.4703866580e-03
20	7	1	-6.0306096075e-03
20	8	1	-4.2939288503e-03
20	9	1	-2.8320560982e-03
20	10	1	-5.4356673507e-03
20	11	1	-4.9157365564e-03
20	12	1	-5.8061774739e-03
20	13	1	-5.2599573780e-03
20	14	1	-3.2670700204e-03
20	15	1	-1.2684269284e-03
20	16	1	-3.5445932436e-03
20	17	1	-5.8824202420e-03
20	18	1	-5.3060348574e-03
20	19	1	-5.6231706403e-03
20	20	1	-7.8210800784e-03
20	21	1	-1.2680522626e-03
20	22	1	-1.7216901245e-03
20	23	1	-7.8310101785e-03
20	24	1	-3.3626746987e-03
20	25	1	-5.2012075091e-03
20	26	1	-5.4098752231e-03
20	27	1	-1.7865320858e-03
20	28	1	1.6971733144e-04
20	29	1	-2.3605171367e-03
20	30	1	-3.1984287351e-03
20	31	1	-4.1324187566e-03
20	32	1	-6.0666934621e-03
20	33	1	-5.8887347438e-03
20	34	1	-5.9051588536e-03
20	35	1	-3.1354965856e-03
20	36	1	-2.8356113313e-03
20	37	1	-3.4217924416e-03
20	38	1	-5.4381395828e-03
20	39	1	-2.7968789782e-03
20	40	1	-4.5303086623e-03
20	41	1	-3.9283460645e-03
20	42	1	-5.8483745453e-03
20	43	1	-6.5035654189e-03
20	44	1	-4.5112486302e-03
20	45	1	-5.6595723106e-03
20	46	1	-7.8853956987e-03
20	47	1	-3.6278877427e-03
20	48	1	-4.8998797987e-03
20	49	1	-4.8141943048e-03
20	50	1	-3.7086983224e-03
20	51	1	-5.1602662457e-03
20	52	1	-4.6516448823e-03
20	53	1	-1.9782834925e-03
20	54	1	-5.5731987333e-03
20	55	1	-2.6613189477e-03
20	56	1	-8.5173684138e-04
20	57	1	-4.8877387903e-03
20	58	1	-7.3783718472e-03
20	59	1	-3.5856707387e-03
20	60	1	-5.6213002184e-03
20	61	1	-2.9388524043e-03
20	62	1	-3.0965486481e-03
20	63	1	-4.3545473676e-03
20	64	1	-4.6321201048e-03
20	65	1	-5.4003719697e-03
20	66	1	-5.1015505284e-03
20	67	1	-3.4543478828e-03
20	68	1	-2.1958808194e-03
20	69	1	-4.8692232759e-03
20	70	1	-3.8956560668e-03
20	71	1	-7.3606766672e-03
20	72	1	-6.3567799619e-03
20	73	1	-4.1570884051e-03
20	74	1	-1.7190951984e-03
20	75	1	-4.9242149242e-03
20	76	1	-6.3310921570e-05
20	77	1	-1.7086519556e-03
20	78	1	-1.3600743080e-03
20	79	1	-4.9810371300e-03
20	80	1	-3.8397016023e-03
20	81	1	-3.3159637765e-03
20	82	1	-2.8178225894e-03
20	83	1	-2.3823451179e-03
20	84	1	-5.6239712807e-03
20	85	1	-5.8279476387e-03
20	86	1	-2.7329442119e-03
20	87	1	-6.2744050086e-03
20	88	1	-5.9366091633e-03
20	89	1	-2.9986051878e-03
20	90	1	-5.4238855044e-03
20	91	1	-3.9041929845e-03
20	92	1	-2.2971119962e-03
20	93	1	-3.1533061800e-03
20	94	1	-4.0106697692e-03
20	95	1	-3.9878533825e-03
20	96	1	-4.9208293385e-03
20	97	1	-1.8502714587e-03
20	98	1	-5.7417593289e-03
20	99	1	-4.9744552391e-03
20	100	1	-5.5829497979e-03
20	101	1	-3.4753179647e-03
20	102	1	-6.6917363494e-03
20	103	1	-3.1163743712e-03
20	104	1	-5.4295772386e-03
20	105	1	-3.7493600258e-03
20	106	1	-9.0435061636e-04
20	107	1	-1.5706154422e-03
20	108	1	-5.2418474876e-03
20	109	1	-5.4754256345e-03
20	110	1	-4.1063190055e-03
20	111	1	-4.5154636801e-03
20	112	1	-3.3637622104e-03
20	113	1	-6.2140571257e-03
20	114	1	-2.6520995953e-03
20	115	1	-2.1685759814e-03
20	116	1	-4.4120827751e-03
20	117	1	-4.7270904795e-03
20	118	1	-3.0015620054e-03
20	119	1	-2.3559061391e-03
20	120	1	-7.5594417189e-03
20	121	1	-5.0382373693e-03
20	122	1	-5.2496065199e-03
20	123	1	-2.7531423227e-03
20	124	1	-3.4968437474e-03
20	125	1	-7.1063426278e-03
20	126	1	-1.6603736316e-03
20	127	1	-1.9420973262e-03
20	128	1	-6.3851072662e-03
20	129	1	-6.8506527833e-03
20	130	1	-3.9146275491e-03
20	131	1	-4.6931628542e-03
20	132	1	-3.1371351030e-03
20	133	1	-4.0227655591e-03
20	134	1	-3.6690476536e-03
20	135	1	8.6072872247e-04
20	136	1	-1.7270630824e-03
20	137	1	-5.9751682440e-03
20	138	1	-2.7585202666e-03
20	139	1	-5.2029076004e-03
20	140	1	-2.0859778495e-03
20	141	1	-2.0983059943e-03
20	142	1	-5.6447875034e-03
20	143	1	-2.6018789885e-03
20	144	1	-3.7433192943e-03
20	145	1	-2.5547661517e-04
20	146	1	-6.0946921430e-03
20	147	1	-1.0319122367e-03
20	148	1	-3.2752689858e-03
20	149	1	-5.6250722314e-03
20	150	1	-5.9291386585e-03
20	151	1	-7.2103762050e-03
20	152	1	-6.2376412881e-03
20	153	1	-4.7893203257e-03
20	154	1	-5.2863315608e-03
20	155	1	-2.9605170642e-03
20	156	1	-5.9798883983e-03
20	157	1	-6.2531187617e-03
20	158	1	-5.8590926390e-03
20	159	1	-3.9660786691e-03
20	160	1	-3.2958079068e-03
20	161	1	-4.6111415266e-03
20	162	1	-1.3275051006e-03
20	163	1	-5.8709027634e-03
20	164	1	-3.4330865423e-03
20	165	1	-1.7063601646e-03
20	166	1	-5.6098492120e-03
20	167	1	-4.1107898669e-03
20	168	1	-4.5645246513e-03
20	169	1	2.0262248494e-04
20	170	1	-4.5464474416e-03
20	171	1	-3.7131719067e-03
20	172	1	-4.9500645085e-03
20	173	1	-4.8118081801e-03
20	174	1	-2.2927864621e-03
20	175	1	-5.2739766066e-03
20	176	1	-2.3558076857e-03
20	177	1	-5.4519299977e-03
20	178	1	-7.5307989940e-03
20	179	1	-4.0001671589e-03
20	180	1	-2.8518498615e-03
20	181	1	-6.1040495905e-03
20	182	1	-1.6415591983e-03
20	183	1	-2.1767322980e-03
20	184	1	-4.5817652673e-03
20	185	1	-7.0878766753e-03
20	186	1	-2.9191433749e-03
20	187	1	-3.0765406105e-03
20	188	1	-1.8818810282e-03
20	189	1	-4.8078225195e-03
20	190	1	-4.5118760474e-03
20	191	1	-5.4877294497e-03
20	192	1	2.0982079621e-04
20	193	1	-4.6414488691e-03
20	194	1	-2.7840136488e-03
20	195	1	-5.3325085215e-03
20	196	1	-2.8390485582e-03
20	197	1	-4.5976299739e-03
20	198	1	-4.1921639936e-03
20	199	1	-2.5022014691e-03
