normalization_mode mode3
title l64c64a076_m140_fit_pz6
gm T5
eta eta0
pz 6
bT 0
component real
nstates 2
normalization_sample_domain complex
input_fit_table /Users/xiang/Desktop/codes/lat-hadron-analysis-DA/examples/l64c64a076_m140/analysis/2-bm/results_fit_nst2/l64c64a076_m140_fit_pz6/tables/l64c64a076_m140_fit_pz6_T5_eta0_bT0_real_2state_fit.txt
input_sample_table /Users/xiang/Desktop/codes/lat-hadron-analysis-DA/examples/l64c64a076_m140/analysis/2-bm/results_fit_nst2/l64c64a076_m140_fit_pz6/samples/l64c64a076_m140_fit_pz6_T5_eta0_bT0_real_2state_samples.txt
reference_same_pz_bT0_bz0 l64c64a076_m140_fit_pz6 T5 eta0 pz=6 bT=0 bz=0
reference_pz0_same_bT_bz0 l64c64a076_m140_fit_pz0 T5 eta0 pz=0 bT=0 bz=0
reference_pz0_bT0_bz0 l64c64a076_m140_fit_pz0 T5 eta0 pz=0 bT=0 bz=0
bz	sample_id	success	m0
0	0	1	1.0000000000e+00
0	1	1	1.0000000000e+00
0	2	1	1.0000000000e+00
0	3	1	1.0000000000e+00
0	4	1	1.0000000000e+00
0	5	1	1.0000000000e+00
0	6	1	1.0000000000e+00
0	7	1	1.0000000000e+00
0	8	1	1.0000000000e+00
0	9	1	1.0000000000e+00
0	10	1	1.0000000000e+00
0	11	1	1.0000000000e+00
0	12	1	1.0000000000e+00
0	13	1	1.0000000000e+00
0	14	1	1.0000000000e+00
0	15	1	1.0000000000e+00
0	16	1	1.0000000000e+00
0	17	1	1.0000000000e+00
0	18	1	1.0000000000e+00
0	19	1	1.0000000000e+00
0	20	1	1.0000000000e+00
0	21	1	1.0000000000e+00
0	22	1	1.0000000000e+00
0	23	1	1.0000000000e+00
0	24	1	1.0000000000e+00
0	25	1	1.0000000000e+00
0	26	1	1.0000000000e+00
0	27	1	1.0000000000e+00
0	28	1	1.0000000000e+00
0	29	1	1.0000000000e+00
0	30	1	1.0000000000e+00
0	31	1	1.0000000000e+00
0	32	1	1.0000000000e+00
0	33	1	1.0000000000e+00
0	34	1	1.0000000000e+00
0	35	1	1.0000000000e+00
0	36	1	1.0000000000e+00
0	37	1	1.0000000000e+00
0	38	1	1.0000000000e+00
0	39	1	1.0000000000e+00
0	40	1	1.0000000000e+00
0	41	1	1.0000000000e+00
0	42	1	1.0000000000e+00
0	43	1	1.0000000000e+00
0	44	1	1.0000000000e+00
0	45	1	1.0000000000e+00
0	46	1	1.0000000000e+00
0	47	1	1.0000000000e+00
0	48	1	1.0000000000e+00
0	49	1	1.0000000000e+00
0	50	1	1.0000000000e+00
0	51	1	1.0000000000e+00
0	52	1	1.0000000000e+00
0	53	1	1.0000000000e+00
0	54	1	1.0000000000e+00
0	55	1	1.0000000000e+00
0	56	1	1.0000000000e+00
0	57	1	1.0000000000e+00
0	58	1	1.0000000000e+00
0	59	1	1.0000000000e+00
0	60	1	1.0000000000e+00
0	61	1	1.0000000000e+00
0	62	1	1.0000000000e+00
0	63	1	1.0000000000e+00
0	64	1	1.0000000000e+00
0	65	1	1.0000000000e+00
0	66	1	1.0000000000e+00
0	67	1	1.0000000000e+00
0	68	1	1.0000000000e+00
0	69	1	1.0000000000e+00
0	70	1	1.0000000000e+00
0	71	1	1.0000000000e+00
0	72	1	1.0000000000e+00
0	73	1	1.0000000000e+00
0	74	1	1.0000000000e+00
0	75	1	1.0000000000e+00
0	76	1	1.0000000000e+00
0	77	1	1.0000000000e+00
0	78	1	1.0000000000e+00
0	79	1	1.0000000000e+00
0	80	1	1.0000000000e+00
0	81	1	1.0000000000e+00
0	82	1	1.0000000000e+00
0	83	1	1.0000000000e+00
0	84	1	1.0000000000e+00
0	85	1	1.0000000000e+00
0	86	1	1.0000000000e+00
0	87	1	1.0000000000e+00
0	88	1	1.0000000000e+00
0	89	1	1.0000000000e+00
0	90	1	1.0000000000e+00
0	91	1	1.0000000000e+00
0	92	1	1.0000000000e+00
0	93	1	1.0000000000e+00
0	94	1	1.0000000000e+00
0	95	1	1.0000000000e+00
0	96	1	1.0000000000e+00
0	97	1	1.0000000000e+00
0	98	1	1.0000000000e+00
0	99	1	1.0000000000e+00
0	100	1	1.0000000000e+00
0	101	1	1.0000000000e+00
0	102	1	1.0000000000e+00
0	103	1	1.0000000000e+00
0	104	1	1.0000000000e+00
0	105	1	1.0000000000e+00
0	106	1	1.0000000000e+00
0	107	1	1.0000000000e+00
0	108	1	1.0000000000e+00
0	109	1	1.0000000000e+00
0	110	1	1.0000000000e+00
0	111	1	1.0000000000e+00
0	112	1	1.0000000000e+00
0	113	1	1.0000000000e+00
0	114	1	1.0000000000e+00
0	115	1	1.0000000000e+00
0	116	1	1.0000000000e+00
0	117	1	1.0000000000e+00
0	118	1	1.0000000000e+00
0	119	1	1.0000000000e+00
0	120	1	1.0000000000e+00
0	121	1	1.0000000000e+00
0	122	1	1.0000000000e+00
0	123	1	1.0000000000e+00
0	124	1	1.0000000000e+00
0	125	1	1.0000000000e+00
0	126	1	1.0000000000e+00
0	127	1	1.0000000000e+00
0	128	1	1.0000000000e+00
0	129	1	1.0000000000e+00
0	130	1	1.0000000000e+00
0	131	1	1.0000000000e+00
0	132	1	1.0000000000e+00
0	133	1	1.0000000000e+00
0	134	1	1.0000000000e+00
0	135	1	1.0000000000e+00
0	136	1	1.0000000000e+00
0	137	1	1.0000000000e+00
0	138	1	1.0000000000e+00
0	139	1	1.0000000000e+00
0	140	1	1.0000000000e+00
0	141	1	1.0000000000e+00
0	142	1	1.0000000000e+00
0	143	1	1.0000000000e+00
0	144	1	1.0000000000e+00
0	145	1	1.0000000000e+00
0	146	1	1.0000000000e+00
0	147	1	1.0000000000e+00
0	148	1	1.0000000000e+00
0	149	1	1.0000000000e+00
0	150	1	1.0000000000e+00
0	151	1	1.0000000000e+00
0	152	1	1.0000000000e+00
0	153	1	1.0000000000e+00
0	154	1	1.0000000000e+00
0	155	1	1.0000000000e+00
0	156	1	1.0000000000e+00
0	157	1	1.0000000000e+00
0	158	1	1.0000000000e+00
0	159	1	1.0000000000e+00
0	160	1	1.0000000000e+00
0	161	1	1.0000000000e+00
0	162	1	1.0000000000e+00
0	163	1	1.0000000000e+00
0	164	1	1.0000000000e+00
0	165	1	1.0000000000e+00
0	166	1	1.0000000000e+00
0	167	1	1.0000000000e+00
0	168	1	1.0000000000e+00
0	169	1	1.0000000000e+00
0	170	1	1.0000000000e+00
0	171	1	1.0000000000e+00
0	172	1	1.0000000000e+00
0	173	1	1.0000000000e+00
0	174	1	1.0000000000e+00
0	175	1	1.0000000000e+00
0	176	1	1.0000000000e+00
0	177	1	1.0000000000e+00
0	178	1	1.0000000000e+00
0	179	1	1.0000000000e+00
0	180	1	1.0000000000e+00
0	181	1	1.0000000000e+00
0	182	1	1.0000000000e+00
0	183	1	1.0000000000e+00
0	184	1	1.0000000000e+00
0	185	1	1.0000000000e+00
0	186	1	1.0000000000e+00
0	187	1	1.0000000000e+00
0	188	1	1.0000000000e+00
0	189	1	1.0000000000e+00
0	190	1	1.0000000000e+00
0	191	1	1.0000000000e+00
0	192	1	1.0000000000e+00
0	193	1	1.0000000000e+00
0	194	1	1.0000000000e+00
0	195	1	1.0000000000e+00
0	196	1	1.0000000000e+00
0	197	1	1.0000000000e+00
0	198	1	1.0000000000e+00
0	199	1	1.0000000000e+00
1	0	1	9.3209074049e-01
1	1	1	9.3207168247e-01
1	2	1	9.3155792116e-01
1	3	1	9.3189044423e-01
1	4	1	9.3131608592e-01
1	5	1	9.3203896692e-01
1	6	1	9.3161968006e-01
1	7	1	9.3156487915e-01
1	8	1	9.3219827376e-01
1	9	1	9.3192681276e-01
1	10	1	9.3150004475e-01
1	11	1	9.3185338287e-01
1	12	1	9.3195075034e-01
1	13	1	9.3139282794e-01
1	14	1	9.3177935534e-01
1	15	1	9.3170264683e-01
1	16	1	9.3128333768e-01
1	17	1	9.3154373414e-01
1	18	1	9.3153751430e-01
1	19	1	9.3127780119e-01
1	20	1	9.3211387347e-01
1	21	1	9.3219553518e-01
1	22	1	9.3143241770e-01
1	23	1	9.3184527708e-01
1	24	1	9.3182575917e-01
1	25	1	9.3191074290e-01
1	26	1	9.3129273813e-01
1	27	1	9.3132436433e-01
1	28	1	9.3112089945e-01
1	29	1	9.3152823117e-01
1	30	1	9.3152329043e-01
1	31	1	9.3152590635e-01
1	32	1	9.3223869725e-01
1	33	1	9.3178575918e-01
1	34	1	9.3165219297e-01
1	35	1	9.3167369661e-01
1	36	1	9.3167082484e-01
1	37	1	9.3168916784e-01
1	38	1	9.3202172111e-01
1	39	1	9.3170379106e-01
1	40	1	9.3131994234e-01
1	41	1	9.3196517989e-01
1	42	1	9.3162192058e-01
1	43	1	9.3215156880e-01
1	44	1	9.3171996252e-01
1	45	1	9.3214419994e-01
1	46	1	9.3203254387e-01
1	47	1	9.3126594185e-01
1	48	1	9.3189816227e-01
1	49	1	9.3170417306e-01
1	50	1	9.3167216779e-01
1	51	1	9.3159353686e-01
1	52	1	9.3207070294e-01
1	53	1	9.3185140725e-01
1	54	1	9.3155897307e-01
1	55	1	9.3260438446e-01
1	56	1	9.3180341575e-01
1	57	1	9.3141758876e-01
1	58	1	9.3212210105e-01
1	59	1	9.3161717339e-01
1	60	1	9.3170536255e-01
1	61	1	9.3153655007e-01
1	62	1	9.3151615106e-01
1	63	1	9.3161045818e-01
1	64	1	9.3189650207e-01
1	65	1	9.3168685764e-01
1	66	1	9.3180210927e-01
1	67	1	9.3134461535e-01
1	68	1	9.3143176309e-01
1	69	1	9.3181432495e-01
1	70	1	9.3147505009e-01
1	71	1	9.3191996579e-01
1	72	1	9.3192593758e-01
1	73	1	9.3154393523e-01
1	74	1	9.3161511287e-01
1	75	1	9.3165970289e-01
1	76	1	9.3192122915e-01
1	77	1	9.3176415972e-01
1	78	1	9.3191024354e-01
1	79	1	9.3175324007e-01
1	80	1	9.3184514184e-01
1	81	1	9.3160142452e-01
1	82	1	9.3138625646e-01
1	83	1	9.3120666432e-01
1	84	1	9.3199150173e-01
1	85	1	9.3134999018e-01
1	86	1	9.3148118950e-01
1	87	1	9.3211105330e-01
1	88	1	9.3182764954e-01
1	89	1	9.3131148003e-01
1	90	1	9.3163496392e-01
1	91	1	9.3191194372e-01
1	92	1	9.3171360386e-01
1	93	1	9.3143272348e-01
1	94	1	9.3226059030e-01
1	95	1	9.3181386583e-01
1	96	1	9.3167377450e-01
1	97	1	9.3163438185e-01
1	98	1	9.3150654582e-01
1	99	1	9.3142024736e-01
1	100	1	9.3150436124e-01
1	101	1	9.3166049409e-01
1	102	1	9.3188097252e-01
1	103	1	9.3156969284e-01
1	104	1	9.3247847519e-01
1	105	1	9.3192744788e-01
1	106	1	9.3142303286e-01
1	107	1	9.3152041192e-01
1	108	1	9.3191481766e-01
1	109	1	9.3175302922e-01
1	110	1	9.3198002842e-01
1	111	1	9.3124362559e-01
1	112	1	9.3131309030e-01
1	113	1	9.3215764575e-01
1	114	1	9.3140554774e-01
1	115	1	9.3156715694e-01
1	116	1	9.3189311824e-01
1	117	1	9.3194443153e-01
1	118	1	9.3189599385e-01
1	119	1	9.3123571172e-01
1	120	1	9.3226026715e-01
1	121	1	9.3158622565e-01
1	122	1	9.3185916013e-01
1	123	1	9.3145191071e-01
1	124	1	9.3195816082e-01
1	125	1	9.3189304879e-01
1	126	1	9.3145568515e-01
1	127	1	9.3132871280e-01
1	128	1	9.3203540043e-01
1	129	1	9.3230813065e-01
1	130	1	9.3159890011e-01
1	131	1	9.3144134210e-01
1	132	1	9.3174017709e-01
1	133	1	9.3208332296e-01
1	134	1	9.3176423358e-01
1	135	1	9.3195261107e-01
1	136	1	9.3188996101e-01
1	137	1	9.3151708425e-01
1	138	1	9.3153814752e-01
1	139	1	9.3206163652e-01
1	140	1	9.3150534430e-01
1	141	1	9.3251544291e-01
1	142	1	9.3196101142e-01
1	143	1	9.3161596290e-01
1	144	1	9.3190777668e-01
1	145	1	9.3148932990e-01
1	146	1	9.3197123843e-01
1	147	1	9.3139474896e-01
1	148	1	9.3139567859e-01
1	149	1	9.3185201014e-01
1	150	1	9.3164621601e-01
1	151	1	9.3175803303e-01
1	152	1	9.3214887908e-01
1	153	1	9.3164773193e-01
1	154	1	9.3187000729e-01
1	155	1	9.3158202426e-01
1	156	1	9.3145084695e-01
1	157	1	9.3191449831e-01
1	158	1	9.3166412447e-01
1	159	1	9.3182674660e-01
1	160	1	9.3232546606e-01
1	161	1	9.3176445495e-01
1	162	1	9.3157415800e-01
1	163	1	9.3159662423e-01
1	164	1	9.3185968782e-01
1	165	1	9.3183255191e-01
1	166	1	9.3205356183e-01
1	167	1	9.3169007967e-01
1	168	1	9.3178048151e-01
1	169	1	9.3193347211e-01
1	170	1	9.3193470964e-01
1	171	1	9.3162634365e-01
1	172	1	9.3159127114e-01
1	173	1	9.3172460422e-01
1	174	1	9.3183449167e-01
1	175	1	9.3193645780e-01
1	176	1	9.3152169235e-01
1	177	1	9.3158897160e-01
1	178	1	9.3210453966e-01
1	179	1	9.3179334244e-01
1	180	1	9.3163511580e-01
1	181	1	9.3160892465e-01
1	182	1	9.3218125362e-01
1	183	1	9.3116063642e-01
1	184	1	9.3188392294e-01
1	185	1	9.3179533718e-01
1	186	1	9.3126705170e-01
1	187	1	9.3222354110e-01
1	188	1	9.3197850403e-01
1	189	1	9.3113407138e-01
1	190	1	9.3225242191e-01
1	191	1	9.3179398725e-01
1	192	1	9.3202640066e-01
1	193	1	9.3149652961e-01
1	194	1	9.3164510386e-01
1	195	1	9.3211922151e-01
1	196	1	9.3234177762e-01
1	197	1	9.3190785165e-01
1	198	1	9.3141009239e-01
1	199	1	9.3149998256e-01
2	0	1	8.0245274941e-01
2	1	1	8.0268809514e-01
2	2	1	8.0109021404e-01
2	3	1	8.0194055855e-01
2	4	1	8.0018124900e-01
2	5	1	8.0258158737e-01
2	6	1	8.0053148629e-01
2	7	1	8.0118744787e-01
2	8	1	8.0285881053e-01
2	9	1	8.0188762491e-01
2	10	1	8.0078648084e-01
2	11	1	8.0200010248e-01
2	12	1	8.0217919793e-01
2	13	1	8.0068743127e-01
2	14	1	8.0182366391e-01
2	15	1	8.0143411779e-01
2	16	1	8.0011178364e-01
2	17	1	8.0092408654e-01
2	18	1	8.0093755075e-01
2	19	1	8.0011992996e-01
2	20	1	8.0280318003e-01
2	21	1	8.0257305372e-01
2	22	1	8.0050992083e-01
2	23	1	8.0183248929e-01
2	24	1	8.0164849970e-01
2	25	1	8.0240778964e-01
2	26	1	8.0005656225e-01
2	27	1	7.9992806611e-01
2	28	1	7.9954717685e-01
2	29	1	8.0066649514e-01
2	30	1	8.0073956679e-01
2	31	1	8.0076412781e-01
2	32	1	8.0349578087e-01
2	33	1	8.0164701668e-01
2	34	1	8.0115977766e-01
2	35	1	8.0147712276e-01
2	36	1	8.0137680175e-01
2	37	1	8.0152332740e-01
2	38	1	8.0263141212e-01
2	39	1	8.0164860905e-01
2	40	1	7.9994107567e-01
2	41	1	8.0209095971e-01
2	42	1	8.0133365144e-01
2	43	1	8.0293532134e-01
2	44	1	8.0122209388e-01
2	45	1	8.0270290960e-01
2	46	1	8.0244528138e-01
2	47	1	7.9954487143e-01
2	48	1	8.0149538589e-01
2	49	1	8.0166684620e-01
2	50	1	8.0104040086e-01
2	51	1	8.0059823808e-01
2	52	1	8.0216351258e-01
2	53	1	8.0181594748e-01
2	54	1	8.0092293408e-01
2	55	1	8.0375169628e-01
2	56	1	8.0168363392e-01
2	57	1	8.0082130588e-01
2	58	1	8.0291689864e-01
2	59	1	8.0094089970e-01
2	60	1	8.0131649420e-01
2	61	1	8.0102431008e-01
2	62	1	8.0081772734e-01
2	63	1	8.0142903851e-01
2	64	1	8.0178972352e-01
2	65	1	8.0125631205e-01
2	66	1	8.0166360134e-01
2	67	1	8.0030804941e-01
2	68	1	8.0056483136e-01
2	69	1	8.0189842470e-01
2	70	1	8.0040603858e-01
2	71	1	8.0216858386e-01
2	72	1	8.0184080467e-01
2	73	1	8.0110259904e-01
2	74	1	8.0135176165e-01
2	75	1	8.0114689146e-01
2	76	1	8.0202318444e-01
2	77	1	8.0167069271e-01
2	78	1	8.0199959737e-01
2	79	1	8.0169169450e-01
2	80	1	8.0136766277e-01
2	81	1	8.0117363643e-01
2	82	1	8.0046618933e-01
2	83	1	7.9967191902e-01
2	84	1	8.0179218083e-01
2	85	1	8.0039752924e-01
2	86	1	8.0114956282e-01
2	87	1	8.0257687066e-01
2	88	1	8.0175229783e-01
2	89	1	8.0017138436e-01
2	90	1	8.0103179893e-01
2	91	1	8.0210914409e-01
2	92	1	8.0115664009e-01
2	93	1	8.0069209393e-01
2	94	1	8.0317940201e-01
2	95	1	8.0160817904e-01
2	96	1	8.0117108419e-01
2	97	1	8.0119797093e-01
2	98	1	8.0079391838e-01
2	99	1	8.0016640951e-01
2	100	1	8.0053524991e-01
2	101	1	8.0134904243e-01
2	102	1	8.0181963185e-01
2	103	1	8.0110501020e-01
2	104	1	8.0326507186e-01
2	105	1	8.0220318653e-01
2	106	1	8.0032109495e-01
2	107	1	8.0107246727e-01
2	108	1	8.0189628127e-01
2	109	1	8.0121590340e-01
2	110	1	8.0245720652e-01
2	111	1	8.0020729979e-01
2	112	1	8.0039410004e-01
2	113	1	8.0279507433e-01
2	114	1	8.0006265017e-01
2	115	1	8.0105038787e-01
2	116	1	8.0174205269e-01
2	117	1	8.0196338209e-01
2	118	1	8.0215777806e-01
2	119	1	7.9971826031e-01
2	120	1	8.0280411780e-01
2	121	1	8.0080775250e-01
2	122	1	8.0193207142e-01
2	123	1	8.0080202542e-01
2	124	1	8.0229703457e-01
2	125	1	8.0180921239e-01
2	126	1	8.0066703966e-01
2	127	1	8.0036336723e-01
2	128	1	8.0232050767e-01
2	129	1	8.0274288465e-01
2	130	1	8.0106675709e-01
2	131	1	8.0076861214e-01
2	132	1	8.0164728378e-01
2	133	1	8.0224360475e-01
2	134	1	8.0146517211e-01
2	135	1	8.0223364137e-01
2	136	1	8.0175183019e-01
2	137	1	8.0128002030e-01
2	138	1	8.0089001665e-01
2	139	1	8.0228008148e-01
2	140	1	7.9989871249e-01
2	141	1	8.0373373047e-01
2	142	1	8.0197502200e-01
2	143	1	8.0130240837e-01
2	144	1	8.0172042239e-01
2	145	1	8.0087944448e-01
2	146	1	8.0175288236e-01
2	147	1	8.0037044083e-01
2	148	1	8.0016704503e-01
2	149	1	8.0168566241e-01
2	150	1	8.0058852415e-01
2	151	1	8.0136989778e-01
2	152	1	8.0279074843e-01
2	153	1	8.0124198019e-01
2	154	1	8.0139245545e-01
2	155	1	8.0109318434e-01
2	156	1	8.0053966824e-01
2	157	1	8.0216349745e-01
2	158	1	8.0150847466e-01
2	159	1	8.0186229414e-01
2	160	1	8.0307468213e-01
2	161	1	8.0154964815e-01
2	162	1	8.0116434720e-01
2	163	1	8.0111770550e-01
2	164	1	8.0169527813e-01
2	165	1	8.0156703881e-01
2	166	1	8.0228984390e-01
2	167	1	8.0126351314e-01
2	168	1	8.0190403606e-01
2	169	1	8.0232196479e-01
2	170	1	8.0215457024e-01
2	171	1	8.0140238443e-01
2	172	1	8.0073227035e-01
2	173	1	8.0188569999e-01
2	174	1	8.0181244273e-01
2	175	1	8.0188709090e-01
2	176	1	8.0113505306e-01
2	177	1	8.0098731666e-01
2	178	1	8.0246084923e-01
2	179	1	8.0127762245e-01
2	180	1	8.0094343803e-01
2	181	1	8.0058899265e-01
2	182	1	8.0287909802e-01
2	183	1	7.9977618137e-01
2	184	1	8.0204874430e-01
2	185	1	8.0167669278e-01
2	186	1	8.0009859581e-01
2	187	1	8.0291279222e-01
2	188	1	8.0231248665e-01
2	189	1	7.9947192671e-01
2	190	1	8.0281557499e-01
2	191	1	8.0154895255e-01
2	192	1	8.0208248480e-01
2	193	1	8.0060352921e-01
2	194	1	8.0098402911e-01
2	195	1	8.0287520809e-01
2	196	1	8.0299917417e-01
2	197	1	8.0217180383e-01
2	198	1	8.0029316447e-01
2	199	1	8.0071067529e-01
3	0	1	6.6020022579e-01
3	1	1	6.6108095653e-01
3	2	1	6.5821846985e-01
3	3	1	6.5952516262e-01
3	4	1	6.5644180146e-01
3	5	1	6.6099422634e-01
3	6	1	6.5613247055e-01
3	7	1	6.5877399860e-01
3	8	1	6.6092252099e-01
3	9	1	6.5915885863e-01
3	10	1	6.5742200581e-01
3	11	1	6.5980329396e-01
3	12	1	6.5990400487e-01
3	13	1	6.5784935738e-01
3	14	1	6.5955720923e-01
3	15	1	6.5851903931e-01
3	16	1	6.5680186087e-01
3	17	1	6.5793079332e-01
3	18	1	6.5800657744e-01
3	19	1	6.5651375814e-01
3	20	1	6.6111363875e-01
3	21	1	6.5994283847e-01
3	22	1	6.5730487694e-01
3	23	1	6.5908467807e-01
3	24	1	6.5894770336e-01
3	25	1	6.6095601880e-01
3	26	1	6.5622467596e-01
3	27	1	6.5567245800e-01
3	28	1	6.5554571962e-01
3	29	1	6.5700502355e-01
3	30	1	6.5746389535e-01
3	31	1	6.5749394981e-01
3	32	1	6.6256520052e-01
3	33	1	6.5909743070e-01
3	34	1	6.5804602399e-01
3	35	1	6.5887584358e-01
3	36	1	6.5860496292e-01
3	37	1	6.5900328838e-01
3	38	1	6.6105871491e-01
3	39	1	6.5951675435e-01
3	40	1	6.5563088795e-01
3	41	1	6.5958285488e-01
3	42	1	6.5873156016e-01
3	43	1	6.6117778978e-01
3	44	1	6.5797987328e-01
3	45	1	6.6058292313e-01
3	46	1	6.6035474781e-01
3	47	1	6.5463919457e-01
3	48	1	6.5808342067e-01
3	49	1	6.5932231836e-01
3	50	1	6.5765216556e-01
3	51	1	6.5651951692e-01
3	52	1	6.5932054723e-01
3	53	1	6.5914795297e-01
3	54	1	6.5776211332e-01
3	55	1	6.6200395938e-01
3	56	1	6.5903540562e-01
3	57	1	6.5822447933e-01
3	58	1	6.6172144416e-01
3	59	1	6.5787183036e-01
3	60	1	6.5804625579e-01
3	61	1	6.5813252396e-01
3	62	1	6.5789797796e-01
3	63	1	6.5922123184e-01
3	64	1	6.5903317734e-01
3	65	1	6.5814511534e-01
3	66	1	6.5896903790e-01
3	67	1	6.5688767586e-01
3	68	1	6.5735821088e-01
3	69	1	6.5955198884e-01
3	70	1	6.5671165536e-01
3	71	1	6.6005524673e-01
3	72	1	6.5892968292e-01
3	73	1	6.5841077182e-01
3	74	1	6.5882012028e-01
3	75	1	6.5811795630e-01
3	76	1	6.5982769663e-01
3	77	1	6.5928159332e-01
3	78	1	6.5968242635e-01
3	79	1	6.5944644550e-01
3	80	1	6.5819576858e-01
3	81	1	6.5832066256e-01
3	82	1	6.5710629813e-01
3	83	1	6.5562432039e-01
3	84	1	6.5854177729e-01
3	85	1	6.5696667680e-01
3	86	1	6.5891779299e-01
3	87	1	6.6030396864e-01
3	88	1	6.5923737973e-01
3	89	1	6.5673003963e-01
3	90	1	6.5785866043e-01
3	91	1	6.5973986955e-01
3	92	1	6.5808350320e-01
3	93	1	6.5750211115e-01
3	94	1	6.6129780427e-01
3	95	1	6.5863799580e-01
3	96	1	6.5809215659e-01
3	97	1	6.5836965969e-01
3	98	1	6.5758743502e-01
3	99	1	6.5608363863e-01
3	100	1	6.5691867983e-01
3	101	1	6.5875537023e-01
3	102	1	6.5915962303e-01
3	103	1	6.5837777119e-01
3	104	1	6.6096116134e-01
3	105	1	6.6000054895e-01
3	106	1	6.5666598182e-01
3	107	1	6.5843578205e-01
3	108	1	6.5916975919e-01
3	109	1	6.5801233253e-01
3	110	1	6.6070638116e-01
3	111	1	6.5678364197e-01
3	112	1	6.5747061839e-01
3	113	1	6.6080314859e-01
3	114	1	6.5579445855e-01
3	115	1	6.5804772072e-01
3	116	1	6.5887174471e-01
3	117	1	6.5917833214e-01
3	118	1	6.6029203010e-01
3	119	1	6.5546507300e-01
3	120	1	6.6063496838e-01
3	121	1	6.5719762673e-01
3	122	1	6.5944182719e-01
3	123	1	6.5784024496e-01
3	124	1	6.6033368292e-01
3	125	1	6.5916233697e-01
3	126	1	6.5736106893e-01
3	127	1	6.5728439303e-01
3	128	1	6.6014892947e-01
3	129	1	6.6025863408e-01
3	130	1	6.5799132561e-01
3	131	1	6.5776386292e-01
3	132	1	6.5931739881e-01
3	133	1	6.5941833422e-01
3	134	1	6.5862193461e-01
3	135	1	6.6016470696e-01
3	136	1	6.5872822365e-01
3	137	1	6.5878420024e-01
3	138	1	6.5777931801e-01
3	139	1	6.5969179252e-01
3	140	1	6.5489381583e-01
3	141	1	6.6207841112e-01
3	142	1	6.5929276123e-01
3	143	1	6.5866284599e-01
3	144	1	6.5848433548e-01
3	145	1	6.5801484153e-01
3	146	1	6.5846419134e-01
3	147	1	6.5691689561e-01
3	148	1	6.5602510903e-01
3	149	1	6.5882881565e-01
3	150	1	6.5609775262e-01
3	151	1	6.5832664824e-01
3	152	1	6.6075232426e-01
3	153	1	6.5820876861e-01
3	154	1	6.5775036708e-01
3	155	1	6.5825621453e-01
3	156	1	6.5690288888e-01
3	157	1	6.5995901947e-01
3	158	1	6.5914341939e-01
3	159	1	6.5937982520e-01
3	160	1	6.6115577190e-01
3	161	1	6.5887178194e-01
3	162	1	6.5844850176e-01
3	163	1	6.5837102605e-01
3	164	1	6.5897469748e-01
3	165	1	6.5879761451e-01
3	166	1	6.6014403446e-01
3	167	1	6.5820596470e-01
3	168	1	6.5980388705e-01
3	169	1	6.6039717940e-01
3	170	1	6.5965098418e-01
3	171	1	6.5918900190e-01
3	172	1	6.5708619118e-01
3	173	1	6.5998033613e-01
3	174	1	6.5932576490e-01
3	175	1	6.5896381105e-01
3	176	1	6.5867263448e-01
3	177	1	6.5783654374e-01
3	178	1	6.6000293194e-01
3	179	1	6.5789983994e-01
3	180	1	6.5743836652e-01
3	181	1	6.5643616243e-01
3	182	1	6.6115449519e-01
3	183	1	6.5619247201e-01
3	184	1	6.5980359129e-01
3	185	1	6.5884090176e-01
3	186	1	6.5643158821e-01
3	187	1	6.6096461519e-01
3	188	1	6.6025470164e-01
3	189	1	6.5537890012e-01
3	190	1	6.6041447310e-01
3	191	1	6.5872733669e-01
3	192	1	6.5907843474e-01
3	193	1	6.5686009536e-01
3	194	1	6.5746846781e-01
3	195	1	6.6141502446e-01
3	196	1	6.6085002169e-01
3	197	1	6.6002411626e-01
3	198	1	6.5641725181e-01
3	199	1	6.5726752007e-01
4	0	1	5.2102450956e-01
4	1	1	5.2264355294e-01
4	2	1	5.1822631644e-01
4	3	1	5.1999240213e-01
4	4	1	5.1579729224e-01
4	5	1	5.2267863618e-01
4	6	1	5.1467142788e-01
4	7	1	5.1959843956e-01
4	8	1	5.2190943683e-01
4	9	1	5.1942669327e-01
4	10	1	5.1706523236e-01
4	11	1	5.2046333663e-01
4	12	1	5.2030770752e-01
4	13	1	5.1829141981e-01
4	14	1	5.2020179965e-01
4	15	1	5.1831558594e-01
4	16	1	5.1736709841e-01
4	17	1	5.1821839046e-01
4	18	1	5.1816059045e-01
4	19	1	5.1629959883e-01
4	20	1	5.2224333248e-01
4	21	1	5.2017454929e-01
4	22	1	5.1760614494e-01
4	23	1	5.1903269063e-01
4	24	1	5.1949671162e-01
4	25	1	5.2268065891e-01
4	26	1	5.1573556270e-01
4	27	1	5.1467203211e-01
4	28	1	5.1507111232e-01
4	29	1	5.1649775410e-01
4	30	1	5.1740682850e-01
4	31	1	5.1740240027e-01
4	32	1	5.2424124546e-01
4	33	1	5.1945107699e-01
4	34	1	5.1796938391e-01
4	35	1	5.1916793992e-01
4	36	1	5.1866822139e-01
4	37	1	5.1960019524e-01
4	38	1	5.2250345357e-01
4	39	1	5.2100198722e-01
4	40	1	5.1449846328e-01
4	41	1	5.2020818176e-01
4	42	1	5.1900034165e-01
4	43	1	5.2206381042e-01
4	44	1	5.1783879103e-01
4	45	1	5.2110821981e-01
4	46	1	5.2096609046e-01
4	47	1	5.1299343556e-01
4	48	1	5.1773519881e-01
4	49	1	5.1993796997e-01
4	50	1	5.1747288468e-01
4	51	1	5.1559730601e-01
4	52	1	5.1939326025e-01
4	53	1	5.1966687302e-01
4	54	1	5.1766770399e-01
4	55	1	5.2273261111e-01
4	56	1	5.1954904641e-01
4	57	1	5.1899029462e-01
4	58	1	5.2369601872e-01
4	59	1	5.1810264509e-01
4	60	1	5.1771719431e-01
4	61	1	5.1806347472e-01
4	62	1	5.1847528962e-01
4	63	1	5.2035345742e-01
4	64	1	5.1956000128e-01
4	65	1	5.1774806583e-01
4	66	1	5.1927127772e-01
4	67	1	5.1681112236e-01
4	68	1	5.1755816380e-01
4	69	1	5.2009153866e-01
4	70	1	5.1638771297e-01
4	71	1	5.2104400777e-01
4	72	1	5.1882062421e-01
4	73	1	5.1862914022e-01
4	74	1	5.1955944663e-01
4	75	1	5.1827760782e-01
4	76	1	5.2074694102e-01
4	77	1	5.1988007760e-01
4	78	1	5.2053085825e-01
4	79	1	5.2043474997e-01
4	80	1	5.1833974384e-01
4	81	1	5.1850237712e-01
4	82	1	5.1713421165e-01
4	83	1	5.1501727984e-01
4	84	1	5.1823448998e-01
4	85	1	5.1676236789e-01
4	86	1	5.2026623374e-01
4	87	1	5.2072786830e-01
4	88	1	5.1993282727e-01
4	89	1	5.1698623868e-01
4	90	1	5.1790411959e-01
4	91	1	5.2009265845e-01
4	92	1	5.1865787697e-01
4	93	1	5.1723693048e-01
4	94	1	5.2193643200e-01
4	95	1	5.1845299315e-01
4	96	1	5.1824584453e-01
4	97	1	5.1856118038e-01
4	98	1	5.1757975254e-01
4	99	1	5.1554131190e-01
4	100	1	5.1636513737e-01
4	101	1	5.1939994887e-01
4	102	1	5.1963774381e-01
4	103	1	5.1893014194e-01
4	104	1	5.2155957348e-01
4	105	1	5.2074583287e-01
4	106	1	5.1640966222e-01
4	107	1	5.1913451552e-01
4	108	1	5.1965779469e-01
4	109	1	5.1850620387e-01
4	110	1	5.2198879324e-01
4	111	1	5.1648324594e-01
4	112	1	5.1818585752e-01
4	113	1	5.2163801137e-01
4	114	1	5.1467968057e-01
4	115	1	5.1829291264e-01
4	116	1	5.1909958857e-01
4	117	1	5.1907450375e-01
4	118	1	5.2154446814e-01
4	119	1	5.1467772693e-01
4	120	1	5.2137244385e-01
4	121	1	5.1652055477e-01
4	122	1	5.1987821376e-01
4	123	1	5.1836356604e-01
4	124	1	5.2129933448e-01
4	125	1	5.1990086426e-01
4	126	1	5.1738273173e-01
4	127	1	5.1769251380e-01
4	128	1	5.2119370109e-01
4	129	1	5.2082306945e-01
4	130	1	5.1784169699e-01
4	131	1	5.1792206790e-01
4	132	1	5.1999266911e-01
4	133	1	5.1938269727e-01
4	134	1	5.1922376316e-01
4	135	1	5.2106463736e-01
4	136	1	5.1868856452e-01
4	137	1	5.1924556048e-01
4	138	1	5.1797161826e-01
4	139	1	5.1973450886e-01
4	140	1	5.1322500832e-01
4	141	1	5.2295098332e-01
4	142	1	5.1964731281e-01
4	143	1	5.1916288411e-01
4	144	1	5.1805663926e-01
4	145	1	5.1841571181e-01
4	146	1	5.1810923969e-01
4	147	1	5.1706255328e-01
4	148	1	5.1510850341e-01
4	149	1	5.1894712931e-01
4	150	1	5.1460940884e-01
4	151	1	5.1832599613e-01
4	152	1	5.2150479782e-01
4	153	1	5.1812380522e-01
4	154	1	5.1685012696e-01
4	155	1	5.1876022637e-01
4	156	1	5.1648393140e-01
4	157	1	5.2074567159e-01
4	158	1	5.1977364971e-01
4	159	1	5.1975742537e-01
4	160	1	5.2202500214e-01
4	161	1	5.1922906594e-01
4	162	1	5.1901443780e-01
4	163	1	5.1886809891e-01
4	164	1	5.1932718614e-01
4	165	1	5.1918369352e-01
4	166	1	5.2123372552e-01
4	167	1	5.1847770891e-01
4	168	1	5.2053084152e-01
4	169	1	5.2140282957e-01
4	170	1	5.1976704718e-01
4	171	1	5.2032698817e-01
4	172	1	5.1644464993e-01
4	173	1	5.2094290877e-01
4	174	1	5.1982293407e-01
4	175	1	5.1895135232e-01
4	176	1	5.1954532736e-01
4	177	1	5.1792773140e-01
4	178	1	5.2025166831e-01
4	179	1	5.1747405584e-01
4	180	1	5.1687102012e-01
4	181	1	5.1550605754e-01
4	182	1	5.2234808948e-01
4	183	1	5.1622476115e-01
4	184	1	5.2054661691e-01
4	185	1	5.1886461455e-01
4	186	1	5.1592425809e-01
4	187	1	5.2171566588e-01
4	188	1	5.2107196485e-01
4	189	1	5.1490369611e-01
4	190	1	5.2075316474e-01
4	191	1	5.1925723631e-01
4	192	1	5.1873168595e-01
4	193	1	5.1622176994e-01
4	194	1	5.1698302310e-01
4	195	1	5.2282645186e-01
4	196	1	5.2147502793e-01
4	197	1	5.2057526203e-01
4	198	1	5.1580477045e-01
4	199	1	5.1697472048e-01
5	0	1	3.9386597922e-01
5	1	1	3.9610265599e-01
5	2	1	3.8982954427e-01
5	3	1	3.9200597701e-01
5	4	1	3.8725600706e-01
5	5	1	3.9614470364e-01
5	6	1	3.8572472171e-01
5	7	1	3.9234374687e-01
5	8	1	3.9489413376e-01
5	9	1	3.9178012727e-01
5	10	1	3.8865067925e-01
5	11	1	3.9278131100e-01
5	12	1	3.9224960393e-01
5	13	1	3.9077542944e-01
5	14	1	3.9270859021e-01
5	15	1	3.8975124240e-01
5	16	1	3.9050638205e-01
5	17	1	3.9066725599e-01
5	18	1	3.9036154124e-01
5	19	1	3.8855514827e-01
5	20	1	3.9474723968e-01
5	21	1	3.9247931618e-01
5	22	1	3.9030425936e-01
5	23	1	3.9078907582e-01
5	24	1	3.9199218599e-01
5	25	1	3.9598167058e-01
5	26	1	3.8768497926e-01
5	27	1	3.8618882886e-01
5	28	1	3.8710503657e-01
5	29	1	3.8828913945e-01
5	30	1	3.8945958552e-01
5	31	1	3.8947328584e-01
5	32	1	3.9704946417e-01
5	33	1	3.9134295472e-01
5	34	1	3.8999801516e-01
5	35	1	3.9123364841e-01
5	36	1	3.9047121461e-01
5	37	1	3.9212732131e-01
5	38	1	3.9541904042e-01
5	39	1	3.9474132002e-01
5	40	1	3.8596987911e-01
5	41	1	3.9289670485e-01
5	42	1	3.9086717040e-01
5	43	1	3.9448841469e-01
5	44	1	3.8994610894e-01
5	45	1	3.9301734495e-01
5	46	1	3.9291582470e-01
5	47	1	3.8426774423e-01
5	48	1	3.8961092246e-01
5	49	1	3.9225600269e-01
5	50	1	3.8960011879e-01
5	51	1	3.8719776567e-01
5	52	1	3.9178602953e-01
5	53	1	3.9243490840e-01
5	54	1	3.8958985848e-01
5	55	1	3.9475898997e-01
5	56	1	3.9216106218e-01
5	57	1	3.9161646004e-01
5	58	1	3.9715551766e-01
5	59	1	3.9073724747e-01
5	60	1	3.8965209643e-01
5	61	1	3.8954625314e-01
5	62	1	3.9122315530e-01
5	63	1	3.9360665190e-01
5	64	1	3.9227231105e-01
5	65	1	3.8879620114e-01
5	66	1	3.9135269546e-01
5	67	1	3.8882042809e-01
5	68	1	3.9004245772e-01
5	69	1	3.9217827140e-01
5	70	1	3.8851519143e-01
5	71	1	3.9370922406e-01
5	72	1	3.9042665102e-01
5	73	1	3.9046782477e-01
5	74	1	3.9221135334e-01
5	75	1	3.9056028470e-01
5	76	1	3.9342313409e-01
5	77	1	3.9226270775e-01
5	78	1	3.9352810141e-01
5	79	1	3.9343458499e-01
5	80	1	3.9085812481e-01
5	81	1	3.9069858850e-01
5	82	1	3.8943259122e-01
5	83	1	3.8709394020e-01
5	84	1	3.9023607779e-01
5	85	1	3.8887819147e-01
5	86	1	3.9357876635e-01
5	87	1	3.9293181408e-01
5	88	1	3.9296421781e-01
5	89	1	3.8965862765e-01
5	90	1	3.9001312797e-01
5	91	1	3.9206588371e-01
5	92	1	3.9211115756e-01
5	93	1	3.8872247646e-01
5	94	1	3.9407261609e-01
5	95	1	3.8994381457e-01
5	96	1	3.9061335458e-01
5	97	1	3.9064477729e-01
5	98	1	3.8987971314e-01
5	99	1	3.8776487496e-01
5	100	1	3.8811636490e-01
5	101	1	3.9193932564e-01
5	102	1	3.9212621681e-01
5	103	1	3.9156697436e-01
5	104	1	3.9449031866e-01
5	105	1	3.9318507239e-01
5	106	1	3.8874145112e-01
5	107	1	3.9180459679e-01
5	108	1	3.9247619613e-01
5	109	1	3.9177916683e-01
5	110	1	3.9485567441e-01
5	111	1	3.8822346416e-01
5	112	1	3.9116923289e-01
5	113	1	3.9415038132e-01
5	114	1	3.8595822269e-01
5	115	1	3.9071089938e-01
5	116	1	3.9155377782e-01
5	117	1	3.9070228899e-01
5	118	1	3.9439620853e-01
5	119	1	3.8664385201e-01
5	120	1	3.9419637938e-01
5	121	1	3.8795328922e-01
5	122	1	3.9234412958e-01
5	123	1	3.9123531164e-01
5	124	1	3.9391372134e-01
5	125	1	3.9305422136e-01
5	126	1	3.8952089439e-01
5	127	1	3.9039345474e-01
5	128	1	3.9426852585e-01
5	129	1	3.9353605978e-01
5	130	1	3.8943365672e-01
5	131	1	3.9014890921e-01
5	132	1	3.9247015934e-01
5	133	1	3.9141452467e-01
5	134	1	3.9232967037e-01
5	135	1	3.9371976025e-01
5	136	1	3.9086001967e-01
5	137	1	3.9142357348e-01
5	138	1	3.9022876294e-01
5	139	1	3.9136095768e-01
5	140	1	3.8450206692e-01
5	141	1	3.9541782817e-01
5	142	1	3.9204773261e-01
5	143	1	3.9143011575e-01
5	144	1	3.8958229351e-01
5	145	1	3.9091601929e-01
5	146	1	3.8988323168e-01
5	147	1	3.8979479057e-01
5	148	1	3.8675381546e-01
5	149	1	3.9084499050e-01
5	150	1	3.8592098928e-01
5	151	1	3.9044537655e-01
5	152	1	3.9420917556e-01
5	153	1	3.8978963360e-01
5	154	1	3.8796893761e-01
5	155	1	3.9139725957e-01
5	156	1	3.8842764458e-01
5	157	1	3.9330090368e-01
5	158	1	3.9206526586e-01
5	159	1	3.9187622756e-01
5	160	1	3.9474803074e-01
5	161	1	3.9150815276e-01
5	162	1	3.9169547537e-01
5	163	1	3.9122940021e-01
5	164	1	3.9170775686e-01
5	165	1	3.9156464734e-01
5	166	1	3.9416432801e-01
5	167	1	3.9099209631e-01
5	168	1	3.9282933166e-01
5	169	1	3.9399463130e-01
5	170	1	3.9145775495e-01
5	171	1	3.9348494976e-01
5	172	1	3.8786755074e-01
5	173	1	3.9344038695e-01
5	174	1	3.9203937886e-01
5	175	1	3.9103524211e-01
5	176	1	3.9244288821e-01
5	177	1	3.9012954828e-01
5	178	1	3.9240583692e-01
5	179	1	3.8939451320e-01
5	180	1	3.8823936730e-01
5	181	1	3.8709805914e-01
5	182	1	3.9517156163e-01
5	183	1	3.8879389330e-01
5	184	1	3.9295509524e-01
5	185	1	3.9064582235e-01
5	186	1	3.8771898571e-01
5	187	1	3.9400566488e-01
5	188	1	3.9361651866e-01
5	189	1	3.8715172218e-01
5	190	1	3.9310775765e-01
5	191	1	3.9213109026e-01
5	192	1	3.9040092180e-01
5	193	1	3.8786251404e-01
5	194	1	3.8861749377e-01
5	195	1	3.9571444892e-01
5	196	1	3.9381272149e-01
5	197	1	3.9251069294e-01
5	198	1	3.8768537455e-01
5	199	1	3.8888754250e-01
6	0	1	2.8411682970e-01
6	1	1	2.8653075487e-01
6	2	1	2.7858998246e-01
6	3	1	2.8105693110e-01
6	4	1	2.7624901293e-01
6	5	1	2.8633069285e-01
6	6	1	2.7505280406e-01
6	7	1	2.8238409771e-01
6	8	1	2.8508287696e-01
6	9	1	2.8166150340e-01
6	10	1	2.7764327622e-01
6	11	1	2.8208333971e-01
6	12	1	2.8135127179e-01
6	13	1	2.8061738413e-01
6	14	1	2.8262023860e-01
6	15	1	2.7847716733e-01
6	16	1	2.8120175546e-01
6	17	1	2.8042573033e-01
6	18	1	2.8002010502e-01
6	19	1	2.7858870603e-01
6	20	1	2.8402726852e-01
6	21	1	2.8221330435e-01
6	22	1	2.8056724948e-01
6	23	1	2.8004689632e-01
6	24	1	2.8156680556e-01
6	25	1	2.8598697021e-01
6	26	1	2.7754522922e-01
6	27	1	2.7584937379e-01
6	28	1	2.7686420062e-01
6	29	1	2.7790971258e-01
6	30	1	2.7915227516e-01
6	31	1	2.7913856546e-01
6	32	1	2.8639351387e-01
6	33	1	2.8031942632e-01
6	34	1	2.7974394057e-01
6	35	1	2.8051648344e-01
6	36	1	2.7949887049e-01
6	37	1	2.8183160702e-01
6	38	1	2.8509726216e-01
6	39	1	2.8542892843e-01
6	40	1	2.7565093756e-01
6	41	1	2.8301020541e-01
6	42	1	2.7975913957e-01
6	43	1	2.8387426495e-01
6	44	1	2.7964418926e-01
6	45	1	2.8206733614e-01
6	46	1	2.8159135170e-01
6	47	1	2.7408465700e-01
6	48	1	2.7912630500e-01
6	49	1	2.8173243684e-01
6	50	1	2.7949772843e-01
6	51	1	2.7689651774e-01
6	52	1	2.8192212087e-01
6	53	1	2.8270158966e-01
6	54	1	2.7924288971e-01
6	55	1	2.8359367583e-01
6	56	1	2.8214316940e-01
6	57	1	2.8131423245e-01
6	58	1	2.8717136691e-01
6	59	1	2.8105002830e-01
6	60	1	2.7952920506e-01
6	61	1	2.7806767559e-01
6	62	1	2.8112438265e-01
6	63	1	2.8426844886e-01
6	64	1	2.8216970664e-01
6	65	1	2.7678663871e-01
6	66	1	2.8070744158e-01
6	67	1	2.7828048688e-01
6	68	1	2.8004169931e-01
6	69	1	2.8127146038e-01
6	70	1	2.7852917027e-01
6	71	1	2.8324773171e-01
6	72	1	2.7921276136e-01
6	73	1	2.7947765938e-01
6	74	1	2.8196403269e-01
6	75	1	2.8032005852e-01
6	76	1	2.8303771029e-01
6	77	1	2.8194011515e-01
6	78	1	2.8398127305e-01
6	79	1	2.8356930208e-01
6	80	1	2.8093528373e-01
6	81	1	2.8021913515e-01
6	82	1	2.7926394394e-01
6	83	1	2.7726186361e-01
6	84	1	2.8012730196e-01
6	85	1	2.7878681616e-01
6	86	1	2.8398854345e-01
6	87	1	2.8243863317e-01
6	88	1	2.8373747348e-01
6	89	1	2.7997671545e-01
6	90	1	2.7949114201e-01
6	91	1	2.8129926723e-01
6	92	1	2.8347518015e-01
6	93	1	2.7759688100e-01
6	94	1	2.8322896759e-01
6	95	1	2.7862015227e-01
6	96	1	2.8041089240e-01
6	97	1	2.8005693993e-01
6	98	1	2.7980900154e-01
6	99	1	2.7802685692e-01
6	100	1	2.7781414442e-01
6	101	1	2.8159136219e-01
6	102	1	2.8184771544e-01
6	103	1	2.8156714596e-01
6	104	1	2.8527120034e-01
6	105	1	2.8272302005e-01
6	106	1	2.7895595357e-01
6	107	1	2.8157237722e-01
6	108	1	2.8286891096e-01
6	109	1	2.8288467457e-01
6	110	1	2.8453860768e-01
6	111	1	2.7764569142e-01
6	112	1	2.8160963767e-01
6	113	1	2.8374386640e-01
6	114	1	2.7514396049e-01
6	115	1	2.8062418091e-01
6	116	1	2.8158032577e-01
6	117	1	2.7959367567e-01
6	118	1	2.8421421861e-01
6	119	1	2.7680631284e-01
6	120	1	2.8452013858e-01
6	121	1	2.7694129641e-01
6	122	1	2.8226575604e-01
6	123	1	2.8157849745e-01
6	124	1	2.8360668244e-01
6	125	1	2.8367106664e-01
6	126	1	2.7900390840e-01
6	127	1	2.8063941851e-01
6	128	1	2.8435686766e-01
6	129	1	2.8352184397e-01
6	130	1	2.7819820469e-01
6	131	1	2.7994381171e-01
6	132	1	2.8225859380e-01
6	133	1	2.8115571035e-01
6	134	1	2.8304456753e-01
6	135	1	2.8342465491e-01
6	136	1	2.8082553393e-01
6	137	1	2.8086236864e-01
6	138	1	2.7987053538e-01
6	139	1	2.8009511909e-01
6	140	1	2.7419888517e-01
6	141	1	2.8523779579e-01
6	142	1	2.8199255733e-01
6	143	1	2.8074283403e-01
6	144	1	2.7867010702e-01
6	145	1	2.8094687719e-01
6	146	1	2.7930424478e-01
6	147	1	2.7996072146e-01
6	148	1	2.7634611834e-01
6	149	1	2.8003038932e-01
6	150	1	2.7583505752e-01
6	151	1	2.8019308056e-01
6	152	1	2.8395861461e-01
6	153	1	2.7860256185e-01
6	154	1	2.7676439367e-01
6	155	1	2.8119501136e-01
6	156	1	2.7797173332e-01
6	157	1	2.8294501003e-01
6	158	1	2.8148537933e-01
6	159	1	2.8110476434e-01
6	160	1	2.8493426245e-01
6	161	1	2.8120981398e-01
6	162	1	2.8169168248e-01
6	163	1	2.8068048458e-01
6	164	1	2.8143016714e-01
6	165	1	2.8126324460e-01
6	166	1	2.8405308153e-01
6	167	1	2.8078879649e-01
6	168	1	2.8205947429e-01
6	169	1	2.8361310890e-01
6	170	1	2.8038319388e-01
6	171	1	2.8379579310e-01
6	172	1	2.7692194939e-01
6	173	1	2.8291979124e-01
6	174	1	2.8132054321e-01
6	175	1	2.8063308092e-01
6	176	1	2.8257432999e-01
6	177	1	2.7966659973e-01
6	178	1	2.8203837781e-01
6	179	1	2.7919983968e-01
6	180	1	2.7695022974e-01
6	181	1	2.7652211663e-01
6	182	1	2.8491533663e-01
6	183	1	2.7912607496e-01
6	184	1	2.8235034210e-01
6	185	1	2.7960696208e-01
6	186	1	2.7718318747e-01
6	187	1	2.8334820390e-01
6	188	1	2.8336595941e-01
6	189	1	2.7761879141e-01
6	190	1	2.8310113254e-01
6	191	1	2.8234514056e-01
6	192	1	2.7979522134e-01
6	193	1	2.7717997100e-01
6	194	1	2.7785032710e-01
6	195	1	2.8542110654e-01
6	196	1	2.8336218429e-01
6	197	1	2.8134491109e-01
6	198	1	2.7731893958e-01
6	199	1	2.7849441741e-01
7	0	1	1.9371444359e-01
7	1	1	1.9593150074e-01
7	2	1	1.8708373924e-01
7	3	1	1.8989492835e-01
7	4	1	1.8525597501e-01
7	5	1	1.9536493411e-01
7	6	1	1.8480841553e-01
7	7	1	1.9204452638e-01
7	8	1	1.9429672192e-01
7	9	1	1.9134971916e-01
7	10	1	1.8660159507e-01
7	11	1	1.9089432636e-01
7	12	1	1.9003845189e-01
7	13	1	1.9001168329e-01
7	14	1	1.9215256360e-01
7	15	1	1.8706053795e-01
7	16	1	1.9146626053e-01
7	17	1	1.8946286366e-01
7	18	1	1.8933036418e-01
7	19	1	1.8845744711e-01
7	20	1	1.9252126818e-01
7	21	1	1.9147166847e-01
7	22	1	1.9054811101e-01
7	23	1	1.8914258540e-01
7	24	1	1.9039115962e-01
7	25	1	1.9498588397e-01
7	26	1	1.8737289847e-01
7	27	1	1.8581222187e-01
7	28	1	1.8648917778e-01
7	29	1	1.8775376011e-01
7	30	1	1.8869939395e-01
7	31	1	1.8864094456e-01
7	32	1	1.9473681992e-01
7	33	1	1.8910574995e-01
7	34	1	1.8939669892e-01
7	35	1	1.8943185931e-01
7	36	1	1.8809416403e-01
7	37	1	1.9099271691e-01
7	38	1	1.9402429994e-01
7	39	1	1.9493678150e-01
7	40	1	1.8575291177e-01
7	41	1	1.9269015324e-01
7	42	1	1.8820377739e-01
7	43	1	1.9258327568e-01
7	44	1	1.8906192727e-01
7	45	1	1.9083406270e-01
7	46	1	1.8953569907e-01
7	47	1	1.8459073285e-01
7	48	1	1.8861844804e-01
7	49	1	1.9071542688e-01
7	50	1	1.8944855550e-01
7	51	1	1.8677462418e-01
7	52	1	1.9163983430e-01
7	53	1	1.9240787055e-01
7	54	1	1.8902213745e-01
7	55	1	1.9185223034e-01
7	56	1	1.9156592466e-01
7	57	1	1.9051493483e-01
7	58	1	1.9584223766e-01
7	59	1	1.9097543931e-01
7	60	1	1.8942895337e-01
7	61	1	1.8625498250e-01
7	62	1	1.9025555067e-01
7	63	1	1.9417044024e-01
7	64	1	1.9129793734e-01
7	65	1	1.8470715480e-01
7	66	1	1.8986575840e-01
7	67	1	1.8746887344e-01
7	68	1	1.8965294413e-01
7	69	1	1.8997798937e-01
7	70	1	1.8869977208e-01
7	71	1	1.9210711826e-01
7	72	1	1.8766102537e-01
7	73	1	1.8812850312e-01
7	74	1	1.9105159395e-01
7	75	1	1.8970549724e-01
7	76	1	1.9189389810e-01
7	77	1	1.9125643415e-01
7	78	1	1.9379983432e-01
7	79	1	1.9276054232e-01
7	80	1	1.9070286261e-01
7	81	1	1.8926029787e-01
7	82	1	1.8885251447e-01
7	83	1	1.8748203151e-01
7	84	1	1.9004086673e-01
7	85	1	1.8848282045e-01
7	86	1	1.9367036404e-01
7	87	1	1.9166308301e-01
7	88	1	1.9404995962e-01
7	89	1	1.9006954188e-01
7	90	1	1.8865521368e-01
7	91	1	1.9028096082e-01
7	92	1	1.9441894791e-01
7	93	1	1.8621597355e-01
7	94	1	1.9177582451e-01
7	95	1	1.8703050106e-01
7	96	1	1.8980625357e-01
7	97	1	1.8925014900e-01
7	98	1	1.8943870186e-01
7	99	1	1.8836340503e-01
7	100	1	1.8781751296e-01
7	101	1	1.9059017459e-01
7	102	1	1.9089750908e-01
7	103	1	1.9104856059e-01
7	104	1	1.9566065976e-01
7	105	1	1.9177977017e-01
7	106	1	1.8914419191e-01
7	107	1	1.9052365375e-01
7	108	1	1.9286299282e-01
7	109	1	1.9356788940e-01
7	110	1	1.9329380746e-01
7	111	1	1.8718502389e-01
7	112	1	1.9157461184e-01
7	113	1	1.9288715675e-01
7	114	1	1.8462007348e-01
7	115	1	1.9027040209e-01
7	116	1	1.9113458860e-01
7	117	1	1.8819985017e-01
7	118	1	1.9349260998e-01
7	119	1	1.8732808996e-01
7	120	1	1.9422338415e-01
7	121	1	1.8577876820e-01
7	122	1	1.9178729994e-01
7	123	1	1.9131620975e-01
7	124	1	1.9277361645e-01
7	125	1	1.9345534297e-01
7	126	1	1.8812960072e-01
7	127	1	1.9046173188e-01
7	128	1	1.9332289951e-01
7	129	1	1.9276423637e-01
7	130	1	1.8651488070e-01
7	131	1	1.8945899142e-01
7	132	1	1.9157973042e-01
7	133	1	1.9093305487e-01
7	134	1	1.9316206365e-01
7	135	1	1.9253524624e-01
7	136	1	1.9082338310e-01
7	137	1	1.8998992839e-01
7	138	1	1.8938082579e-01
7	139	1	1.8847185890e-01
7	140	1	1.8414504793e-01
7	141	1	1.9480848651e-01
7	142	1	1.9154740731e-01
7	143	1	1.8950316205e-01
7	144	1	1.8771234269e-01
7	145	1	1.9093320316e-01
7	146	1	1.8885153830e-01
7	147	1	1.8965349143e-01
7	148	1	1.8601225640e-01
7	149	1	1.8904772772e-01
7	150	1	1.8638006372e-01
7	151	1	1.8972014674e-01
7	152	1	1.9269444123e-01
7	153	1	1.8714215450e-01
7	154	1	1.8568869428e-01
7	155	1	1.9014185583e-01
7	156	1	1.8696953181e-01
7	157	1	1.9193251258e-01
7	158	1	1.9047134841e-01
7	159	1	1.8986517539e-01
7	160	1	1.9491276948e-01
7	161	1	1.9073254494e-01
7	162	1	1.9127262036e-01
7	163	1	1.8939391282e-01
7	164	1	1.9063622055e-01
7	165	1	1.9040292735e-01
7	166	1	1.9306409787e-01
7	167	1	1.8996814619e-01
7	168	1	1.9069451480e-01
7	169	1	1.9260151828e-01
7	170	1	1.8901771091e-01
7	171	1	1.9334875348e-01
7	172	1	1.8612207606e-01
7	173	1	1.9189144220e-01
7	174	1	1.9011766354e-01
7	175	1	1.9014470051e-01
7	176	1	1.9212773641e-01
7	177	1	1.8874216410e-01
7	178	1	1.9140584382e-01
7	179	1	1.8900832378e-01
7	180	1	1.8555466582e-01
7	181	1	1.8589920185e-01
7	182	1	1.9389521138e-01
7	183	1	1.8932178208e-01
7	184	1	1.9110361291e-01
7	185	1	1.8819689413e-01
7	186	1	1.8655549601e-01
7	187	1	1.9224907715e-01
7	188	1	1.9280487691e-01
7	189	1	1.8831842494e-01
7	190	1	1.9298019354e-01
7	191	1	1.9181869987e-01
7	192	1	1.8904153718e-01
7	193	1	1.8642832395e-01
7	194	1	1.8723681160e-01
7	195	1	1.9418482251e-01
7	196	1	1.9265145828e-01
7	197	1	1.8968000466e-01
7	198	1	1.8663661922e-01
7	199	1	1.8810650468e-01
8	0	1	1.2280694532e-01
8	1	1	1.2453432023e-01
8	2	1	1.1604597895e-01
8	3	1	1.1902777156e-01
8	4	1	1.1483447524e-01
8	5	1	1.2372499732e-01
8	6	1	1.1509168053e-01
8	7	1	1.2144406797e-01
8	8	1	1.2287516847e-01
8	9	1	1.2104618374e-01
8	10	1	1.1596189744e-01
8	11	1	1.1983467475e-01
8	12	1	1.1872921944e-01
8	13	1	1.1918458036e-01
8	14	1	1.2156423752e-01
8	15	1	1.1598627129e-01
8	16	1	1.2116207511e-01
8	17	1	1.1811630811e-01
8	18	1	1.1844466948e-01
8	19	1	1.1823609700e-01
8	20	1	1.2075341711e-01
8	21	1	1.2062324364e-01
8	22	1	1.2046928516e-01
8	23	1	1.1814310037e-01
8	24	1	1.1896818930e-01
8	25	1	1.2337890691e-01
8	26	1	1.1697919760e-01
8	27	1	1.1598386202e-01
8	28	1	1.1617009189e-01
8	29	1	1.1814349098e-01
8	30	1	1.1827569987e-01
8	31	1	1.1793867036e-01
8	32	1	1.2279553897e-01
8	33	1	1.1827142540e-01
8	34	1	1.1917129317e-01
8	35	1	1.1834700787e-01
8	36	1	1.1670361511e-01
8	37	1	1.2008390037e-01
8	38	1	1.2266385241e-01
8	39	1	1.2341982839e-01
8	40	1	1.1623666309e-01
8	41	1	1.2215676459e-01
8	42	1	1.1679205932e-01
8	43	1	1.2110552237e-01
8	44	1	1.1838776446e-01
8	45	1	1.1963861183e-01
8	46	1	1.1746420681e-01
8	47	1	1.1552966377e-01
8	48	1	1.1821464846e-01
8	49	1	1.1945972374e-01
8	50	1	1.1949979073e-01
8	51	1	1.1676881953e-01
8	52	1	1.2078126075e-01
8	53	1	1.2158697446e-01
8	54	1	1.1900064142e-01
8	55	1	1.2032867421e-01
8	56	1	1.2053727463e-01
8	57	1	1.1963228201e-01
8	58	1	1.2362174595e-01
8	59	1	1.2055987053e-01
8	60	1	1.1911733783e-01
8	61	1	1.1480251931e-01
8	62	1	1.1914925892e-01
8	63	1	1.2310246695e-01
8	64	1	1.2026012817e-01
8	65	1	1.1332809373e-01
8	66	1	1.1923186047e-01
8	67	1	1.1655666238e-01
8	68	1	1.1925917276e-01
8	69	1	1.1879310338e-01
8	70	1	1.1906681352e-01
8	71	1	1.2081729685e-01
8	72	1	1.1626368717e-01
8	73	1	1.1696299947e-01
8	74	1	1.1985261406e-01
8	75	1	1.1887963115e-01
8	76	1	1.2067477114e-01
8	77	1	1.2042781307e-01
8	78	1	1.2287484514e-01
8	79	1	1.2144101075e-01
8	80	1	1.2027317954e-01
8	81	1	1.1820130754e-01
8	82	1	1.1844129177e-01
8	83	1	1.1770435557e-01
8	84	1	1.1992181842e-01
8	85	1	1.1807840350e-01
8	86	1	1.2293624204e-01
8	87	1	1.2091792263e-01
8	88	1	1.2386990944e-01
8	89	1	1.1980978106e-01
8	90	1	1.1787110515e-01
8	91	1	1.1927590449e-01
8	92	1	1.2476948547e-01
8	93	1	1.1496967373e-01
8	94	1	1.2027361060e-01
8	95	1	1.1577154063e-01
8	96	1	1.1905075769e-01
8	97	1	1.1867055295e-01
8	98	1	1.1893980533e-01
8	99	1	1.1864370597e-01
8	100	1	1.1832154086e-01
8	101	1	1.1925594016e-01
8	102	1	1.1949755617e-01
8	103	1	1.2011640539e-01
8	104	1	1.2539181809e-01
8	105	1	1.2084381276e-01
8	106	1	1.1939248681e-01
8	107	1	1.1901112719e-01
8	108	1	1.2260523227e-01
8	109	1	1.2365971751e-01
8	110	1	1.2153118816e-01
8	111	1	1.1695797351e-01
8	112	1	1.2109643568e-01
8	113	1	1.2182084666e-01
8	114	1	1.1458476507e-01
8	115	1	1.1986429886e-01
8	116	1	1.2030515868e-01
8	117	1	1.1703931533e-01
8	118	1	1.2239070576e-01
8	119	1	1.1802863615e-01
8	120	1	1.2339921824e-01
8	121	1	1.1510795899e-01
8	122	1	1.2109659243e-01
8	123	1	1.2050748386e-01
8	124	1	1.2181927979e-01
8	125	1	1.2246718226e-01
8	126	1	1.1743947144e-01
8	127	1	1.2001101104e-01
8	128	1	1.2175111627e-01
8	129	1	1.2180398227e-01
8	130	1	1.1496504756e-01
8	131	1	1.1859228844e-01
8	132	1	1.2061041357e-01
8	133	1	1.2115322611e-01
8	134	1	1.2272298612e-01
8	135	1	1.2161405235e-01
8	136	1	1.2097068496e-01
8	137	1	1.1915083197e-01
8	138	1	1.1902245242e-01
8	139	1	1.1704456674e-01
8	140	1	1.1412353554e-01
8	141	1	1.2442737932e-01
8	142	1	1.2062820123e-01
8	143	1	1.1834687754e-01
8	144	1	1.1694289939e-01
8	145	1	1.2107213741e-01
8	146	1	1.1871515240e-01
8	147	1	1.1905743195e-01
8	148	1	1.1586253597e-01
8	149	1	1.1821199605e-01
8	150	1	1.1711680351e-01
8	151	1	1.1927240834e-01
8	152	1	1.2101402907e-01
8	153	1	1.1617199951e-01
8	154	1	1.1490186134e-01
8	155	1	1.1881637719e-01
8	156	1	1.1557977279e-01
8	157	1	1.2050620258e-01
8	158	1	1.1940590325e-01
8	159	1	1.1884382618e-01
8	160	1	1.2477249299e-01
8	161	1	1.2035182421e-01
8	162	1	1.2074034028e-01
8	163	1	1.1780772564e-01
8	164	1	1.1959132081e-01
8	165	1	1.1943781360e-01
8	166	1	1.2153346830e-01
8	167	1	1.1891215330e-01
8	168	1	1.1941532616e-01
8	169	1	1.2139933788e-01
8	170	1	1.1772892335e-01
8	171	1	1.2225074224e-01
8	172	1	1.1579837625e-01
8	173	1	1.2086146824e-01
8	174	1	1.1890527209e-01
8	175	1	1.1972157109e-01
8	176	1	1.2138022316e-01
8	177	1	1.1781563019e-01
8	178	1	1.2069174515e-01
8	179	1	1.1911120377e-01
8	180	1	1.1477920932e-01
8	181	1	1.1555555335e-01
8	182	1	1.2265929218e-01
8	183	1	1.1936396367e-01
8	184	1	1.1973880236e-01
8	185	1	1.1690225283e-01
8	186	1	1.1602622974e-01
8	187	1	1.2147321340e-01
8	188	1	1.2218295250e-01
8	189	1	1.1891684021e-01
8	190	1	1.2271370804e-01
8	191	1	1.2077088299e-01
8	192	1	1.1855559317e-01
8	193	1	1.1602634163e-01
8	194	1	1.1730262190e-01
8	195	1	1.2235995927e-01
8	196	1	1.2204455920e-01
8	197	1	1.1803717600e-01
8	198	1	1.1581443025e-01
8	199	1	1.1793830993e-01
9	0	1	7.0102125938e-02
9	1	1	7.1482683310e-02
9	2	1	6.3936779941e-02
9	3	1	6.6754708343e-02
9	4	1	6.3368373255e-02
9	5	1	7.0360168753e-02
9	6	1	6.3913943742e-02
9	7	1	6.9014271638e-02
9	8	1	6.9752702415e-02
9	9	1	6.9260311790e-02
9	10	1	6.4284401546e-02
9	11	1	6.7632644708e-02
9	12	1	6.6160832273e-02
9	13	1	6.6696669698e-02
9	14	1	6.9196050870e-02
9	15	1	6.3885120198e-02
9	16	1	6.8694893235e-02
9	17	1	6.5064573156e-02
9	18	1	6.6037442898e-02
9	19	1	6.6318503030e-02
9	20	1	6.7569717205e-02
9	21	1	6.8382559032e-02
9	22	1	6.8779424136e-02
9	23	1	6.5296796317e-02
9	24	1	6.6077909832e-02
9	25	1	7.0100746308e-02
9	26	1	6.4727412250e-02
9	27	1	6.4578229090e-02
9	28	1	6.4502928114e-02
9	29	1	6.7099450511e-02
9	30	1	6.6248348955e-02
9	31	1	6.5597071812e-02
9	32	1	6.9272592804e-02
9	33	1	6.6094479900e-02
9	34	1	6.7292343173e-02
9	35	1	6.5975581969e-02
9	36	1	6.4115600122e-02
9	37	1	6.7679639979e-02
9	38	1	6.9646480054e-02
9	39	1	6.9744995104e-02
9	40	1	6.5241876851e-02
9	41	1	6.9917526027e-02
9	42	1	6.4056476283e-02
9	43	1	6.8558106874e-02
9	44	1	6.6108870539e-02
9	45	1	6.7103167895e-02
9	46	1	6.4057492443e-02
9	47	1	6.4663442675e-02
9	48	1	6.6460004583e-02
9	49	1	6.6613310561e-02
9	50	1	6.7859531318e-02
9	51	1	6.4960284536e-02
9	52	1	6.8077449672e-02
9	53	1	6.8773617143e-02
9	54	1	6.7402462077e-02
9	55	1	6.7886985331e-02
9	56	1	6.7686791106e-02
9	57	1	6.7307293627e-02
9	58	1	6.9604646675e-02
9	59	1	6.8319261056e-02
9	60	1	6.7032396003e-02
9	61	1	6.2454615743e-02
9	62	1	6.6669093165e-02
9	63	1	6.9568939040e-02
9	64	1	6.8007889549e-02
9	65	1	6.1192938451e-02
9	66	1	6.7112425017e-02
9	67	1	6.4013233521e-02
9	68	1	6.7502276034e-02
9	69	1	6.6316823941e-02
9	70	1	6.7628023650e-02
9	71	1	6.8153588908e-02
9	72	1	6.3727790814e-02
9	73	1	6.4636198499e-02
9	74	1	6.6975834386e-02
9	75	1	6.6302514237e-02
9	76	1	6.8102540097e-02
9	77	1	6.7939279639e-02
9	78	1	7.0013705497e-02
9	79	1	6.8518379873e-02
9	80	1	6.8218999371e-02
9	81	1	6.5774970487e-02
9	82	1	6.6517750188e-02
9	83	1	6.6348032174e-02
9	84	1	6.8216552747e-02
9	85	1	6.5943571684e-02
9	86	1	7.0590569815e-02
9	87	1	6.8620504188e-02
9	88	1	7.1944168638e-02
9	89	1	6.7554966618e-02
9	90	1	6.5741483576e-02
9	91	1	6.6860897009e-02
9	92	1	7.2948345572e-02
9	93	1	6.2388360502e-02
9	94	1	6.7426761070e-02
9	95	1	6.3432705826e-02
9	96	1	6.6823412698e-02
9	97	1	6.6950878311e-02
9	98	1	6.6978492274e-02
9	99	1	6.6983255052e-02
9	100	1	6.7566226661e-02
9	101	1	6.6458932170e-02
9	102	1	6.6374965831e-02
9	103	1	6.7398825970e-02
9	104	1	7.3179004265e-02
9	105	1	6.8443110660e-02
9	106	1	6.7967867623e-02
9	107	1	6.5955499707e-02
9	108	1	7.0626578147e-02
9	109	1	7.1681081535e-02
9	110	1	6.8259443598e-02
9	111	1	6.5396301587e-02
9	112	1	6.8630626338e-02
9	113	1	6.8968288720e-02
9	114	1	6.3380131070e-02
9	115	1	6.7952377984e-02
9	116	1	6.7696461374e-02
9	117	1	6.4904476059e-02
9	118	1	6.9559298952e-02
9	119	1	6.6902003281e-02
9	120	1	7.0735854856e-02
9	121	1	6.3358309644e-02
9	122	1	6.8812620392e-02
9	123	1	6.7759174152e-02
9	124	1	6.9497041268e-02
9	125	1	6.9486338635e-02
9	126	1	6.5605875060e-02
9	127	1	6.7776337864e-02
9	128	1	6.8586745542e-02
9	129	1	6.9611459837e-02
9	130	1	6.2295362454e-02
9	131	1	6.5712644243e-02
9	132	1	6.8083013292e-02
9	133	1	7.0019432194e-02
9	134	1	7.0098651379e-02
9	135	1	6.9595875797e-02
9	136	1	6.9484322592e-02
9	137	1	6.6864926988e-02
9	138	1	6.7051407547e-02
9	139	1	6.4721521961e-02
9	140	1	6.2403782838e-02
9	141	1	7.2651756124e-02
9	142	1	6.7717601448e-02
9	143	1	6.5976191361e-02
9	144	1	6.5009787768e-02
9	145	1	6.9688819873e-02
9	146	1	6.7193358097e-02
9	147	1	6.6631096280e-02
9	148	1	6.4334979186e-02
9	149	1	6.6121314487e-02
9	150	1	6.6079650077e-02
9	151	1	6.7283908177e-02
9	152	1	6.7996421816e-02
9	153	1	6.4029656256e-02
9	154	1	6.2781586862e-02
9	155	1	6.6179744844e-02
9	156	1	6.2751767067e-02
9	157	1	6.7399048821e-02
9	158	1	6.7039033259e-02
9	159	1	6.6753186106e-02
9	160	1	7.2649640167e-02
9	161	1	6.8343049164e-02
9	162	1	6.8616128823e-02
9	163	1	6.4875108603e-02
9	164	1	6.6920559744e-02
9	165	1	6.7141586414e-02
9	166	1	6.8225730615e-02
9	167	1	6.6365783663e-02
9	168	1	6.6771520732e-02
9	169	1	6.8883668275e-02
9	170	1	6.5079415662e-02
9	171	1	6.9186727376e-02
9	172	1	6.4294486793e-02
9	173	1	6.8506618348e-02
9	174	1	6.6440106453e-02
9	175	1	6.7761158128e-02
9	176	1	6.9091089161e-02
9	177	1	6.5449627145e-02
9	178	1	6.8194081021e-02
9	179	1	6.7705572468e-02
9	180	1	6.3060116646e-02
9	181	1	6.3894814336e-02
9	182	1	7.0038571587e-02
9	183	1	6.7623692338e-02
9	184	1	6.6791957310e-02
9	185	1	6.4370910203e-02
9	186	1	6.3979649551e-02
9	187	1	6.9704589380e-02
9	188	1	6.9977753482e-02
9	189	1	6.7372875635e-02
9	190	1	7.0510068722e-02
9	191	1	6.7918590028e-02
9	192	1	6.7326909451e-02
9	193	1	6.4448190185e-02
9	194	1	6.6493767120e-02
9	195	1	6.8796621789e-02
9	196	1	6.9873423680e-02
9	197	1	6.5238497021e-02
9	198	1	6.3678068823e-02
9	199	1	6.6306674993e-02
10	0	1	3.3426710127e-02
10	1	1	3.4710415451e-02
10	2	1	2.7752956098e-02
10	3	1	3.0626004076e-02
10	4	1	2.7899206021e-02
10	5	1	3.2868661275e-02
10	6	1	2.8241653031e-02
10	7	1	3.2356253444e-02
10	8	1	3.2616513359e-02
10	9	1	3.3398657980e-02
10	10	1	2.8914138733e-02
10	11	1	3.1665651844e-02
10	12	1	2.9616435011e-02
10	13	1	3.0088830877e-02
10	14	1	3.2418265156e-02
10	15	1	2.7904425448e-02
10	16	1	3.1915493012e-02
10	17	1	2.7879985043e-02
10	18	1	2.9764190070e-02
10	19	1	3.0042720414e-02
10	20	1	3.0616462806e-02
10	21	1	3.2027191263e-02
10	22	1	3.2877707085e-02
10	23	1	2.8143898591e-02
10	24	1	2.9378758848e-02
10	25	1	3.2981423940e-02
10	26	1	2.8066856686e-02
10	27	1	2.9073311990e-02
10	28	1	2.9049846319e-02
10	29	1	3.1550767085e-02
10	30	1	2.9925822140e-02
10	31	1	2.9356705558e-02
10	32	1	3.1593687606e-02
10	33	1	2.9795344725e-02
10	34	1	3.0969511327e-02
10	35	1	2.9995499373e-02
10	36	1	2.7928990389e-02
10	37	1	3.1142182304e-02
10	38	1	3.2599201635e-02
10	39	1	3.2002212537e-02
10	40	1	2.9985587306e-02
10	41	1	3.3438743557e-02
10	42	1	2.7428336710e-02
10	43	1	3.2384784487e-02
10	44	1	2.9683532616e-02
10	45	1	3.0637690962e-02
10	46	1	2.6898297932e-02
10	47	1	2.9484755603e-02
10	48	1	3.0842523774e-02
10	49	1	2.9582090179e-02
10	50	1	3.1785446375e-02
10	51	1	2.8649540787e-02
10	52	1	3.1285493367e-02
10	53	1	3.1642855486e-02
10	54	1	3.1552350530e-02
10	55	1	3.1909284573e-02
10	56	1	3.0844664598e-02
10	57	1	3.1103517355e-02
10	58	1	3.1692538413e-02
10	59	1	3.2108484477e-02
10	60	1	3.0816299600e-02
10	61	1	2.6666109289e-02
10	62	1	3.0340996736e-02
10	63	1	3.1452714963e-02
10	64	1	3.1988636713e-02
10	65	1	2.5588085113e-02
10	66	1	3.0880182555e-02
10	67	1	2.7556018105e-02
10	68	1	3.1657200046e-02
10	69	1	3.0094216583e-02
10	70	1	3.1648271056e-02
10	71	1	3.1791386598e-02
10	72	1	2.7597112898e-02
10	73	1	2.8655886322e-02
10	74	1	2.9926830835e-02
10	75	1	2.9513579285e-02
10	76	1	3.1738907919e-02
10	77	1	3.1389038523e-02
10	78	1	3.3197757381e-02
10	79	1	3.1859884995e-02
10	80	1	3.2359904417e-02
10	81	1	2.9452470389e-02
10	82	1	3.0559322761e-02
10	83	1	3.1055376872e-02
10	84	1	3.2333616394e-02
10	85	1	2.9509289097e-02
10	86	1	3.4154157353e-02
10	87	1	3.2041908850e-02
10	88	1	3.5976589066e-02
10	89	1	3.1128389472e-02
10	90	1	2.9739281707e-02
10	91	1	3.0482420687e-02
10	92	1	3.6553391403e-02
10	93	1	2.5863327786e-02
10	94	1	3.0490043778e-02
10	95	1	2.7297462777e-02
10	96	1	3.0531993245e-02
10	97	1	3.1409511921e-02
10	98	1	3.1088011296e-02
10	99	1	3.0853797011e-02
10	100	1	3.2679998099e-02
10	101	1	3.0162055665e-02
10	102	1	2.9224785731e-02
10	103	1	3.0675773865e-02
10	104	1	3.6771373443e-02
10	105	1	3.1963151948e-02
10	106	1	3.2284852158e-02
10	107	1	2.9179787233e-02
10	108	1	3.4290071067e-02
10	109	1	3.5437855987e-02
10	110	1	3.1348505715e-02
10	111	1	2.9760746953e-02
10	112	1	3.1974989442e-02
10	113	1	3.1986738436e-02
10	114	1	2.8297750763e-02
10	115	1	3.1794130488e-02
10	116	1	3.0937501113e-02
10	117	1	2.9017645124e-02
10	118	1	3.2811681613e-02
10	119	1	3.1389318051e-02
10	120	1	3.4042842805e-02
10	121	1	2.7582011539e-02
10	122	1	3.2537873044e-02
10	123	1	3.0701568202e-02
10	124	1	3.3163167346e-02
10	125	1	3.2313645051e-02
10	126	1	2.9929545169e-02
10	127	1	3.1363008919e-02
10	128	1	3.1452405982e-02
10	129	1	3.3834660375e-02
10	130	1	2.5884617336e-02
10	131	1	2.8492940904e-02
10	132	1	3.1490488008e-02
10	133	1	3.4573366855e-02
10	134	1	3.2940822596e-02
10	135	1	3.3847552343e-02
10	136	1	3.3616563538e-02
10	137	1	3.0451350136e-02
10	138	1	3.0779393516e-02
10	139	1	2.9069157216e-02
10	140	1	2.6498517526e-02
10	141	1	3.6687575390e-02
10	142	1	3.0325673968e-02
10	143	1	2.9656495859e-02
10	144	1	2.9431255262e-02
10	145	1	3.4029606104e-02
10	146	1	3.1598351323e-02
10	147	1	3.0096175323e-02
10	148	1	2.8864565955e-02
10	149	1	3.0291152619e-02
10	150	1	3.0613198435e-02
10	151	1	3.0981712167e-02
10	152	1	3.1225904402e-02
10	153	1	2.7596351696e-02
10	154	1	2.6616617027e-02
10	155	1	2.9639685261e-02
10	156	1	2.6290921702e-02
10	157	1	3.0482861304e-02
10	158	1	3.0869586688e-02
10	159	1	3.0795150083e-02
10	160	1	3.5871503189e-02
10	161	1	3.2122186251e-02
10	162	1	3.2163376709e-02
10	163	1	2.8247895771e-02
10	164	1	3.0381670817e-02
10	165	1	3.0916047027e-02
10	166	1	3.1120077481e-02
10	167	1	2.9904336742e-02
10	168	1	3.0178578125e-02
10	169	1	3.2566232155e-02
10	170	1	2.8682559233e-02
10	171	1	3.2028941735e-02
10	172	1	2.8854442955e-02
10	173	1	3.2222545568e-02
10	174	1	3.0127249167e-02
10	175	1	3.1601118763e-02
10	176	1	3.2874401406e-02
10	177	1	2.8969526664e-02
10	178	1	3.1200754640e-02
10	179	1	3.1812504416e-02
10	180	1	2.7567431567e-02
10	181	1	2.8078749964e-02
10	182	1	3.3757126550e-02
10	183	1	3.1667297693e-02
10	184	1	2.9683822311e-02
10	185	1	2.7871089699e-02
10	186	1	2.7914878386e-02
10	187	1	3.3925262835e-02
10	188	1	3.3606472866e-02
10	189	1	3.1061434778e-02
10	190	1	3.3664264234e-02
10	191	1	3.0995560964e-02
10	192	1	3.2684239912e-02
10	193	1	2.8992755082e-02
10	194	1	3.1904659484e-02
10	195	1	3.1269989330e-02
10	196	1	3.3302487322e-02
10	197	1	2.8925895244e-02
10	198	1	2.7881423421e-02
10	199	1	3.0430803608e-02
11	0	1	9.5340375601e-03
11	1	1	1.0921650328e-02
11	2	1	4.3372243421e-03
11	3	1	7.3380012213e-03
11	4	1	5.1059252351e-03
11	5	1	8.0132809887e-03
11	6	1	5.1059669098e-03
11	7	1	8.3169711632e-03
11	8	1	8.1051328926e-03
11	9	1	1.0067752884e-02
11	10	1	6.4614889956e-03
11	11	1	8.3166387885e-03
11	12	1	5.7858408339e-03
11	13	1	6.2665668032e-03
11	14	1	7.8470015578e-03
11	15	1	4.5434563239e-03
11	16	1	7.9007217411e-03
11	17	1	3.4682846478e-03
11	18	1	6.1855666361e-03
11	19	1	6.2691885006e-03
11	20	1	6.6827014141e-03
11	21	1	8.1633182887e-03
11	22	1	9.4461128996e-03
11	23	1	3.8157878179e-03
11	24	1	5.7390752542e-03
11	25	1	8.7462918767e-03
11	26	1	4.0038180422e-03
11	27	1	6.3958083397e-03
11	28	1	6.3619926279e-03
11	29	1	8.2306207450e-03
11	30	1	6.2554079728e-03
11	31	1	6.1142495762e-03
11	32	1	6.8547703345e-03
11	33	1	6.1746276306e-03
11	34	1	7.0171339979e-03
11	35	1	6.9238006106e-03
11	36	1	4.6873314512e-03
11	37	1	7.2163284886e-03
11	38	1	8.3630082028e-03
11	39	1	7.3590961068e-03
11	40	1	7.0809319916e-03
11	41	1	9.4431226912e-03
11	42	1	3.6404268733e-03
11	43	1	8.9270897200e-03
11	44	1	5.8504535587e-03
11	45	1	7.0382325874e-03
11	46	1	2.8475455794e-03
11	47	1	7.0016701651e-03
11	48	1	8.1020038402e-03
11	49	1	5.1257091413e-03
11	50	1	8.0602660962e-03
11	51	1	4.8281366062e-03
11	52	1	7.1353223255e-03
11	53	1	7.1709653010e-03
11	54	1	8.2518898825e-03
11	55	1	8.7527070121e-03
11	56	1	6.9436821053e-03
11	57	1	7.8475109579e-03
11	58	1	6.9098216335e-03
11	59	1	8.7112775226e-03
11	60	1	7.2894712072e-03
11	61	1	3.7914498178e-03
11	62	1	6.7523220157e-03
11	63	1	6.0126866960e-03
11	64	1	8.7111808478e-03
11	65	1	3.0049887918e-03
11	66	1	7.4270328086e-03
11	67	1	3.9657161078e-03
11	68	1	8.1470121587e-03
11	69	1	6.9386240616e-03
11	70	1	8.1513404969e-03
11	71	1	8.4842764563e-03
11	72	1	4.5858687477e-03
11	73	1	5.6988322483e-03
11	74	1	5.7506103070e-03
11	75	1	5.4872649147e-03
11	76	1	7.9554963186e-03
11	77	1	7.6543810665e-03
11	78	1	9.2087014266e-03
11	79	1	8.1958378007e-03
11	80	1	9.4075457964e-03
11	81	1	5.9101263305e-03
11	82	1	7.5440251845e-03
11	83	1	8.4862503995e-03
11	84	1	8.9600787113e-03
11	85	1	5.8141147114e-03
11	86	1	1.0543864502e-02
11	87	1	7.9234989511e-03
11	88	1	1.2681684385e-02
11	89	1	7.5564919553e-03
11	90	1	6.5518111542e-03
11	91	1	6.8384657947e-03
11	92	1	1.2432896739e-02
11	93	1	2.2426916935e-03
11	94	1	6.1119640051e-03
11	95	1	4.0357939904e-03
11	96	1	6.9432598991e-03
11	97	1	8.4732611928e-03
11	98	1	7.9175339558e-03
11	99	1	7.4145933039e-03
11	100	1	1.0059412534e-02
11	101	1	7.1601776204e-03
11	102	1	4.8747267360e-03
11	103	1	6.7459349741e-03
11	104	1	1.3021842569e-02
11	105	1	8.1430649619e-03
11	106	1	9.1162212818e-03
11	107	1	5.5068861048e-03
11	108	1	1.0268539072e-02
11	109	1	1.1741087996e-02
11	110	1	7.5247996919e-03
11	111	1	6.7969954708e-03
11	112	1	8.0897817830e-03
11	113	1	7.7864846567e-03
11	114	1	5.8936563889e-03
11	115	1	7.9389563187e-03
11	116	1	6.9511824010e-03
11	117	1	5.8512417137e-03
11	118	1	8.9577034520e-03
11	119	1	8.3448573093e-03
11	120	1	1.0077746945e-02
11	121	1	4.4568577554e-03
11	122	1	8.9900738190e-03
11	123	1	6.3821329862e-03
11	124	1	9.3391747751e-03
11	125	1	7.9000114693e-03
11	126	1	7.0401671318e-03
11	127	1	7.6022536267e-03
11	128	1	7.2786874006e-03
11	129	1	1.1041354122e-02
11	130	1	2.3230060126e-03
11	131	1	4.0288855116e-03
11	132	1	7.4890189533e-03
11	133	1	1.1282182982e-02
11	134	1	8.3149895098e-03
11	135	1	1.0754963344e-02
11	136	1	1.0046203035e-02
11	137	1	6.6322018817e-03
11	138	1	7.0498468228e-03
11	139	1	6.4152480151e-03
11	140	1	3.0906364562e-03
11	141	1	1.3078796544e-02
11	142	1	5.5814371734e-03
11	143	1	6.1869151283e-03
11	144	1	6.7697330250e-03
11	145	1	1.0642469041e-02
11	146	1	8.6416393442e-03
11	147	1	6.2665520477e-03
11	148	1	6.0564129259e-03
11	149	1	7.3815661541e-03
11	150	1	7.5839030660e-03
11	151	1	7.1282381542e-03
11	152	1	7.3371337557e-03
11	153	1	3.5253052222e-03
11	154	1	3.2314273590e-03
11	155	1	5.9331626437e-03
11	156	1	3.0962292833e-03
11	157	1	6.8121335976e-03
11	158	1	7.5554957294e-03
11	159	1	7.4216401832e-03
11	160	1	1.1366510353e-02
11	161	1	8.5157927931e-03
11	162	1	8.1311265444e-03
11	163	1	4.5894119017e-03
11	164	1	7.0013058815e-03
11	165	1	7.4692703179e-03
11	166	1	7.1061743808e-03
11	167	1	6.4781836461e-03
11	168	1	6.3585157752e-03
11	169	1	8.9902184480e-03
11	170	1	5.2345425166e-03
11	171	1	7.5873022097e-03
11	172	1	6.1185895677e-03
11	173	1	8.6410768106e-03
11	174	1	6.1765878850e-03
11	175	1	8.2254111771e-03
11	176	1	9.3525924930e-03
11	177	1	5.4226133298e-03
11	178	1	6.6659701537e-03
11	179	1	7.9311868811e-03
11	180	1	4.8167290504e-03
11	181	1	4.7743789773e-03
11	182	1	1.0254296241e-02
11	183	1	8.3849924226e-03
11	184	1	5.4251934661e-03
11	185	1	4.0812447599e-03
11	186	1	4.4576706041e-03
11	187	1	1.0339055783e-02
11	188	1	9.8441082646e-03
11	189	1	7.1857493829e-03
11	190	1	9.2175490421e-03
11	191	1	6.9837547057e-03
11	192	1	1.0684025687e-02
11	193	1	6.4344301301e-03
11	194	1	9.7742257449e-03
11	195	1	6.7301603723e-03
11	196	1	9.1823718393e-03
11	197	1	5.7364900954e-03
11	198	1	5.0540265190e-03
11	199	1	7.0552966688e-03
12	0	1	-4.8940857682e-03
12	1	1	-3.1888825530e-03
12	2	1	-9.3400035059e-03
12	3	1	-6.4389157429e-03
12	4	1	-8.0492421478e-03
12	5	1	-7.2936302232e-03
12	6	1	-8.4085071193e-03
12	7	1	-6.0687062900e-03
12	8	1	-6.9354494822e-03
12	9	1	-4.0016494827e-03
12	10	1	-6.3757600159e-03
12	11	1	-5.7337692503e-03
12	12	1	-8.3656439355e-03
12	13	1	-7.8205499692e-03
12	14	1	-7.4221116811e-03
12	15	1	-9.1957417519e-03
12	16	1	-6.4484506977e-03
12	17	1	-1.1005937451e-02
12	18	1	-7.8015314785e-03
12	19	1	-7.9580019219e-03
12	20	1	-7.4287090891e-03
12	21	1	-6.2966155120e-03
12	22	1	-4.9276700671e-03
12	23	1	-1.0463247973e-02
12	24	1	-7.9628837173e-03
12	25	1	-5.9127048145e-03
12	26	1	-1.0302600903e-02
12	27	1	-6.6564856681e-03
12	28	1	-7.0580702479e-03
12	29	1	-5.8606624348e-03
12	30	1	-7.6816902494e-03
12	31	1	-7.3535717589e-03
12	32	1	-7.7617870884e-03
12	33	1	-7.9018955026e-03
12	34	1	-7.5481081477e-03
12	35	1	-6.7137111290e-03
12	36	1	-8.9358433363e-03
12	37	1	-7.0508388359e-03
12	38	1	-6.2465721557e-03
12	39	1	-7.2203954410e-03
12	40	1	-6.6575903078e-03
12	41	1	-5.2496191768e-03
12	42	1	-1.0511298038e-02
12	43	1	-5.2291467385e-03
12	44	1	-8.4493475600e-03
12	45	1	-6.7699620159e-03
12	46	1	-1.1105194743e-02
12	47	1	-5.9862366649e-03
12	48	1	-5.0792761306e-03
12	49	1	-9.6921626113e-03
12	50	1	-6.2646049375e-03
12	51	1	-9.3027049229e-03
12	52	1	-7.4003087145e-03
12	53	1	-7.7371451181e-03
12	54	1	-5.7146183080e-03
12	55	1	-5.0305461414e-03
12	56	1	-7.2613906314e-03
12	57	1	-5.8300246557e-03
12	58	1	-7.8680476937e-03
12	59	1	-5.1096719235e-03
12	60	1	-6.6202423048e-03
12	61	1	-9.6107917266e-03
12	62	1	-7.3412234501e-03
12	63	1	-9.3426695965e-03
12	64	1	-5.1688579375e-03
12	65	1	-9.8582674732e-03
12	66	1	-6.4361825252e-03
12	67	1	-9.8173744894e-03
12	68	1	-6.1917081910e-03
12	69	1	-6.4054574495e-03
12	70	1	-5.9125511792e-03
12	71	1	-4.9734095476e-03
12	72	1	-8.5707974530e-03
12	73	1	-7.3644678670e-03
12	74	1	-8.5670885558e-03
12	75	1	-8.8052875635e-03
12	76	1	-6.5146689425e-03
12	77	1	-6.2891800078e-03
12	78	1	-5.0671567775e-03
12	79	1	-6.0005748757e-03
12	80	1	-3.9976386536e-03
12	81	1	-7.9968288273e-03
12	82	1	-5.7693457556e-03
12	83	1	-4.6426659441e-03
12	84	1	-5.0476730339e-03
12	85	1	-8.0820532240e-03
12	86	1	-3.3545125673e-03
12	87	1	-6.7531920428e-03
12	88	1	-1.2371797846e-03
12	89	1	-6.4719174983e-03
12	90	1	-6.9340838534e-03
12	91	1	-7.0833914233e-03
12	92	1	-2.3435600179e-03
12	93	1	-1.1587478233e-02
12	94	1	-8.8448261378e-03
12	95	1	-9.5323268072e-03
12	96	1	-7.0716171419e-03
12	97	1	-5.2616040622e-03
12	98	1	-5.7029414124e-03
12	99	1	-6.3309214021e-03
12	100	1	-3.6088286431e-03
12	101	1	-5.9230287975e-03
12	102	1	-9.6890241419e-03
12	103	1	-7.6426767822e-03
12	104	1	-1.1660612419e-03
12	105	1	-6.1768154207e-03
12	106	1	-4.7905607351e-03
12	107	1	-8.0786611363e-03
12	108	1	-4.4197015123e-03
12	109	1	-2.6736596733e-03
12	110	1	-6.4587987974e-03
12	111	1	-6.5523087624e-03
12	112	1	-6.1612587635e-03
12	113	1	-6.7380871560e-03
12	114	1	-7.2091563868e-03
12	115	1	-6.8864629128e-03
12	116	1	-7.3142730989e-03
12	117	1	-7.7960415420e-03
12	118	1	-5.3101313105e-03
12	119	1	-5.3325438533e-03
12	120	1	-4.3642986623e-03
12	121	1	-9.0158428951e-03
12	122	1	-5.0108553070e-03
12	123	1	-8.0701223053e-03
12	124	1	-5.0802536905e-03
12	125	1	-6.9334464319e-03
12	126	1	-6.3755448839e-03
12	127	1	-6.6404383884e-03
12	128	1	-7.0129593200e-03
12	129	1	-2.3381567605e-03
12	130	1	-1.1490088797e-02
12	131	1	-1.0665366732e-02
12	132	1	-6.9602368633e-03
12	133	1	-3.1306264386e-03
12	134	1	-6.7248313338e-03
12	135	1	-2.8560830829e-03
12	136	1	-4.1784560989e-03
12	137	1	-7.8374761094e-03
12	138	1	-7.0720462744e-03
12	139	1	-6.7829424740e-03
12	140	1	-1.1011835597e-02
12	141	1	-1.6231655865e-03
12	142	1	-9.3241436432e-03
12	143	1	-7.6372097136e-03
12	144	1	-6.5734600776e-03
12	145	1	-3.6193102580e-03
12	146	1	-4.7401506438e-03
12	147	1	-8.0833241293e-03
12	148	1	-7.2441560367e-03
12	149	1	-5.9255436863e-03
12	150	1	-6.1452599167e-03
12	151	1	-7.3902780780e-03
12	152	1	-6.6825027563e-03
12	153	1	-1.1173459077e-02
12	154	1	-1.0333068157e-02
12	155	1	-7.9664423719e-03
12	156	1	-9.9990365156e-03
12	157	1	-6.6131485617e-03
12	158	1	-6.2459155227e-03
12	159	1	-6.7086805222e-03
12	160	1	-3.6030063244e-03
12	161	1	-5.5498107491e-03
12	162	1	-6.6011713032e-03
12	163	1	-9.3301352897e-03
12	164	1	-6.4044642330e-03
12	165	1	-6.3043034753e-03
12	166	1	-7.1601519579e-03
12	167	1	-6.9358034566e-03
12	168	1	-7.9809272224e-03
12	169	1	-5.1280226631e-03
12	170	1	-8.6032674479e-03
12	171	1	-7.2109332591e-03
12	172	1	-6.9294490581e-03
12	173	1	-5.3428545589e-03
12	174	1	-8.6206149848e-03
12	175	1	-5.4773455427e-03
12	176	1	-4.8461440277e-03
12	177	1	-8.0879849895e-03
12	178	1	-8.3673151793e-03
12	179	1	-6.9105070023e-03
12	180	1	-8.4330723841e-03
12	181	1	-9.0684206614e-03
12	182	1	-4.0972911113e-03
12	183	1	-5.2890284205e-03
12	184	1	-8.9446411581e-03
12	185	1	-1.0111608057e-02
12	186	1	-9.5538557148e-03
12	187	1	-4.3639183162e-03
12	188	1	-4.5292847341e-03
12	189	1	-7.0491053829e-03
12	190	1	-5.6564019398e-03
12	191	1	-7.0809232873e-03
12	192	1	-2.3671249221e-03
12	193	1	-6.5160840054e-03
12	194	1	-3.4096479840e-03
12	195	1	-7.8415509659e-03
12	196	1	-5.4842085983e-03
12	197	1	-7.6878649257e-03
12	198	1	-7.9776595511e-03
12	199	1	-6.9012928181e-03
13	0	1	-1.2555357665e-02
13	1	1	-1.0487986362e-02
13	2	1	-1.6119655119e-02
13	3	1	-1.3301325703e-02
13	4	1	-1.4391373513e-02
13	5	1	-1.5688323088e-02
13	6	1	-1.5013349420e-02
13	7	1	-1.3271086187e-02
13	8	1	-1.4998362405e-02
13	9	1	-1.1369720552e-02
13	10	1	-1.2319934872e-02
13	11	1	-1.3004343204e-02
13	12	1	-1.5413324487e-02
13	13	1	-1.4929782552e-02
13	14	1	-1.5618391074e-02
13	15	1	-1.6005244260e-02
13	16	1	-1.3850774168e-02
13	17	1	-1.8046433293e-02
13	18	1	-1.4728308074e-02
13	19	1	-1.5233382899e-02
13	20	1	-1.4411042932e-02
13	21	1	-1.4005573940e-02
13	22	1	-1.3025684136e-02
13	23	1	-1.7316536333e-02
13	24	1	-1.4485014838e-02
13	25	1	-1.3608848310e-02
13	26	1	-1.7425365030e-02
13	27	1	-1.3019869729e-02
13	28	1	-1.4000004394e-02
13	29	1	-1.3275239553e-02
13	30	1	-1.4544844074e-02
13	31	1	-1.3968431525e-02
13	32	1	-1.4838611939e-02
13	33	1	-1.5023084502e-02
13	34	1	-1.5230243233e-02
13	35	1	-1.3632543375e-02
13	36	1	-1.5681419618e-02
13	37	1	-1.4293662415e-02
13	38	1	-1.3874026067e-02
13	39	1	-1.4619927509e-02
13	40	1	-1.3716699949e-02
13	41	1	-1.3251477640e-02
13	42	1	-1.7619958097e-02
13	43	1	-1.2598166558e-02
13	44	1	-1.5808118561e-02
13	45	1	-1.3510357060e-02
13	46	1	-1.7723654885e-02
13	47	1	-1.2286805107e-02
13	48	1	-1.1458086203e-02
13	49	1	-1.7440559898e-02
13	50	1	-1.3553941338e-02
13	51	1	-1.6264186125e-02
13	52	1	-1.4743292902e-02
13	53	1	-1.5738226982e-02
13	54	1	-1.2951128784e-02
13	55	1	-1.2133635104e-02
13	56	1	-1.4680550342e-02
13	57	1	-1.2843114124e-02
13	58	1	-1.5463422268e-02
13	59	1	-1.1933555349e-02
13	60	1	-1.3497564850e-02
13	61	1	-1.6228339393e-02
13	62	1	-1.4517204785e-02
13	63	1	-1.6889734523e-02
13	64	1	-1.2437432155e-02
13	65	1	-1.5807946190e-02
13	66	1	-1.3405725903e-02
13	67	1	-1.6504333024e-02
13	68	1	-1.3818309523e-02
13	69	1	-1.2863403825e-02
13	70	1	-1.3114143690e-02
13	71	1	-1.1215231268e-02
13	72	1	-1.4722760486e-02
13	73	1	-1.3320546622e-02
13	74	1	-1.5936339486e-02
13	75	1	-1.5905452688e-02
13	76	1	-1.4075119139e-02
13	77	1	-1.3031428882e-02
13	78	1	-1.2288892371e-02
13	79	1	-1.3539600748e-02
13	80	1	-1.0526919320e-02
13	81	1	-1.4967333172e-02
13	82	1	-1.2383778358e-02
13	83	1	-1.1113816201e-02
13	84	1	-1.2433643587e-02
13	85	1	-1.4818516878e-02
13	86	1	-1.0279329559e-02
13	87	1	-1.4514431224e-02
13	88	1	-8.4089235253e-03
13	89	1	-1.3750148011e-02
13	90	1	-1.3450077697e-02
13	91	1	-1.3964870272e-02
13	92	1	-1.0318300819e-02
13	93	1	-1.8376910517e-02
13	94	1	-1.6818159533e-02
13	95	1	-1.6172365377e-02
13	96	1	-1.4176757641e-02
13	97	1	-1.2528561470e-02
13	98	1	-1.2459154800e-02
13	99	1	-1.3196473333e-02
13	100	1	-1.0912083580e-02
13	101	1	-1.2123714069e-02
13	102	1	-1.7022242414e-02
13	103	1	-1.5126194063e-02
13	104	1	-8.4714594775e-03
13	105	1	-1.3593074045e-02
13	106	1	-1.2012240424e-02
13	107	1	-1.4357018576e-02
13	108	1	-1.2371380797e-02
13	109	1	-1.0488875536e-02
13	110	1	-1.3285685808e-02
13	111	1	-1.2954299299e-02
13	112	1	-1.3485225654e-02
13	113	1	-1.4276227726e-02
13	114	1	-1.3885043716e-02
13	115	1	-1.5144423393e-02
13	116	1	-1.4357438555e-02
13	117	1	-1.4614224007e-02
13	118	1	-1.2741552785e-02
13	119	1	-1.2163393729e-02
13	120	1	-1.1952122447e-02
13	121	1	-1.5468097129e-02
13	122	1	-1.2172960333e-02
13	123	1	-1.5216199060e-02
13	124	1	-1.2565750457e-02
13	125	1	-1.4727393772e-02
13	126	1	-1.3179659026e-02
13	127	1	-1.3835017888e-02
13	128	1	-1.4196781161e-02
13	129	1	-9.2500101851e-03
13	130	1	-1.8320408904e-02
13	131	1	-1.8134071258e-02
13	132	1	-1.4308643862e-02
13	133	1	-1.0987868842e-02
13	134	1	-1.4739397514e-02
13	135	1	-9.6466101733e-03
13	136	1	-1.1569789954e-02
13	137	1	-1.5673984671e-02
13	138	1	-1.4135811851e-02
13	139	1	-1.3274996231e-02
13	140	1	-1.8189530187e-02
13	141	1	-1.0087204769e-02
13	142	1	-1.6869915767e-02
13	143	1	-1.4669055374e-02
13	144	1	-1.3374005316e-02
13	145	1	-1.1218286099e-02
13	146	1	-1.1189824752e-02
13	147	1	-1.5709282358e-02
13	148	1	-1.3745747695e-02
13	149	1	-1.2400235108e-02
13	150	1	-1.3040082269e-02
13	151	1	-1.5001234877e-02
13	152	1	-1.3541477102e-02
13	153	1	-1.8701023575e-02
13	154	1	-1.6753118658e-02
13	155	1	-1.4907245778e-02
13	156	1	-1.5885403652e-02
13	157	1	-1.2544253231e-02
13	158	1	-1.3232169080e-02
13	159	1	-1.4300468022e-02
13	160	1	-1.1414769102e-02
13	161	1	-1.2717594670e-02
13	162	1	-1.4750307496e-02
13	163	1	-1.6163458468e-02
13	164	1	-1.2692469922e-02
13	165	1	-1.3110089618e-02
13	166	1	-1.4532052674e-02
13	167	1	-1.3317380205e-02
13	168	1	-1.5486745965e-02
13	169	1	-1.2408901920e-02
13	170	1	-1.5568445887e-02
13	171	1	-1.4933306860e-02
13	172	1	-1.2880799345e-02
13	173	1	-1.2273061384e-02
13	174	1	-1.6427074528e-02
13	175	1	-1.2236627891e-02
13	176	1	-1.2460131207e-02
13	177	1	-1.4442658154e-02
13	178	1	-1.6284795666e-02
13	179	1	-1.4924338177e-02
13	180	1	-1.4871432822e-02
13	181	1	-1.6063569060e-02
13	182	1	-1.1985470130e-02
13	183	1	-1.2164277859e-02
13	184	1	-1.6046366781e-02
13	185	1	-1.7308905250e-02
13	186	1	-1.6606488237e-02
13	187	1	-1.2379878756e-02
13	188	1	-1.2250519468e-02
13	189	1	-1.4129855031e-02
13	190	1	-1.3446655778e-02
13	191	1	-1.3902677232e-02
13	192	1	-9.2909514949e-03
13	193	1	-1.2834764731e-02
13	194	1	-1.0257388263e-02
13	195	1	-1.5175923827e-02
13	196	1	-1.3405614295e-02
13	197	1	-1.4070442455e-02
13	198	1	-1.3997243279e-02
13	199	1	-1.4137313501e-02
14	0	1	-1.5562452703e-02
14	1	1	-1.3194385200e-02
14	2	1	-1.8329027739e-02
14	3	1	-1.5170398303e-02
14	4	1	-1.6142569302e-02
14	5	1	-1.9149894421e-02
14	6	1	-1.6981731151e-02
14	7	1	-1.5537588229e-02
14	8	1	-1.8200802416e-02
14	9	1	-1.3960559923e-02
14	10	1	-1.3589540781e-02
14	11	1	-1.5606976397e-02
14	12	1	-1.7505637954e-02
14	13	1	-1.7211434137e-02
14	14	1	-1.8710438650e-02
14	15	1	-1.7980884238e-02
14	16	1	-1.6429682531e-02
14	17	1	-2.0015339756e-02
14	18	1	-1.6907095240e-02
14	19	1	-1.7739816034e-02
14	20	1	-1.6453083044e-02
14	21	1	-1.6968700429e-02
14	22	1	-1.6787751396e-02
14	23	1	-1.9095133015e-02
14	24	1	-1.6026215788e-02
14	25	1	-1.6405337230e-02
14	26	1	-1.9479418927e-02
14	27	1	-1.4905757997e-02
14	28	1	-1.6375840479e-02
14	29	1	-1.6154884980e-02
14	30	1	-1.6412954789e-02
14	31	1	-1.5858532235e-02
14	32	1	-1.6665969098e-02
14	33	1	-1.7340865527e-02
14	34	1	-1.8284239902e-02
14	35	1	-1.5878993580e-02
14	36	1	-1.7633610416e-02
14	37	1	-1.6719441556e-02
14	38	1	-1.6553400320e-02
14	39	1	-1.7050808506e-02
14	40	1	-1.6147646183e-02
14	41	1	-1.6624945844e-02
14	42	1	-1.9913642222e-02
14	43	1	-1.5206347179e-02
14	44	1	-1.8346677586e-02
14	45	1	-1.5473873980e-02
14	46	1	-1.9411079405e-02
14	47	1	-1.4157006490e-02
14	48	1	-1.3064270611e-02
14	49	1	-2.0365193881e-02
14	50	1	-1.5831070907e-02
14	51	1	-1.8247847295e-02
14	52	1	-1.7120047223e-02
14	53	1	-1.8935583299e-02
14	54	1	-1.5570792872e-02
14	55	1	-1.4497815531e-02
14	56	1	-1.7402467536e-02
14	57	1	-1.5166256946e-02
14	58	1	-1.8244281083e-02
14	59	1	-1.4070393091e-02
14	60	1	-1.5434454287e-02
14	61	1	-1.8114241279e-02
14	62	1	-1.6797294536e-02
14	63	1	-1.8839390601e-02
14	64	1	-1.5149540592e-02
14	65	1	-1.7006612090e-02
14	66	1	-1.5608587940e-02
14	67	1	-1.8386464164e-02
14	68	1	-1.6611132844e-02
14	69	1	-1.4665384184e-02
14	70	1	-1.5577667285e-02
14	71	1	-1.2552690382e-02
14	72	1	-1.6177474603e-02
14	73	1	-1.4544026590e-02
14	74	1	-1.8491406058e-02
14	75	1	-1.7922042374e-02
14	76	1	-1.6763726849e-02
14	77	1	-1.4742119840e-02
14	78	1	-1.4575626959e-02
14	79	1	-1.6438356266e-02
14	80	1	-1.2178661923e-02
14	81	1	-1.7112232897e-02
14	82	1	-1.4471989681e-02
14	83	1	-1.3169827949e-02
14	84	1	-1.5487386375e-02
14	85	1	-1.6775731978e-02
14	86	1	-1.2401096542e-02
14	87	1	-1.7461628864e-02
14	88	1	-1.0934741983e-02
14	89	1	-1.6307476106e-02
14	90	1	-1.5304866132e-02
14	91	1	-1.5950044838e-02
14	92	1	-1.3572942688e-02
14	93	1	-2.0252791033e-02
14	94	1	-1.9755234710e-02
14	95	1	-1.7932308281e-02
14	96	1	-1.6405174559e-02
14	97	1	-1.5395203126e-02
14	98	1	-1.4740173970e-02
14	99	1	-1.5402209955e-02
14	100	1	-1.3953970110e-02
14	101	1	-1.3776804149e-02
14	102	1	-1.9264544213e-02
14	103	1	-1.7785658003e-02
14	104	1	-1.0937365601e-02
14	105	1	-1.6161725672e-02
14	106	1	-1.4553051619e-02
14	107	1	-1.5833427273e-02
14	108	1	-1.5683255709e-02
14	109	1	-1.3742725232e-02
14	110	1	-1.5171456328e-02
14	111	1	-1.4508256715e-02
14	112	1	-1.6040750749e-02
14	113	1	-1.6827816157e-02
14	114	1	-1.6352587110e-02
14	115	1	-1.8647702338e-02
14	116	1	-1.6356314153e-02
14	117	1	-1.6700908879e-02
14	118	1	-1.5377803727e-02
14	119	1	-1.4279303486e-02
14	120	1	-1.4911094500e-02
14	121	1	-1.7183476669e-02
14	122	1	-1.4644524710e-02
14	123	1	-1.7229322526e-02
14	124	1	-1.5080023707e-02
14	125	1	-1.7439653115e-02
14	126	1	-1.5387905432e-02
14	127	1	-1.6096826302e-02
14	128	1	-1.6635158069e-02
14	129	1	-1.1826270486e-02
14	130	1	-2.0470355747e-02
14	131	1	-2.0461529534e-02
14	132	1	-1.6654445891e-02
14	133	1	-1.4136193917e-02
14	134	1	-1.7787907284e-02
14	135	1	-1.1632650197e-02
14	136	1	-1.4102201370e-02
14	137	1	-1.8882533219e-02
14	138	1	-1.6243673023e-02
14	139	1	-1.5312872146e-02
14	140	1	-2.0383303998e-02
14	141	1	-1.4000572021e-02
14	142	1	-1.9199619330e-02
14	143	1	-1.6989735065e-02
14	144	1	-1.5705382704e-02
14	145	1	-1.4102819190e-02
14	146	1	-1.2949390139e-02
14	147	1	-1.8733587237e-02
14	148	1	-1.5640165031e-02
14	149	1	-1.4050951814e-02
14	150	1	-1.5312194687e-02
14	151	1	-1.7645247817e-02
14	152	1	-1.5443124158e-02
14	153	1	-2.0951171679e-02
14	154	1	-1.8194280459e-02
14	155	1	-1.7117146891e-02
14	156	1	-1.7114695873e-02
14	157	1	-1.3375838060e-02
14	158	1	-1.5390934118e-02
14	159	1	-1.7236275056e-02
14	160	1	-1.4197506888e-02
14	161	1	-1.5130050994e-02
14	162	1	-1.8455236805e-02
14	163	1	-1.8110040354e-02
14	164	1	-1.4190757509e-02
14	165	1	-1.5130716094e-02
14	166	1	-1.6932519685e-02
14	167	1	-1.5092565514e-02
14	168	1	-1.8255242461e-02
14	169	1	-1.4845805579e-02
14	170	1	-1.7769346450e-02
14	171	1	-1.7669058133e-02
14	172	1	-1.3975686046e-02
14	173	1	-1.4421142634e-02
14	174	1	-1.8905534092e-02
14	175	1	-1.4063913856e-02
14	176	1	-1.5391285967e-02
14	177	1	-1.6054998753e-02
14	178	1	-1.9107194589e-02
14	179	1	-1.7947161582e-02
14	180	1	-1.6519780371e-02
14	181	1	-1.8326159828e-02
14	182	1	-1.5285671296e-02
14	183	1	-1.4543771612e-02
14	184	1	-1.8004832239e-02
14	185	1	-1.9558155421e-02
14	186	1	-1.8755644491e-02
14	187	1	-1.5307726901e-02
14	188	1	-1.5114670354e-02
14	189	1	-1.6200826842e-02
14	190	1	-1.6250740075e-02
14	191	1	-1.5814849154e-02
14	192	1	-1.1963575620e-02
14	193	1	-1.4809678571e-02
14	194	1	-1.2680814932e-02
14	195	1	-1.7459529837e-02
14	196	1	-1.6475374675e-02
14	197	1	-1.5593802365e-02
14	198	1	-1.5369531991e-02
14	199	1	-1.6778813030e-02
15	0	1	-1.5836268999e-02
15	1	1	-1.3089256197e-02
15	2	1	-1.7676938423e-02
15	3	1	-1.3893897243e-02
15	4	1	-1.4987562256e-02
15	5	1	-1.9211628730e-02
15	6	1	-1.6250357814e-02
15	7	1	-1.4796608931e-02
15	8	1	-1.8251234486e-02
15	9	1	-1.3636294576e-02
15	10	1	-1.1995558512e-02
15	11	1	-1.5324190087e-02
15	12	1	-1.6594800589e-02
15	13	1	-1.6464784199e-02
15	14	1	-1.8542348713e-02
15	15	1	-1.6789612551e-02
15	16	1	-1.5918554877e-02
15	17	1	-1.8908060346e-02
15	18	1	-1.6371702820e-02
15	19	1	-1.7142317302e-02
15	20	1	-1.5587037393e-02
15	21	1	-1.6885519693e-02
15	22	1	-1.7679919486e-02
15	23	1	-1.7839688081e-02
15	24	1	-1.4616126056e-02
15	25	1	-1.6079423357e-02
15	26	1	-1.8259942709e-02
15	27	1	-1.4073596960e-02
15	28	1	-1.5666399287e-02
15	29	1	-1.6126536360e-02
15	30	1	-1.5207995746e-02
15	31	1	-1.4665412383e-02
15	32	1	-1.5334701555e-02
15	33	1	-1.6681836933e-02
15	34	1	-1.8517871464e-02
15	35	1	-1.5136798004e-02
15	36	1	-1.6534806045e-02
15	37	1	-1.6191374229e-02
15	38	1	-1.6071016541e-02
15	39	1	-1.6281933010e-02
15	40	1	-1.5504476731e-02
15	41	1	-1.7056328207e-02
15	42	1	-1.9277474921e-02
15	43	1	-1.4782978058e-02
15	44	1	-1.7863731438e-02
15	45	1	-1.4644162640e-02
15	46	1	-1.8375983534e-02
15	47	1	-1.3309740728e-02
15	48	1	-1.1600061346e-02
15	49	1	-2.0077050740e-02
15	50	1	-1.4981187171e-02
15	51	1	-1.7101582949e-02
15	52	1	-1.6324065162e-02
15	53	1	-1.9054196659e-02
15	54	1	-1.5295123428e-02
15	55	1	-1.3991292336e-02
15	56	1	-1.7078818019e-02
15	57	1	-1.4351429557e-02
15	58	1	-1.8421456129e-02
15	59	1	-1.3338479471e-02
15	60	1	-1.4330922950e-02
15	61	1	-1.6974004063e-02
15	62	1	-1.5853568287e-02
15	63	1	-1.7317010887e-02
15	64	1	-1.4819943769e-02
15	65	1	-1.5213080793e-02
15	66	1	-1.4819624662e-02
15	67	1	-1.7263510128e-02
15	68	1	-1.6242284510e-02
15	69	1	-1.3662216172e-02
15	70	1	-1.5232554116e-02
15	71	1	-1.1090995365e-02
15	72	1	-1.4962896433e-02
15	73	1	-1.3010578869e-02
15	74	1	-1.7998700823e-02
15	75	1	-1.6793612140e-02
15	76	1	-1.6421204584e-02
15	77	1	-1.3504509063e-02
15	78	1	-1.3837329154e-02
15	79	1	-1.6261709477e-02
15	80	1	-1.0650341527e-02
15	81	1	-1.6058852999e-02
15	82	1	-1.3826482415e-02
15	83	1	-1.2650968737e-02
15	84	1	-1.5736045127e-02
15	85	1	-1.5923613536e-02
15	86	1	-1.1435732647e-02
15	87	1	-1.7398534588e-02
15	88	1	-1.0674324348e-02
15	89	1	-1.5795037815e-02
15	90	1	-1.4364800224e-02
15	91	1	-1.4858117246e-02
15	92	1	-1.3746679456e-02
15	93	1	-1.9148804567e-02
15	94	1	-1.9393368627e-02
15	95	1	-1.6550010202e-02
15	96	1	-1.5344852912e-02
15	97	1	-1.5437769933e-02
15	98	1	-1.4254618020e-02
15	99	1	-1.4780208117e-02
15	100	1	-1.4244243311e-02
15	101	1	-1.2839705860e-02
15	102	1	-1.8219136742e-02
15	103	1	-1.7503548863e-02
15	104	1	-1.0638095898e-02
15	105	1	-1.5660986149e-02
15	106	1	-1.4066467364e-02
15	107	1	-1.4602054580e-02
15	108	1	-1.5941485632e-02
15	109	1	-1.3958163036e-02
15	110	1	-1.4054111853e-02
15	111	1	-1.2973244435e-02
15	112	1	-1.5644361538e-02
15	113	1	-1.6283277060e-02
15	114	1	-1.6251942801e-02
15	115	1	-1.8785760714e-02
15	116	1	-1.5394719646e-02
15	117	1	-1.5658921238e-02
15	118	1	-1.4844324644e-02
15	119	1	-1.3481150967e-02
15	120	1	-1.5101572325e-02
15	121	1	-1.6170200992e-02
15	122	1	-1.4106192087e-02
15	123	1	-1.5885599498e-02
15	124	1	-1.4366001585e-02
15	125	1	-1.6846301961e-02
15	126	1	-1.4690861332e-02
15	127	1	-1.5530942093e-02
15	128	1	-1.6259382495e-02
15	129	1	-1.1516883735e-02
15	130	1	-1.9717213264e-02
15	131	1	-1.9473217806e-02
15	132	1	-1.5964659257e-02
15	133	1	-1.4240068619e-02
15	134	1	-1.7464296801e-02
15	135	1	-1.0549035965e-02
15	136	1	-1.3496513467e-02
15	137	1	-1.8966372658e-02
15	138	1	-1.5361201825e-02
15	139	1	-1.4778202400e-02
15	140	1	-1.9303338893e-02
15	141	1	-1.4872950576e-02
15	142	1	-1.8212753002e-02
15	143	1	-1.6402804229e-02
15	144	1	-1.5157681182e-02
15	145	1	-1.3957518997e-02
15	146	1	-1.1892455827e-02
15	147	1	-1.8619628565e-02
15	148	1	-1.4513553949e-02
15	149	1	-1.2732010206e-02
15	150	1	-1.4758008439e-02
15	151	1	-1.7205877020e-02
15	152	1	-1.4151840287e-02
15	153	1	-1.9728121332e-02
15	154	1	-1.6588441018e-02
15	155	1	-1.6383935462e-02
15	156	1	-1.5577117912e-02
15	157	1	-1.1211427753e-02
15	158	1	-1.4444316210e-02
15	159	1	-1.6933045177e-02
15	160	1	-1.3913295151e-02
15	161	1	-1.4444207490e-02
15	162	1	-1.9156208399e-02
15	163	1	-1.7124804014e-02
15	164	1	-1.2933650161e-02
15	165	1	-1.4311427091e-02
15	166	1	-1.6005190357e-02
15	167	1	-1.4223186770e-02
15	168	1	-1.8004052854e-02
15	169	1	-1.4138795065e-02
15	170	1	-1.7021429236e-02
15	171	1	-1.7072416336e-02
15	172	1	-1.2169554754e-02
15	173	1	-1.3694894997e-02
15	174	1	-1.7705037978e-02
15	175	1	-1.2679665924e-02
15	176	1	-1.5240720285e-02
15	177	1	-1.4920588715e-02
15	178	1	-1.8518137383e-02
15	179	1	-1.7540227515e-02
15	180	1	-1.5036352243e-02
15	181	1	-1.7584668039e-02
15	182	1	-1.5671689633e-02
15	183	1	-1.4163981461e-02
15	184	1	-1.6745432713e-02
15	185	1	-1.8562722102e-02
15	186	1	-1.7644915491e-02
15	187	1	-1.4830198696e-02
15	188	1	-1.4563683048e-02
15	189	1	-1.5220987035e-02
15	190	1	-1.5918297945e-02
15	191	1	-1.4571601841e-02
15	192	1	-1.1961669730e-02
15	193	1	-1.4255479882e-02
15	194	1	-1.2168818711e-02
15	195	1	-1.6826294399e-02
15	196	1	-1.6304841903e-02
15	197	1	-1.4176032489e-02
15	198	1	-1.3921291970e-02
15	199	1	-1.6505599626e-02
16	0	1	-1.4884073527e-02
16	1	1	-1.1701536519e-02
16	2	1	-1.5774940200e-02
16	3	1	-1.1443518109e-02
16	4	1	-1.2766178429e-02
16	5	1	-1.7393513536e-02
16	6	1	-1.4452832852e-02
16	7	1	-1.2649814191e-02
16	8	1	-1.6635733293e-02
16	9	1	-1.2208671232e-02
16	10	1	-9.1748387121e-03
16	11	1	-1.3705379395e-02
16	12	1	-1.4549880081e-02
16	13	1	-1.4501484331e-02
16	14	1	-1.6754680097e-02
16	15	1	-1.4178659069e-02
16	16	1	-1.3869331859e-02
16	17	1	-1.6441162829e-02
16	18	1	-1.4724033090e-02
16	19	1	-1.4828625078e-02
16	20	1	-1.3593113262e-02
16	21	1	-1.5433313550e-02
16	22	1	-1.6942962796e-02
16	23	1	-1.5153869740e-02
16	24	1	-1.2097757778e-02
16	25	1	-1.4265036704e-02
16	26	1	-1.5503968696e-02
16	27	1	-1.2088961891e-02
16	28	1	-1.3357603371e-02
16	29	1	-1.4673714130e-02
16	30	1	-1.2875667926e-02
16	31	1	-1.2116870396e-02
16	32	1	-1.2862808116e-02
16	33	1	-1.4695935644e-02
16	34	1	-1.7495491770e-02
16	35	1	-1.2963409202e-02
16	36	1	-1.4228453698e-02
16	37	1	-1.4397165992e-02
16	38	1	-1.4160579882e-02
16	39	1	-1.3988244020e-02
16	40	1	-1.3186284706e-02
16	41	1	-1.6026417843e-02
16	42	1	-1.7207146013e-02
16	43	1	-1.3002525245e-02
16	44	1	-1.5986994775e-02
16	45	1	-1.2823344708e-02
16	46	1	-1.6320480624e-02
16	47	1	-1.1056989305e-02
16	48	1	-8.8529328470e-03
16	49	1	-1.7959816238e-02
16	50	1	-1.2701804044e-02
16	51	1	-1.4703735420e-02
16	52	1	-1.4027255384e-02
16	53	1	-1.7510590797e-02
16	54	1	-1.3853505834e-02
16	55	1	-1.2481240875e-02
16	56	1	-1.5172128614e-02
16	57	1	-1.2067950421e-02
16	58	1	-1.7776301987e-02
16	59	1	-1.1431707686e-02
16	60	1	-1.1959199805e-02
16	61	1	-1.4494951215e-02
16	62	1	-1.3504187028e-02
16	63	1	-1.4332623645e-02
16	64	1	-1.2916928010e-02
16	65	1	-1.2215696381e-02
16	66	1	-1.2810981522e-02
16	67	1	-1.4748280431e-02
16	68	1	-1.4280490831e-02
16	69	1	-1.1735724815e-02
16	70	1	-1.3763362942e-02
16	71	1	-8.7765152653e-03
16	72	1	-1.2746871354e-02
16	73	1	-1.0633396081e-02
16	74	1	-1.6099554172e-02
16	75	1	-1.4186083568e-02
16	76	1	-1.4680745191e-02
16	77	1	-1.1212785580e-02
16	78	1	-1.1937352877e-02
16	79	1	-1.4449910768e-02
16	80	1	-7.8875151535e-03
16	81	1	-1.3388199740e-02
16	82	1	-1.1969428360e-02
16	83	1	-1.1088280290e-02
16	84	1	-1.4484116511e-02
16	85	1	-1.3914314148e-02
16	86	1	-9.0737462231e-03
16	87	1	-1.5792023987e-02
16	88	1	-9.3245434115e-03
16	89	1	-1.3880794997e-02
16	90	1	-1.2350839122e-02
16	91	1	-1.2418693349e-02
16	92	1	-1.2339815863e-02
16	93	1	-1.6935502233e-02
16	94	1	-1.7461479357e-02
16	95	1	-1.3981394034e-02
16	96	1	-1.2767469927e-02
16	97	1	-1.4133150321e-02
16	98	1	-1.2326476943e-02
16	99	1	-1.3059827671e-02
16	100	1	-1.3153554175e-02
16	101	1	-1.1070495385e-02
16	102	1	-1.5685747087e-02
16	103	1	-1.5904986549e-02
16	104	1	-9.4939892588e-03
16	105	1	-1.3808553835e-02
16	106	1	-1.2165844763e-02
16	107	1	-1.2483196273e-02
16	108	1	-1.4557990422e-02
16	109	1	-1.2367413096e-02
16	110	1	-1.1755647218e-02
16	111	1	-1.0217291646e-02
16	112	1	-1.3981189065e-02
16	113	1	-1.4492310417e-02
16	114	1	-1.4933673484e-02
16	115	1	-1.7045266284e-02
16	116	1	-1.3279115912e-02
16	117	1	-1.3211713306e-02
16	118	1	-1.2902407137e-02
16	119	1	-1.1457771636e-02
16	120	1	-1.4144619533e-02
16	121	1	-1.4150010667e-02
16	122	1	-1.1911563640e-02
16	123	1	-1.2978707195e-02
16	124	1	-1.2296300208e-02
16	125	1	-1.4826276336e-02
16	126	1	-1.2736727728e-02
16	127	1	-1.3904844595e-02
16	128	1	-1.4588449044e-02
16	129	1	-9.6780247736e-03
16	130	1	-1.7532183006e-02
16	131	1	-1.7025840913e-02
16	132	1	-1.3968917007e-02
16	133	1	-1.2895074560e-02
16	134	1	-1.5512144061e-02
16	135	1	-8.1670973283e-03
16	136	1	-1.1478291020e-02
16	137	1	-1.7367991940e-02
16	138	1	-1.3203479504e-02
16	139	1	-1.3280173553e-02
16	140	1	-1.6607399788e-02
16	141	1	-1.4210960881e-02
16	142	1	-1.5777841312e-02
16	143	1	-1.4574828295e-02
16	144	1	-1.3145213577e-02
16	145	1	-1.2204690135e-02
16	146	1	-9.8499895332e-03
16	147	1	-1.6610663084e-02
16	148	1	-1.2027420192e-02
16	149	1	-1.0384924314e-02
16	150	1	-1.2958780188e-02
16	151	1	-1.5454405263e-02
16	152	1	-1.1473096287e-02
16	153	1	-1.6881079087e-02
16	154	1	-1.3842822669e-02
16	155	1	-1.4226196539e-02
16	156	1	-1.2964938700e-02
16	157	1	-8.0723059012e-03
16	158	1	-1.2270579392e-02
16	159	1	-1.4983563494e-02
16	160	1	-1.2349390622e-02
16	161	1	-1.2219485529e-02
16	162	1	-1.8089204700e-02
16	163	1	-1.5068517707e-02
16	164	1	-1.0766470281e-02
16	165	1	-1.2316617642e-02
16	166	1	-1.3595541388e-02
16	167	1	-1.2552704578e-02
16	168	1	-1.6250255508e-02
16	169	1	-1.1837449609e-02
16	170	1	-1.5211047680e-02
16	171	1	-1.4587140494e-02
16	172	1	-9.4209608201e-03
16	173	1	-1.1584585053e-02
16	174	1	-1.4911666719e-02
16	175	1	-9.9700354083e-03
16	176	1	-1.3453777590e-02
16	177	1	-1.2906514152e-02
16	178	1	-1.6265531620e-02
16	179	1	-1.5347133659e-02
16	180	1	-1.2320763490e-02
16	181	1	-1.5386245433e-02
16	182	1	-1.4561377412e-02
16	183	1	-1.2572946503e-02
16	184	1	-1.4267058296e-02
16	185	1	-1.5948808346e-02
16	186	1	-1.4842576303e-02
16	187	1	-1.2732731147e-02
16	188	1	-1.2230294544e-02
16	189	1	-1.2915883088e-02
16	190	1	-1.4157433213e-02
16	191	1	-1.1886547322e-02
16	192	1	-1.0794767535e-02
16	193	1	-1.2716417616e-02
16	194	1	-1.0236996921e-02
16	195	1	-1.5290572546e-02
16	196	1	-1.4654350976e-02
16	197	1	-1.1595105684e-02
16	198	1	-1.1401540369e-02
16	199	1	-1.4945598976e-02
17	0	1	-1.3305559446e-02
17	1	1	-9.7842729768e-03
17	2	1	-1.3670052132e-02
17	3	1	-9.1114276690e-03
17	4	1	-1.0705600888e-02
17	5	1	-1.4687391640e-02
17	6	1	-1.2454819704e-02
17	7	1	-1.0108331980e-02
17	8	1	-1.4222962268e-02
17	9	1	-1.0506708500e-02
17	10	1	-6.2486736073e-03
17	11	1	-1.1750541062e-02
17	12	1	-1.2466137433e-02
17	13	1	-1.2370671906e-02
17	14	1	-1.4347575265e-02
17	15	1	-1.1461494407e-02
17	16	1	-1.1188339515e-02
17	17	1	-1.3810142100e-02
17	18	1	-1.2716868835e-02
17	19	1	-1.1794118318e-02
17	20	1	-1.1512774434e-02
17	21	1	-1.3380190029e-02
17	22	1	-1.5151638467e-02
17	23	1	-1.2166676464e-02
17	24	1	-9.5250127635e-03
17	25	1	-1.2039918215e-02
17	26	1	-1.2510365343e-02
17	27	1	-9.7288982651e-03
17	28	1	-1.0322089133e-02
17	29	1	-1.2679051005e-02
17	30	1	-1.0548210357e-02
17	31	1	-9.2775037692e-03
17	32	1	-1.0547571159e-02
17	33	1	-1.2357914180e-02
17	34	1	-1.6013928064e-02
17	35	1	-1.0350226303e-02
17	36	1	-1.1888203955e-02
17	37	1	-1.2337042162e-02
17	38	1	-1.1896304051e-02
17	39	1	-1.1166452896e-02
17	40	1	-1.0248484194e-02
17	41	1	-1.4326307513e-02
17	42	1	-1.4616736210e-02
17	43	1	-1.0978143401e-02
17	44	1	-1.3660129813e-02
17	45	1	-1.0948241998e-02
17	46	1	-1.3996353585e-02
17	47	1	-8.2620362455e-03
17	48	1	-6.1306369488e-03
17	49	1	-1.5124019306e-02
17	50	1	-9.9806383352e-03
17	51	1	-1.2299023487e-02
17	52	1	-1.1270758630e-02
17	53	1	-1.5142058609e-02
17	54	1	-1.2221137584e-02
17	55	1	-1.0757995619e-02
17	56	1	-1.2464195946e-02
17	57	1	-9.4711249432e-03
17	58	1	-1.6860165197e-02
17	59	1	-9.3265924770e-03
17	60	1	-9.3275897900e-03
17	61	1	-1.1799752099e-02
17	62	1	-1.0999937562e-02
17	63	1	-1.1259848418e-02
17	64	1	-1.0399456636e-02
17	65	1	-9.1432937555e-03
17	66	1	-1.0847430952e-02
17	67	1	-1.1942282017e-02
17	68	1	-1.1789472760e-02
17	69	1	-9.9459620105e-03
17	70	1	-1.2054182400e-02
17	71	1	-6.6486280858e-03
17	72	1	-1.0351199202e-02
17	73	1	-8.5458461107e-03
17	74	1	-1.3784330708e-02
17	75	1	-1.1068719759e-02
17	76	1	-1.2534770128e-02
17	77	1	-8.8995588557e-03
17	78	1	-9.8590006933e-03
17	79	1	-1.1927222781e-02
17	80	1	-5.2131318247e-03
17	81	1	-1.0341207998e-02
17	82	1	-9.6259622615e-03
17	83	1	-9.0921964452e-03
17	84	1	-1.2458921207e-02
17	85	1	-1.1728183565e-02
17	86	1	-6.4957526202e-03
17	87	1	-1.3535449235e-02
17	88	1	-7.6572970462e-03
17	89	1	-1.1571325938e-02
17	90	1	-1.0359120666e-02
17	91	1	-9.8967968101e-03
17	92	1	-1.0262988084e-02
17	93	1	-1.4524672330e-02
17	94	1	-1.5120727462e-02
17	95	1	-1.1413846879e-02
17	96	1	-1.0043209770e-02
17	97	1	-1.2281179731e-02
17	98	1	-9.8693215544e-03
17	99	1	-1.1123290295e-02
17	100	1	-1.1579410886e-02
17	101	1	-9.2739433556e-03
17	102	1	-1.2760086224e-02
17	103	1	-1.3780698792e-02
17	104	1	-8.1416461958e-03
17	105	1	-1.1686681998e-02
17	106	1	-9.8561066720e-03
17	107	1	-1.0394728041e-02
17	108	1	-1.2557234797e-02
17	109	1	-9.9020518106e-03
17	110	1	-9.2941817150e-03
17	111	1	-7.6031049559e-03
17	112	1	-1.1982813624e-02
17	113	1	-1.2355800996e-02
17	114	1	-1.3087891137e-02
17	115	1	-1.4521872836e-02
17	116	1	-1.1013630678e-02
17	117	1	-1.0604651729e-02
17	118	1	-1.0726368679e-02
17	119	1	-9.3431163377e-03
17	120	1	-1.2738050511e-02
17	121	1	-1.2125252798e-02
17	122	1	-9.0440914077e-03
17	123	1	-9.7742840547e-03
17	124	1	-1.0084622382e-02
17	125	1	-1.2579653370e-02
17	126	1	-1.0407174961e-02
17	127	1	-1.2028410228e-02
17	128	1	-1.2413666824e-02
17	129	1	-7.2955458112e-03
17	130	1	-1.4839135615e-02
17	131	1	-1.4250601240e-02
17	132	1	-1.1736647590e-02
17	133	1	-1.1075746858e-02
17	134	1	-1.3204181039e-02
17	135	1	-5.7118177025e-03
17	136	1	-9.3160707636e-03
17	137	1	-1.4912915228e-02
17	138	1	-1.0866061104e-02
17	139	1	-1.1544619571e-02
17	140	1	-1.3458206344e-02
17	141	1	-1.2795611064e-02
17	142	1	-1.3087571888e-02
17	143	1	-1.2363396768e-02
17	144	1	-1.0547209096e-02
17	145	1	-9.8370606491e-03
17	146	1	-7.8842941229e-03
17	147	1	-1.3534553556e-02
17	148	1	-9.4024563059e-03
17	149	1	-8.1173932115e-03
17	150	1	-1.0833646022e-02
17	151	1	-1.3316846027e-02
17	152	1	-8.6557303228e-03
17	153	1	-1.3883440577e-02
17	154	1	-1.1204202349e-02
17	155	1	-1.1630762873e-02
17	156	1	-1.0406190206e-02
17	157	1	-5.2424398257e-03
17	158	1	-9.9651489269e-03
17	159	1	-1.2489335819e-02
17	160	1	-1.0368841227e-02
17	161	1	-9.6248486275e-03
17	162	1	-1.6015515707e-02
17	163	1	-1.2966097700e-02
17	164	1	-8.6032375105e-03
17	165	1	-9.9989900740e-03
17	166	1	-1.0906343745e-02
17	167	1	-1.0987800498e-02
17	168	1	-1.3988309478e-02
17	169	1	-8.9896714228e-03
17	170	1	-1.3439507093e-02
17	171	1	-1.1392460035e-02
17	172	1	-6.9535209869e-03
17	173	1	-9.0492889873e-03
17	174	1	-1.2165588142e-02
17	175	1	-7.2107672103e-03
17	176	1	-1.0911737821e-02
17	177	1	-1.1071350459e-02
17	178	1	-1.3560377071e-02
17	179	1	-1.2557379589e-02
17	180	1	-9.6259761689e-03
17	181	1	-1.2608240406e-02
17	182	1	-1.2695313545e-02
17	183	1	-1.0633052106e-02
17	184	1	-1.1859215898e-02
17	185	1	-1.2906188696e-02
17	186	1	-1.1495565612e-02
17	187	1	-1.0179151022e-02
17	188	1	-9.3276772146e-03
17	189	1	-1.0276352668e-02
17	190	1	-1.1924375643e-02
17	191	1	-9.0296580934e-03
17	192	1	-9.2165852313e-03
17	193	1	-1.1066741706e-02
17	194	1	-7.8720900943e-03
17	195	1	-1.3671888000e-02
17	196	1	-1.2533376518e-02
17	197	1	-9.0663259019e-03
17	198	1	-8.8943201391e-03
17	199	1	-1.3110744614e-02
18	0	1	-1.1432030187e-02
18	1	1	-7.5601116533e-03
18	2	1	-1.1677701150e-02
18	3	1	-7.2609216804e-03
18	4	1	-8.9747392042e-03
18	5	1	-1.1539865168e-02
18	6	1	-1.0267801029e-02
18	7	1	-7.6669646480e-03
18	8	1	-1.1374960094e-02
18	9	1	-8.7434504169e-03
18	10	1	-3.5976236907e-03
18	11	1	-9.9181711329e-03
18	12	1	-1.0503410980e-02
18	13	1	-1.0320140476e-02
18	14	1	-1.1583144383e-02
18	15	1	-9.0749689140e-03
18	16	1	-8.4979163482e-03
18	17	1	-1.1510586051e-02
18	18	1	-1.0491560503e-02
18	19	1	-8.6421274133e-03
18	20	1	-9.7376446966e-03
18	21	1	-1.0946348512e-02
18	22	1	-1.2652814859e-02
18	23	1	-9.4460705778e-03
18	24	1	-7.0475447651e-03
18	25	1	-9.8440964503e-03
18	26	1	-9.7207198403e-03
18	27	1	-7.2131358857e-03
18	28	1	-6.8736675127e-03
18	29	1	-1.0474186114e-02
18	30	1	-8.5177555846e-03
18	31	1	-6.6222551280e-03
18	32	1	-8.6865332433e-03
18	33	1	-1.0003506961e-02
18	34	1	-1.4339917672e-02
18	35	1	-7.8190712157e-03
18	36	1	-9.7838809266e-03
18	37	1	-1.0191776996e-02
18	38	1	-9.7223633892e-03
18	39	1	-8.3398134345e-03
18	40	1	-7.2699759380e-03
18	41	1	-1.2220958375e-02
18	42	1	-1.1895279970e-02
18	43	1	-8.9974484214e-03
18	44	1	-1.1225003221e-02
18	45	1	-9.1900220168e-03
18	46	1	-1.1496229093e-02
18	47	1	-5.4670136643e-03
18	48	1	-3.9560166734e-03
18	49	1	-1.2169988287e-02
18	50	1	-7.2665043641e-03
18	51	1	-1.0352793492e-02
18	52	1	-8.4300285277e-03
18	53	1	-1.2340782159e-02
18	54	1	-1.0575901795e-02
18	55	1	-8.7845941569e-03
18	56	1	-9.5053061286e-03
18	57	1	-7.1409258665e-03
18	58	1	-1.5599443547e-02
18	59	1	-7.2706662400e-03
18	60	1	-6.7471103371e-03
18	61	1	-9.3399747963e-03
18	62	1	-8.5418134173e-03
18	63	1	-8.6715025720e-03
18	64	1	-7.6861126652e-03
18	65	1	-6.4179771687e-03
18	66	1	-9.3692657209e-03
18	67	1	-9.1868130129e-03
18	68	1	-9.2423507272e-03
18	69	1	-8.5884224984e-03
18	70	1	-1.0379812590e-02
18	71	1	-4.8149360658e-03
18	72	1	-8.0429285143e-03
18	73	1	-6.8226827823e-03
18	74	1	-1.1372527126e-02
18	75	1	-7.9921702936e-03
18	76	1	-1.0198229459e-02
18	77	1	-6.9405090874e-03
18	78	1	-7.7051529858e-03
18	79	1	-9.3535599162e-03
18	80	1	-2.9658427040e-03
18	81	1	-7.4635565208e-03
18	82	1	-6.9748816609e-03
18	83	1	-6.8164355775e-03
18	84	1	-1.0066070826e-02
18	85	1	-9.6579804872e-03
18	86	1	-4.1580282496e-03
18	87	1	-1.1076193505e-02
18	88	1	-5.9607662704e-03
18	89	1	-9.2971664787e-03
18	90	1	-8.6855835445e-03
18	91	1	-7.8886182678e-03
18	92	1	-7.7971052738e-03
18	93	1	-1.2042081223e-02
18	94	1	-1.2709377946e-02
18	95	1	-9.0944723535e-03
18	96	1	-7.7185331332e-03
18	97	1	-1.0217629009e-02
18	98	1	-7.4467646143e-03
18	99	1	-8.9986007823e-03
18	100	1	-9.8028091299e-03
18	101	1	-7.6408761460e-03
18	102	1	-9.9054606105e-03
18	103	1	-1.1418860574e-02
18	104	1	-6.6082733927e-03
18	105	1	-9.5078918897e-03
18	106	1	-7.3400821581e-03
18	107	1	-8.4637521954e-03
18	108	1	-1.0281014378e-02
18	109	1	-7.1101598749e-03
18	110	1	-7.0371691290e-03
18	111	1	-5.5036397468e-03
18	112	1	-9.8033119905e-03
18	113	1	-1.0153859793e-02
18	114	1	-1.0984166777e-02
18	115	1	-1.1675645922e-02
18	116	1	-8.8150957411e-03
18	117	1	-8.1883217379e-03
18	118	1	-8.6871616436e-03
18	119	1	-7.5111734414e-03
18	120	1	-1.1122630536e-02
18	121	1	-1.0236730541e-02
18	122	1	-6.3053240524e-03
18	123	1	-6.8036941350e-03
18	124	1	-7.9348901998e-03
18	125	1	-1.0382864184e-02
18	126	1	-7.7334637569e-03
18	127	1	-1.0078976112e-02
18	128	1	-1.0009042545e-02
18	129	1	-5.0096983901e-03
18	130	1	-1.2132814586e-02
18	131	1	-1.1525385658e-02
18	132	1	-9.6740665147e-03
18	133	1	-9.1575353410e-03
18	134	1	-1.0947607068e-02
18	135	1	-3.4845043969e-03
18	136	1	-7.4000220108e-03
18	137	1	-1.1995886491e-02
18	138	1	-8.6566905354e-03
18	139	1	-9.6924957572e-03
18	140	1	-1.0253108828e-02
18	141	1	-1.0884233684e-02
18	142	1	-1.0559811913e-02
18	143	1	-9.9094130288e-03
18	144	1	-7.8121263626e-03
18	145	1	-7.2339136073e-03
18	146	1	-6.2151947302e-03
18	147	1	-9.8880472421e-03
18	148	1	-6.8603830858e-03
18	149	1	-6.1326285243e-03
18	150	1	-8.6912059876e-03
18	151	1	-1.1269109469e-02
18	152	1	-6.1643723189e-03
18	153	1	-1.1157369058e-02
18	154	1	-8.8695009281e-03
18	155	1	-8.9728840705e-03
18	156	1	-8.2045794452e-03
18	157	1	-3.1597224622e-03
18	158	1	-7.7299697182e-03
18	159	1	-9.8334889028e-03
18	160	1	-8.0509481599e-03
18	161	1	-7.1157652781e-03
18	162	1	-1.3116919010e-02
18	163	1	-1.0943222265e-02
18	164	1	-6.5792108422e-03
18	165	1	-7.4682202099e-03
18	166	1	-8.4845333866e-03
18	167	1	-9.4809872373e-03
18	168	1	-1.1652453484e-02
18	169	1	-6.0798911818e-03
18	170	1	-1.1845630426e-02
18	171	1	-8.2764738142e-03
18	172	1	-5.0857982853e-03
18	173	1	-6.5468764594e-03
18	174	1	-9.5780568579e-03
18	175	1	-4.8155044948e-03
18	176	1	-8.0359732672e-03
18	177	1	-9.4744811633e-03
18	178	1	-1.0903227398e-02
18	179	1	-9.7509851341e-03
18	180	1	-7.2775729011e-03
18	181	1	-9.6107589485e-03
18	182	1	-1.0328671399e-02
18	183	1	-8.4738773138e-03
18	184	1	-9.8707853147e-03
18	185	1	-1.0103395411e-02
18	186	1	-8.0612260516e-03
18	187	1	-7.5927564056e-03
18	188	1	-6.3002780883e-03
18	189	1	-7.6412254223e-03
18	190	1	-9.5853996994e-03
18	191	1	-6.6910867657e-03
18	192	1	-7.3224933861e-03
18	193	1	-9.4115877620e-03
18	194	1	-5.3182839071e-03
18	195	1	-1.2038281017e-02
18	196	1	-1.0074704171e-02
18	197	1	-6.9774664155e-03
18	198	1	-6.5718533871e-03
18	199	1	-1.1287893203e-02
19	0	1	-9.6938753803e-03
19	1	1	-5.5500441322e-03
19	2	1	-1.0148446844e-02
19	3	1	-6.1050124204e-03
19	4	1	-7.6358506096e-03
19	5	1	-8.3496361384e-03
19	6	1	-7.9805110301e-03
19	7	1	-5.7571809368e-03
19	8	1	-9.0264934990e-03
19	9	1	-7.2801239573e-03
19	10	1	-1.5667476884e-03
19	11	1	-8.5362665796e-03
19	12	1	-8.7080228789e-03
19	13	1	-8.6173738029e-03
19	14	1	-8.9935292273e-03
19	15	1	-7.2658179992e-03
19	16	1	-6.4216651201e-03
19	17	1	-9.7995030181e-03
19	18	1	-8.3728392628e-03
19	19	1	-6.0592938260e-03
19	20	1	-8.3149493085e-03
19	21	1	-8.5767449676e-03
19	22	1	-9.9059560954e-03
19	23	1	-7.2080956683e-03
19	24	1	-5.0557737624e-03
19	25	1	-7.8189027433e-03
19	26	1	-7.2769221281e-03
19	27	1	-4.9999779983e-03
19	28	1	-3.7024980350e-03
19	29	1	-8.4402720686e-03
19	30	1	-6.7800600184e-03
19	31	1	-4.5542491066e-03
19	32	1	-7.4487023275e-03
19	33	1	-7.7588861831e-03
19	34	1	-1.2738870916e-02
19	35	1	-5.7961664842e-03
19	36	1	-8.1946311563e-03
19	37	1	-8.1235397787e-03
19	38	1	-7.8267484757e-03
19	39	1	-5.9491007145e-03
19	40	1	-4.8065911258e-03
19	41	1	-1.0256055324e-02
19	42	1	-9.4599929084e-03
19	43	1	-7.1627309771e-03
19	44	1	-8.9960455048e-03
19	45	1	-7.8118628043e-03
19	46	1	-9.2199728933e-03
19	47	1	-3.1660731603e-03
19	48	1	-2.3787400922e-03
19	49	1	-9.5062845915e-03
19	50	1	-4.9474036350e-03
19	51	1	-8.9315015675e-03
19	52	1	-6.0032461573e-03
19	53	1	-9.6746709006e-03
19	54	1	-9.0256418985e-03
19	55	1	-6.8947901494e-03
19	56	1	-6.7481203406e-03
19	57	1	-5.3414577801e-03
19	58	1	-1.4135787823e-02
19	59	1	-5.8531138565e-03
19	60	1	-4.6068403548e-03
19	61	1	-7.4410209694e-03
19	62	1	-6.2231797382e-03
19	63	1	-6.8656532092e-03
19	64	1	-5.3256145304e-03
19	65	1	-4.1970663838e-03
19	66	1	-8.4874475999e-03
19	67	1	-6.7112630641e-03
19	68	1	-6.8569147142e-03
19	69	1	-7.7270699558e-03
19	70	1	-8.9487506485e-03
19	71	1	-3.2939534016e-03
19	72	1	-6.0204186032e-03
19	73	1	-5.5981104735e-03
19	74	1	-8.9402320379e-03
19	75	1	-5.5333791832e-03
19	76	1	-8.0249404306e-03
19	77	1	-5.5662434760e-03
19	78	1	-5.8132308023e-03
19	79	1	-7.4084927733e-03
19	80	1	-1.3141672004e-03
19	81	1	-5.3662543153e-03
19	82	1	-4.2672794286e-03
19	83	1	-4.8703411889e-03
19	84	1	-7.7786749683e-03
19	85	1	-7.9599389702e-03
19	86	1	-2.3704887589e-03
19	87	1	-8.8424868411e-03
19	88	1	-4.7763270497e-03
19	89	1	-7.3034468915e-03
19	90	1	-7.3175955405e-03
19	91	1	-6.4904109707e-03
19	92	1	-5.4218428267e-03
19	93	1	-9.8811385309e-03
19	94	1	-1.0737998138e-02
19	95	1	-7.3813402474e-03
19	96	1	-5.9372395817e-03
19	97	1	-8.3972775473e-03
19	98	1	-5.5749433141e-03
19	99	1	-6.9146593700e-03
19	100	1	-8.2386559171e-03
19	101	1	-6.5035231327e-03
19	102	1	-7.5360834458e-03
19	103	1	-9.2047120500e-03
19	104	1	-5.3120004878e-03
19	105	1	-7.5252776028e-03
19	106	1	-5.1386848802e-03
19	107	1	-6.9545219693e-03
19	108	1	-8.1303125036e-03
19	109	1	-4.5957020008e-03
19	110	1	-5.3558434333e-03
19	111	1	-4.0193959116e-03
19	112	1	-7.6640504657e-03
19	113	1	-8.3547307560e-03
19	114	1	-8.8661697543e-03
19	115	1	-9.0193733060e-03
19	116	1	-6.9365519330e-03
19	117	1	-6.1993314801e-03
19	118	1	-6.8923672438e-03
19	119	1	-6.0754591685e-03
19	120	1	-9.7226394027e-03
19	121	1	-8.6257758471e-03
19	122	1	-4.3544117822e-03
19	123	1	-4.5424191045e-03
19	124	1	-6.0284778257e-03
19	125	1	-8.6550575626e-03
19	126	1	-4.9003076705e-03
19	127	1	-8.1586793589e-03
19	128	1	-7.7392096787e-03
19	129	1	-3.3377289826e-03
19	130	1	-9.9339982084e-03
19	131	1	-9.2663716318e-03
19	132	1	-8.0174804065e-03
19	133	1	-7.3562161787e-03
19	134	1	-9.1242745252e-03
19	135	1	-1.7639562140e-03
19	136	1	-5.9406259006e-03
19	137	1	-9.1310119388e-03
19	138	1	-6.7184803986e-03
19	139	1	-7.9651464027e-03
19	140	1	-7.4039324531e-03
19	141	1	-8.6832378887e-03
19	142	1	-8.4463698423e-03
19	143	1	-7.6674424584e-03
19	144	1	-5.3179947813e-03
19	145	1	-4.7651973418e-03
19	146	1	-4.7872892756e-03
19	147	1	-6.3658458116e-03
19	148	1	-4.5769882154e-03
19	149	1	-4.5156730421e-03
19	150	1	-6.7403376900e-03
19	151	1	-9.6936106482e-03
19	152	1	-4.4165807254e-03
19	153	1	-8.8106759442e-03
19	154	1	-6.9276449542e-03
19	155	1	-6.5177966565e-03
19	156	1	-6.6581361213e-03
19	157	1	-2.0502048546e-03
19	158	1	-5.7409380334e-03
19	159	1	-7.4392899150e-03
19	160	1	-5.9138163545e-03
19	161	1	-5.1229965293e-03
19	162	1	-1.0195063501e-02
19	163	1	-9.1374254914e-03
19	164	1	-5.0301560373e-03
19	165	1	-5.1287272577e-03
19	166	1	-6.6028484081e-03
19	167	1	-8.1996104159e-03
19	168	1	-9.7706176644e-03
19	169	1	-3.5220202303e-03
19	170	1	-1.0459259977e-02
19	171	1	-5.7810241866e-03
19	172	1	-3.8248670075e-03
19	173	1	-4.5713351855e-03
19	174	1	-7.1758595138e-03
19	175	1	-3.0092914374e-03
19	176	1	-5.5103122702e-03
19	177	1	-7.9602784915e-03
19	178	1	-8.7236375902e-03
19	179	1	-7.6108311146e-03
19	180	1	-5.4224840100e-03
19	181	1	-6.7688791269e-03
19	182	1	-8.0186906614e-03
19	183	1	-6.3642867291e-03
19	184	1	-8.4016034125e-03
19	185	1	-7.8881713020e-03
19	186	1	-5.0179203523e-03
19	187	1	-5.4555090764e-03
19	188	1	-3.6482900005e-03
19	189	1	-5.3725564474e-03
19	190	1	-7.5616713994e-03
19	191	1	-5.2700601260e-03
19	192	1	-5.5433322332e-03
19	193	1	-7.8752454615e-03
19	194	1	-2.8262089131e-03
19	195	1	-1.0630083807e-02
19	196	1	-7.5691628460e-03
19	197	1	-5.6186080906e-03
19	198	1	-4.6763322302e-03
19	199	1	-9.6164159611e-03
20	0	1	-8.5523098835e-03
20	1	1	-4.6792130288e-03
20	2	1	-9.6983559284e-03
20	3	1	-6.0857993183e-03
20	4	1	-7.1827052259e-03
20	5	1	-5.9230313048e-03
20	6	1	-6.3108901504e-03
20	7	1	-4.7470273920e-03
20	8	1	-8.1281222597e-03
20	9	1	-6.4878289214e-03
20	10	1	-9.2827899596e-04
20	11	1	-7.9444077006e-03
20	12	1	-7.6110490521e-03
20	13	1	-7.7422974439e-03
20	14	1	-7.5066404235e-03
20	15	1	-6.6434965503e-03
20	16	1	-5.4143395745e-03
20	17	1	-8.9286885496e-03
20	18	1	-7.0934526602e-03
20	19	1	-4.8091522774e-03
20	20	1	-7.4942734304e-03
20	21	1	-6.9826105340e-03
20	22	1	-7.7226298161e-03
20	23	1	-5.7986086324e-03
20	24	1	-4.2847299301e-03
20	25	1	-6.4748373313e-03
20	26	1	-5.5820682024e-03
20	27	1	-3.8497950561e-03
20	28	1	-1.9642551992e-03
20	29	1	-7.1746648529e-03
20	30	1	-5.6579561900e-03
20	31	1	-3.5991470291e-03
20	32	1	-7.1364386513e-03
20	33	1	-6.2143990942e-03
20	34	1	-1.1696379514e-02
20	35	1	-4.6353788718e-03
20	36	1	-7.4457399740e-03
20	37	1	-6.7796192811e-03
20	38	1	-6.5493315318e-03
20	39	1	-4.6403110200e-03
20	40	1	-3.4716602251e-03
20	41	1	-9.2744181682e-03
20	42	1	-7.9462741700e-03
20	43	1	-6.0489464900e-03
20	44	1	-7.5286300710e-03
20	45	1	-7.2945377505e-03
20	46	1	-7.9137209639e-03
20	47	1	-2.1635337078e-03
20	48	1	-1.8034199259e-03
20	49	1	-7.5670769824e-03
20	50	1	-3.5952272539e-03
20	51	1	-8.2144577399e-03
20	52	1	-4.6776384174e-03
20	53	1	-7.7136158636e-03
20	54	1	-7.9710875496e-03
20	55	1	-5.9651581997e-03
20	56	1	-4.8721573380e-03
20	57	1	-4.2721787382e-03
20	58	1	-1.3133780699e-02
20	59	1	-5.6524237547e-03
20	60	1	-3.7397235517e-03
20	61	1	-6.6572662890e-03
20	62	1	-4.7358630812e-03
20	63	1	-6.1570050666e-03
20	64	1	-4.3670404543e-03
20	65	1	-3.0421386492e-03
20	66	1	-8.4316484312e-03
20	67	1	-5.1250999874e-03
20	68	1	-5.0813872466e-03
20	69	1	-7.6589216483e-03
20	70	1	-8.2539617198e-03
20	71	1	-2.6143035459e-03
20	72	1	-4.9608613123e-03
20	73	1	-5.3582078217e-03
20	74	1	-7.0390464204e-03
20	75	1	-4.3538352418e-03
20	76	1	-6.7893491172e-03
20	77	1	-5.1214381492e-03
20	78	1	-4.9360986930e-03
20	79	1	-6.6586344610e-03
20	80	1	-7.8747303212e-04
20	81	1	-4.7007934345e-03
20	82	1	-2.3417942040e-03
20	83	1	-4.1940840993e-03
20	84	1	-6.3693790255e-03
20	85	1	-7.3001834398e-03
20	86	1	-1.7599790141e-03
20	87	1	-7.4635736515e-03
20	88	1	-4.8210010410e-03
20	89	1	-6.0016022219e-03
20	90	1	-6.5594275866e-03
20	91	1	-5.7130846823e-03
20	92	1	-3.8880282966e-03
20	93	1	-8.7823063939e-03
20	94	1	-9.8738299832e-03
20	95	1	-6.9951285520e-03
20	96	1	-4.9608217656e-03
20	97	1	-7.4822287477e-03
20	98	1	-4.7610581466e-03
20	99	1	-5.6538838200e-03
20	100	1	-7.5220345342e-03
20	101	1	-6.3866203462e-03
20	102	1	-6.1579733402e-03
20	103	1	-7.7875015185e-03
20	104	1	-4.9893407563e-03
20	105	1	-6.4452156494e-03
20	106	1	-4.0972740764e-03
20	107	1	-6.3837192010e-03
20	108	1	-6.7875879063e-03
20	109	1	-3.4962760879e-03
20	110	1	-4.8224229158e-03
20	111	1	-3.5502863865e-03
20	112	1	-6.1415725817e-03
20	113	1	-7.5847710572e-03
20	114	1	-7.4025045203e-03
20	115	1	-7.3189374288e-03
20	116	1	-6.0133852938e-03
20	117	1	-5.1459266172e-03
20	118	1	-5.7193205256e-03
20	119	1	-5.3349908095e-03
20	120	1	-9.2639288870e-03
20	121	1	-7.9216836145e-03
20	122	1	-3.6979782901e-03
20	123	1	-3.6035459398e-03
20	124	1	-5.0225970621e-03
20	125	1	-8.0467161517e-03
20	126	1	-2.9132594167e-03
20	127	1	-6.7240137945e-03
20	128	1	-6.3388254707e-03
20	129	1	-2.8526113671e-03
20	130	1	-8.7089044064e-03
20	131	1	-7.8860715627e-03
20	132	1	-7.1337506464e-03
20	133	1	-6.2752164857e-03
20	134	1	-8.2555635712e-03
20	135	1	-9.8309847937e-04
20	136	1	-5.3564748649e-03
20	137	1	-7.1186041048e-03
20	138	1	-5.4956766212e-03
20	139	1	-6.9450232085e-03
20	140	1	-5.7442787279e-03
20	141	1	-6.9286298816e-03
20	142	1	-7.1275577906e-03
20	143	1	-6.6099514435e-03
20	144	1	-3.8170338209e-03
20	145	1	-3.0832137320e-03
20	146	1	-4.0746296378e-03
20	147	1	-4.0641547467e-03
20	148	1	-3.2201960879e-03
20	149	1	-3.8360904877e-03
20	150	1	-5.4763146249e-03
20	151	1	-9.0393668049e-03
20	152	1	-4.0609508542e-03
20	153	1	-7.2440896565e-03
20	154	1	-6.0358052784e-03
20	155	1	-4.8164902594e-03
20	156	1	-6.3410768998e-03
20	157	1	-2.1834551931e-03
20	158	1	-4.5708650192e-03
20	159	1	-5.9184787711e-03
20	160	1	-4.8387851189e-03
20	161	1	-4.3138449733e-03
20	162	1	-8.5036211054e-03
20	163	1	-8.0347388989e-03
20	164	1	-4.5597836917e-03
20	165	1	-3.8475858497e-03
20	166	1	-5.7327462686e-03
20	167	1	-7.9051786349e-03
20	168	1	-8.9641272644e-03
20	169	1	-1.9497466396e-03
20	170	1	-9.6495457687e-03
20	171	1	-4.3035757464e-03
20	172	1	-3.5257410230e-03
20	173	1	-3.7274908407e-03
20	174	1	-5.6276537859e-03
20	175	1	-2.3261645382e-03
20	176	1	-4.1704381819e-03
20	177	1	-6.7843087074e-03
20	178	1	-7.7101547716e-03
20	179	1	-6.7953276553e-03
20	180	1	-4.5933483409e-03
20	181	1	-4.9160098752e-03
20	182	1	-6.4804395464e-03
20	183	1	-5.0188431589e-03
20	184	1	-7.7955441001e-03
20	185	1	-6.7080987316e-03
20	186	1	-3.1402324333e-03
20	187	1	-4.4649714919e-03
20	188	1	-2.1765996163e-03
20	189	1	-4.0214484091e-03
20	190	1	-6.4241976511e-03
20	191	1	-4.9722344668e-03
20	192	1	-4.7734087386e-03
20	193	1	-7.0596599342e-03
20	194	1	-1.1895422698e-03
20	195	1	-1.0027831405e-02
20	196	1	-5.9283089331e-03
20	197	1	-5.4564334887e-03
20	198	1	-3.9113562116e-03
20	199	1	-8.4433159652e-03
