normalization_mode mode3
title l64c64a076_m140_fit_pz1
gm T5
eta eta0
pz 1
bT 0
component real
nstates 2
normalization_sample_domain complex
input_fit_table /Users/xiang/Desktop/codes/lat-hadron-analysis-DA/examples/l64c64a076_m140/analysis/2-bm/results_fit_nst2/l64c64a076_m140_fit_pz1/tables/l64c64a076_m140_fit_pz1_T5_eta0_bT0_real_2state_fit.txt
input_sample_table /Users/xiang/Desktop/codes/lat-hadron-analysis-DA/examples/l64c64a076_m140/analysis/2-bm/results_fit_nst2/l64c64a076_m140_fit_pz1/samples/l64c64a076_m140_fit_pz1_T5_eta0_bT0_real_2state_samples.txt
reference_same_pz_bT0_bz0 l64c64a076_m140_fit_pz1 T5 eta0 pz=1 bT=0 bz=0
reference_pz0_same_bT_bz0 l64c64a076_m140_fit_pz0 T5 eta0 pz=0 bT=0 bz=0
reference_pz0_bT0_bz0 l64c64a076_m140_fit_pz0 T5 eta0 pz=0 bT=0 bz=0
bz	sample_id	success	m0
0	0	1	1.0000000000e+00
0	1	1	1.0000000000e+00
0	2	1	1.0000000000e+00
0	3	1	1.0000000000e+00
0	4	1	1.0000000000e+00
0	5	1	1.0000000000e+00
0	6	1	1.0000000000e+00
0	7	1	1.0000000000e+00
0	8	1	1.0000000000e+00
0	9	1	1.0000000000e+00
0	10	1	1.0000000000e+00
0	11	1	1.0000000000e+00
0	12	1	1.0000000000e+00
0	13	1	1.0000000000e+00
0	14	1	1.0000000000e+00
0	15	1	1.0000000000e+00
0	16	1	1.0000000000e+00
0	17	1	1.0000000000e+00
0	18	1	1.0000000000e+00
0	19	1	1.0000000000e+00
0	20	1	1.0000000000e+00
0	21	1	1.0000000000e+00
0	22	1	1.0000000000e+00
0	23	1	1.0000000000e+00
0	24	1	1.0000000000e+00
0	25	1	1.0000000000e+00
0	26	1	1.0000000000e+00
0	27	1	1.0000000000e+00
0	28	1	1.0000000000e+00
0	29	1	1.0000000000e+00
0	30	1	1.0000000000e+00
0	31	1	1.0000000000e+00
0	32	1	1.0000000000e+00
0	33	1	1.0000000000e+00
0	34	1	1.0000000000e+00
0	35	1	1.0000000000e+00
0	36	1	1.0000000000e+00
0	37	1	1.0000000000e+00
0	38	1	1.0000000000e+00
0	39	1	1.0000000000e+00
0	40	1	1.0000000000e+00
0	41	1	1.0000000000e+00
0	42	1	1.0000000000e+00
0	43	1	1.0000000000e+00
0	44	1	1.0000000000e+00
0	45	1	1.0000000000e+00
0	46	1	1.0000000000e+00
0	47	1	1.0000000000e+00
0	48	1	1.0000000000e+00
0	49	1	1.0000000000e+00
0	50	1	1.0000000000e+00
0	51	1	1.0000000000e+00
0	52	1	1.0000000000e+00
0	53	1	1.0000000000e+00
0	54	1	1.0000000000e+00
0	55	1	1.0000000000e+00
0	56	1	1.0000000000e+00
0	57	1	1.0000000000e+00
0	58	1	1.0000000000e+00
0	59	1	1.0000000000e+00
0	60	1	1.0000000000e+00
0	61	1	1.0000000000e+00
0	62	1	1.0000000000e+00
0	63	1	1.0000000000e+00
0	64	1	1.0000000000e+00
0	65	1	1.0000000000e+00
0	66	1	1.0000000000e+00
0	67	1	1.0000000000e+00
0	68	1	1.0000000000e+00
0	69	1	1.0000000000e+00
0	70	1	1.0000000000e+00
0	71	1	1.0000000000e+00
0	72	1	1.0000000000e+00
0	73	1	1.0000000000e+00
0	74	1	1.0000000000e+00
0	75	1	1.0000000000e+00
0	76	1	1.0000000000e+00
0	77	1	1.0000000000e+00
0	78	1	1.0000000000e+00
0	79	1	1.0000000000e+00
0	80	1	1.0000000000e+00
0	81	1	1.0000000000e+00
0	82	1	1.0000000000e+00
0	83	1	1.0000000000e+00
0	84	1	1.0000000000e+00
0	85	1	1.0000000000e+00
0	86	1	1.0000000000e+00
0	87	1	1.0000000000e+00
0	88	1	1.0000000000e+00
0	89	1	1.0000000000e+00
0	90	1	1.0000000000e+00
0	91	1	1.0000000000e+00
0	92	1	1.0000000000e+00
0	93	1	1.0000000000e+00
0	94	1	1.0000000000e+00
0	95	1	1.0000000000e+00
0	96	1	1.0000000000e+00
0	97	1	1.0000000000e+00
0	98	1	1.0000000000e+00
0	99	1	1.0000000000e+00
0	100	1	1.0000000000e+00
0	101	1	1.0000000000e+00
0	102	1	1.0000000000e+00
0	103	1	1.0000000000e+00
0	104	1	1.0000000000e+00
0	105	1	1.0000000000e+00
0	106	1	1.0000000000e+00
0	107	1	1.0000000000e+00
0	108	1	1.0000000000e+00
0	109	1	1.0000000000e+00
0	110	1	1.0000000000e+00
0	111	1	1.0000000000e+00
0	112	1	1.0000000000e+00
0	113	1	1.0000000000e+00
0	114	1	1.0000000000e+00
0	115	1	1.0000000000e+00
0	116	1	1.0000000000e+00
0	117	1	1.0000000000e+00
0	118	1	1.0000000000e+00
0	119	1	1.0000000000e+00
0	120	1	1.0000000000e+00
0	121	1	1.0000000000e+00
0	122	1	1.0000000000e+00
0	123	1	1.0000000000e+00
0	124	1	1.0000000000e+00
0	125	1	1.0000000000e+00
0	126	1	1.0000000000e+00
0	127	1	1.0000000000e+00
0	128	1	1.0000000000e+00
0	129	1	1.0000000000e+00
0	130	1	1.0000000000e+00
0	131	1	1.0000000000e+00
0	132	1	1.0000000000e+00
0	133	1	1.0000000000e+00
0	134	1	1.0000000000e+00
0	135	1	1.0000000000e+00
0	136	1	1.0000000000e+00
0	137	1	1.0000000000e+00
0	138	1	1.0000000000e+00
0	139	1	1.0000000000e+00
0	140	1	1.0000000000e+00
0	141	1	1.0000000000e+00
0	142	1	1.0000000000e+00
0	143	1	1.0000000000e+00
0	144	1	1.0000000000e+00
0	145	1	1.0000000000e+00
0	146	1	1.0000000000e+00
0	147	1	1.0000000000e+00
0	148	1	1.0000000000e+00
0	149	1	1.0000000000e+00
0	150	1	1.0000000000e+00
0	151	1	1.0000000000e+00
0	152	1	1.0000000000e+00
0	153	1	1.0000000000e+00
0	154	1	1.0000000000e+00
0	155	1	1.0000000000e+00
0	156	1	1.0000000000e+00
0	157	1	1.0000000000e+00
0	158	1	1.0000000000e+00
0	159	1	1.0000000000e+00
0	160	1	1.0000000000e+00
0	161	1	1.0000000000e+00
0	162	1	1.0000000000e+00
0	163	1	1.0000000000e+00
0	164	1	1.0000000000e+00
0	165	1	1.0000000000e+00
0	166	1	1.0000000000e+00
0	167	1	1.0000000000e+00
0	168	1	1.0000000000e+00
0	169	1	1.0000000000e+00
0	170	1	1.0000000000e+00
0	171	1	1.0000000000e+00
0	172	1	1.0000000000e+00
0	173	1	1.0000000000e+00
0	174	1	1.0000000000e+00
0	175	1	1.0000000000e+00
0	176	1	1.0000000000e+00
0	177	1	1.0000000000e+00
0	178	1	1.0000000000e+00
0	179	1	1.0000000000e+00
0	180	1	1.0000000000e+00
0	181	1	1.0000000000e+00
0	182	1	1.0000000000e+00
0	183	1	1.0000000000e+00
0	184	1	1.0000000000e+00
0	185	1	1.0000000000e+00
0	186	1	1.0000000000e+00
0	187	1	1.0000000000e+00
0	188	1	1.0000000000e+00
0	189	1	1.0000000000e+00
0	190	1	1.0000000000e+00
0	191	1	1.0000000000e+00
0	192	1	1.0000000000e+00
0	193	1	1.0000000000e+00
0	194	1	1.0000000000e+00
0	195	1	1.0000000000e+00
0	196	1	1.0000000000e+00
0	197	1	1.0000000000e+00
0	198	1	1.0000000000e+00
0	199	1	1.0000000000e+00
1	0	1	9.4591635947e-01
1	1	1	9.4606405038e-01
1	2	1	9.4590239706e-01
1	3	1	9.4600256599e-01
1	4	1	9.4599454148e-01
1	5	1	9.4602437583e-01
1	6	1	9.4606660442e-01
1	7	1	9.4605364436e-01
1	8	1	9.4606365853e-01
1	9	1	9.4610694079e-01
1	10	1	9.4604837817e-01
1	11	1	9.4600324965e-01
1	12	1	9.4595394732e-01
1	13	1	9.4604047572e-01
1	14	1	9.4598407510e-01
1	15	1	9.4603972858e-01
1	16	1	9.4603051056e-01
1	17	1	9.4605738150e-01
1	18	1	9.4598933209e-01
1	19	1	9.4601294727e-01
1	20	1	9.4599614499e-01
1	21	1	9.4600486395e-01
1	22	1	9.4602191670e-01
1	23	1	9.4596859582e-01
1	24	1	9.4605488803e-01
1	25	1	9.4599758548e-01
1	26	1	9.4592086341e-01
1	27	1	9.4594481600e-01
1	28	1	9.4609321755e-01
1	29	1	9.4599123402e-01
1	30	1	9.4605170302e-01
1	31	1	9.4600215843e-01
1	32	1	9.4607195968e-01
1	33	1	9.4605443374e-01
1	34	1	9.4607789614e-01
1	35	1	9.4616703478e-01
1	36	1	9.4598827122e-01
1	37	1	9.4591698600e-01
1	38	1	9.4607043520e-01
1	39	1	9.4603661183e-01
1	40	1	9.4607144112e-01
1	41	1	9.4606027955e-01
1	42	1	9.4596666584e-01
1	43	1	9.4604469456e-01
1	44	1	9.4605897372e-01
1	45	1	9.4606092734e-01
1	46	1	9.4607056825e-01
1	47	1	9.4603189576e-01
1	48	1	9.4597187776e-01
1	49	1	9.4601826150e-01
1	50	1	9.4603457832e-01
1	51	1	9.4600456632e-01
1	52	1	9.4590342464e-01
1	53	1	9.4607754439e-01
1	54	1	9.4608048579e-01
1	55	1	9.4605935936e-01
1	56	1	9.4596630966e-01
1	57	1	9.4608611907e-01
1	58	1	9.4606834915e-01
1	59	1	9.4603636807e-01
1	60	1	9.4598692281e-01
1	61	1	9.4597031408e-01
1	62	1	9.4600425906e-01
1	63	1	9.4597002164e-01
1	64	1	9.4600225642e-01
1	65	1	9.4616703550e-01
1	66	1	9.4602636989e-01
1	67	1	9.4603196022e-01
1	68	1	9.4603378836e-01
1	69	1	9.4604706552e-01
1	70	1	9.4599031591e-01
1	71	1	9.4605735329e-01
1	72	1	9.4596714211e-01
1	73	1	9.4606816561e-01
1	74	1	9.4599962904e-01
1	75	1	9.4597377606e-01
1	76	1	9.4600826494e-01
1	77	1	9.4612020188e-01
1	78	1	9.4594016629e-01
1	79	1	9.4598371370e-01
1	80	1	9.4604670468e-01
1	81	1	9.4601182338e-01
1	82	1	9.4600059262e-01
1	83	1	9.4607604348e-01
1	84	1	9.4596733241e-01
1	85	1	9.4597722659e-01
1	86	1	9.4608400423e-01
1	87	1	9.4606258392e-01
1	88	1	9.4603495543e-01
1	89	1	9.4607757378e-01
1	90	1	9.4609181227e-01
1	91	1	9.4605837350e-01
1	92	1	9.4600058380e-01
1	93	1	9.4603390319e-01
1	94	1	9.4601459232e-01
1	95	1	9.4607904157e-01
1	96	1	9.4602376859e-01
1	97	1	9.4598932119e-01
1	98	1	9.4599225117e-01
1	99	1	9.4608373495e-01
1	100	1	9.4603116351e-01
1	101	1	9.4604546041e-01
1	102	1	9.4601671328e-01
1	103	1	9.4599389505e-01
1	104	1	9.4605534059e-01
1	105	1	9.4609415482e-01
1	106	1	9.4599634374e-01
1	107	1	9.4602384561e-01
1	108	1	9.4606274044e-01
1	109	1	9.4599273424e-01
1	110	1	9.4609393164e-01
1	111	1	9.4600232350e-01
1	112	1	9.4600971771e-01
1	113	1	9.4617465466e-01
1	114	1	9.4603954377e-01
1	115	1	9.4605151127e-01
1	116	1	9.4591821523e-01
1	117	1	9.4601659099e-01
1	118	1	9.4605306138e-01
1	119	1	9.4601888695e-01
1	120	1	9.4589392602e-01
1	121	1	9.4600445445e-01
1	122	1	9.4609407387e-01
1	123	1	9.4614937116e-01
1	124	1	9.4609248642e-01
1	125	1	9.4601006736e-01
1	126	1	9.4601781642e-01
1	127	1	9.4602568964e-01
1	128	1	9.4597063389e-01
1	129	1	9.4609997298e-01
1	130	1	9.4600442322e-01
1	131	1	9.4605232314e-01
1	132	1	9.4608232086e-01
1	133	1	9.4602331330e-01
1	134	1	9.4599640072e-01
1	135	1	9.4608337395e-01
1	136	1	9.4605619184e-01
1	137	1	9.4593550554e-01
1	138	1	9.4613541504e-01
1	139	1	9.4595762208e-01
1	140	1	9.4600908727e-01
1	141	1	9.4599020025e-01
1	142	1	9.4610291978e-01
1	143	1	9.4598128614e-01
1	144	1	9.4596328816e-01
1	145	1	9.4604026689e-01
1	146	1	9.4613456205e-01
1	147	1	9.4603518235e-01
1	148	1	9.4600574157e-01
1	149	1	9.4594060618e-01
1	150	1	9.4608779992e-01
1	151	1	9.4596478299e-01
1	152	1	9.4603766211e-01
1	153	1	9.4604863444e-01
1	154	1	9.4606826452e-01
1	155	1	9.4605578915e-01
1	156	1	9.4595629448e-01
1	157	1	9.4598121269e-01
1	158	1	9.4597139850e-01
1	159	1	9.4600091780e-01
1	160	1	9.4603637179e-01
1	161	1	9.4600613812e-01
1	162	1	9.4602093979e-01
1	163	1	9.4598543254e-01
1	164	1	9.4603996002e-01
1	165	1	9.4601290118e-01
1	166	1	9.4597656562e-01
1	167	1	9.4606494438e-01
1	168	1	9.4603124177e-01
1	169	1	9.4599715052e-01
1	170	1	9.4596867459e-01
1	171	1	9.4596730603e-01
1	172	1	9.4609734070e-01
1	173	1	9.4607416746e-01
1	174	1	9.4611161490e-01
1	175	1	9.4608209095e-01
1	176	1	9.4595908210e-01
1	177	1	9.4602703400e-01
1	178	1	9.4594063501e-01
1	179	1	9.4611345337e-01
1	180	1	9.4607356883e-01
1	181	1	9.4603580501e-01
1	182	1	9.4606432033e-01
1	183	1	9.4599706281e-01
1	184	1	9.4605934589e-01
1	185	1	9.4601513263e-01
1	186	1	9.4600399330e-01
1	187	1	9.4603881804e-01
1	188	1	9.4609766763e-01
1	189	1	9.4595265183e-01
1	190	1	9.4606446494e-01
1	191	1	9.4607572298e-01
1	192	1	9.4595503809e-01
1	193	1	9.4594601541e-01
1	194	1	9.4601636746e-01
1	195	1	9.4599481491e-01
1	196	1	9.4607625642e-01
1	197	1	9.4597564453e-01
1	198	1	9.4597836569e-01
1	199	1	9.4607316123e-01
2	0	1	8.4946308366e-01
2	1	1	8.4991725328e-01
2	2	1	8.4939683876e-01
2	3	1	8.4974523530e-01
2	4	1	8.4971552871e-01
2	5	1	8.4974656200e-01
2	6	1	8.4994089816e-01
2	7	1	8.4986426123e-01
2	8	1	8.4994516159e-01
2	9	1	8.5008937761e-01
2	10	1	8.4990639397e-01
2	11	1	8.4977021069e-01
2	12	1	8.4957119061e-01
2	13	1	8.4977359917e-01
2	14	1	8.4964958200e-01
2	15	1	8.4979510136e-01
2	16	1	8.4978102731e-01
2	17	1	8.4995686511e-01
2	18	1	8.4973113664e-01
2	19	1	8.4978808919e-01
2	20	1	8.4966997178e-01
2	21	1	8.4971026787e-01
2	22	1	8.4975526449e-01
2	23	1	8.4967792127e-01
2	24	1	8.4989029328e-01
2	25	1	8.4970264827e-01
2	26	1	8.4949352061e-01
2	27	1	8.4955178754e-01
2	28	1	8.4992546271e-01
2	29	1	8.4966573216e-01
2	30	1	8.4980150857e-01
2	31	1	8.4973886266e-01
2	32	1	8.4996184653e-01
2	33	1	8.4988572592e-01
2	34	1	8.4993877851e-01
2	35	1	8.5023201576e-01
2	36	1	8.4970794691e-01
2	37	1	8.4950367749e-01
2	38	1	8.4999658412e-01
2	39	1	8.4973906928e-01
2	40	1	8.4997459888e-01
2	41	1	8.4992144582e-01
2	42	1	8.4965040625e-01
2	43	1	8.4991790895e-01
2	44	1	8.4988997397e-01
2	45	1	8.4995230340e-01
2	46	1	8.4996167779e-01
2	47	1	8.4978836031e-01
2	48	1	8.4965000709e-01
2	49	1	8.4972607418e-01
2	50	1	8.4982969492e-01
2	51	1	8.4967645110e-01
2	52	1	8.4941008815e-01
2	53	1	8.4998590405e-01
2	54	1	8.4994711440e-01
2	55	1	8.4987187789e-01
2	56	1	8.4958975058e-01
2	57	1	8.4998862335e-01
2	58	1	8.4992027649e-01
2	59	1	8.4979209169e-01
2	60	1	8.4968841837e-01
2	61	1	8.4965343556e-01
2	62	1	8.4978638801e-01
2	63	1	8.4958953668e-01
2	64	1	8.4970735573e-01
2	65	1	8.5026252421e-01
2	66	1	8.4977053578e-01
2	67	1	8.4978303741e-01
2	68	1	8.4983184338e-01
2	69	1	8.4986406558e-01
2	70	1	8.4969249321e-01
2	71	1	8.4987471139e-01
2	72	1	8.4963413993e-01
2	73	1	8.4991578702e-01
2	74	1	8.4972744755e-01
2	75	1	8.4971187227e-01
2	76	1	8.4978799744e-01
2	77	1	8.5009511814e-01
2	78	1	8.4952149940e-01
2	79	1	8.4965383286e-01
2	80	1	8.4991150839e-01
2	81	1	8.4978438830e-01
2	82	1	8.4971988451e-01
2	83	1	8.4986966866e-01
2	84	1	8.4969215895e-01
2	85	1	8.4959512554e-01
2	86	1	8.4992869690e-01
2	87	1	8.4994464213e-01
2	88	1	8.4985712416e-01
2	89	1	8.4995314262e-01
2	90	1	8.4991763004e-01
2	91	1	8.4996160008e-01
2	92	1	8.4973765478e-01
2	93	1	8.4982044484e-01
2	94	1	8.4976388406e-01
2	95	1	8.4996348723e-01
2	96	1	8.4982824437e-01
2	97	1	8.4971205182e-01
2	98	1	8.4973944325e-01
2	99	1	8.4989749725e-01
2	100	1	8.4980989827e-01
2	101	1	8.4987686894e-01
2	102	1	8.4973475090e-01
2	103	1	8.4970429690e-01
2	104	1	8.4994325059e-01
2	105	1	8.4998534209e-01
2	106	1	8.4970354666e-01
2	107	1	8.4978015807e-01
2	108	1	8.4993470255e-01
2	109	1	8.4964154667e-01
2	110	1	8.5003767414e-01
2	111	1	8.4976203475e-01
2	112	1	8.4975513365e-01
2	113	1	8.5023678374e-01
2	114	1	8.4987758791e-01
2	115	1	8.4993792241e-01
2	116	1	8.4944103685e-01
2	117	1	8.4973384616e-01
2	118	1	8.4986402058e-01
2	119	1	8.4980670842e-01
2	120	1	8.4936236902e-01
2	121	1	8.4972992945e-01
2	122	1	8.4998798394e-01
2	123	1	8.5013060016e-01
2	124	1	8.5002868637e-01
2	125	1	8.4972145551e-01
2	126	1	8.4981442431e-01
2	127	1	8.4975709988e-01
2	128	1	8.4964400789e-01
2	129	1	8.4997101873e-01
2	130	1	8.4967326404e-01
2	131	1	8.4986001805e-01
2	132	1	8.4991746406e-01
2	133	1	8.4982462535e-01
2	134	1	8.4962566676e-01
2	135	1	8.4998654041e-01
2	136	1	8.4986856275e-01
2	137	1	8.4949264822e-01
2	138	1	8.5010940641e-01
2	139	1	8.4965949789e-01
2	140	1	8.4974663954e-01
2	141	1	8.4971183947e-01
2	142	1	8.5000251159e-01
2	143	1	8.4966595124e-01
2	144	1	8.4956275436e-01
2	145	1	8.4984077985e-01
2	146	1	8.5019972963e-01
2	147	1	8.4984807499e-01
2	148	1	8.4980402988e-01
2	149	1	8.4957328991e-01
2	150	1	8.4997667901e-01
2	151	1	8.4957767392e-01
2	152	1	8.4982513025e-01
2	153	1	8.4990968912e-01
2	154	1	8.4997508435e-01
2	155	1	8.4990984228e-01
2	156	1	8.4952474049e-01
2	157	1	8.4962401491e-01
2	158	1	8.4963519379e-01
2	159	1	8.4976738926e-01
2	160	1	8.4990369475e-01
2	161	1	8.4974285620e-01
2	162	1	8.4974134531e-01
2	163	1	8.4967383294e-01
2	164	1	8.4984801986e-01
2	165	1	8.4973212064e-01
2	166	1	8.4961265212e-01
2	167	1	8.4987699353e-01
2	168	1	8.4978063436e-01
2	169	1	8.4966175080e-01
2	170	1	8.4963150926e-01
2	171	1	8.4959700832e-01
2	172	1	8.5003932896e-01
2	173	1	8.4997602332e-01
2	174	1	8.5008326609e-01
2	175	1	8.4993329519e-01
2	176	1	8.4960219339e-01
2	177	1	8.4983702035e-01
2	178	1	8.4951329947e-01
2	179	1	8.5005699997e-01
2	180	1	8.4991758335e-01
2	181	1	8.4989882065e-01
2	182	1	8.4994329331e-01
2	183	1	8.4971696239e-01
2	184	1	8.4992111214e-01
2	185	1	8.4983212513e-01
2	186	1	8.4969019574e-01
2	187	1	8.4985001934e-01
2	188	1	8.5004561395e-01
2	189	1	8.4960853192e-01
2	190	1	8.4989046441e-01
2	191	1	8.4993081345e-01
2	192	1	8.4961355236e-01
2	193	1	8.4954898888e-01
2	194	1	8.4980950718e-01
2	195	1	8.4969516891e-01
2	196	1	8.4998351156e-01
2	197	1	8.4963040923e-01
2	198	1	8.4963060168e-01
2	199	1	8.4988912723e-01
3	0	1	7.4858985458e-01
3	1	1	7.4936839249e-01
3	2	1	7.4843988477e-01
3	3	1	7.4910953399e-01
3	4	1	7.4904605054e-01
3	5	1	7.4898894539e-01
3	6	1	7.4939228106e-01
3	7	1	7.4926007548e-01
3	8	1	7.4944739569e-01
3	9	1	7.4971360717e-01
3	10	1	7.4943111794e-01
3	11	1	7.4917030840e-01
3	12	1	7.4877055162e-01
3	13	1	7.4899900053e-01
3	14	1	7.4885856077e-01
3	15	1	7.4910513264e-01
3	16	1	7.4910636951e-01
3	17	1	7.4952610711e-01
3	18	1	7.4911501524e-01
3	19	1	7.4917475714e-01
3	20	1	7.4892038030e-01
3	21	1	7.4897427358e-01
3	22	1	7.4905476522e-01
3	23	1	7.4902240089e-01
3	24	1	7.4932903577e-01
3	25	1	7.4898689675e-01
3	26	1	7.4869616657e-01
3	27	1	7.4875733121e-01
3	28	1	7.4923886883e-01
3	29	1	7.4892698053e-01
3	30	1	7.4907312821e-01
3	31	1	7.4906574488e-01
3	32	1	7.4944366011e-01
3	33	1	7.4935756964e-01
3	34	1	7.4935263175e-01
3	35	1	7.4986258487e-01
3	36	1	7.4901777334e-01
3	37	1	7.4870576258e-01
3	38	1	7.4957418986e-01
3	39	1	7.4891825031e-01
3	40	1	7.4947075921e-01
3	41	1	7.4940711433e-01
3	42	1	7.4895639444e-01
3	43	1	7.4941662586e-01
3	44	1	7.4925727570e-01
3	45	1	7.4947266063e-01
3	46	1	7.4945210691e-01
3	47	1	7.4907326281e-01
3	48	1	7.4894402246e-01
3	49	1	7.4898729077e-01
3	50	1	7.4919357205e-01
3	51	1	7.4884990076e-01
3	52	1	7.4847742169e-01
3	53	1	7.4946528406e-01
3	54	1	7.4933013951e-01
3	55	1	7.4924901706e-01
3	56	1	7.4875274875e-01
3	57	1	7.4946088429e-01
3	58	1	7.4933916100e-01
3	59	1	7.4907433791e-01
3	60	1	7.4898262818e-01
3	61	1	7.4896505563e-01
3	62	1	7.4923855763e-01
3	63	1	7.4875781198e-01
3	64	1	7.4896813224e-01
3	65	1	7.5002427657e-01
3	66	1	7.4904626974e-01
3	67	1	7.4908457769e-01
3	68	1	7.4922583036e-01
3	69	1	7.4926863635e-01
3	70	1	7.4896336202e-01
3	71	1	7.4923498052e-01
3	72	1	7.4892140962e-01
3	73	1	7.4934712479e-01
3	74	1	7.4900698169e-01
3	75	1	7.4913055620e-01
3	76	1	7.4921518093e-01
3	77	1	7.4968538236e-01
3	78	1	7.4870336277e-01
3	79	1	7.4887996936e-01
3	80	1	7.4941568524e-01
3	81	1	7.4918181930e-01
3	82	1	7.4900902168e-01
3	83	1	7.4916643614e-01
3	84	1	7.4911622945e-01
3	85	1	7.4870643861e-01
3	86	1	7.4930819673e-01
3	87	1	7.4943756492e-01
3	88	1	7.4929396534e-01
3	89	1	7.4940019443e-01
3	90	1	7.4923119110e-01
3	91	1	7.4954579394e-01
3	92	1	7.4908311868e-01
3	93	1	7.4920363897e-01
3	94	1	7.4908103401e-01
3	95	1	7.4944412418e-01
3	96	1	7.4925854505e-01
3	97	1	7.4905673170e-01
3	98	1	7.4909820484e-01
3	99	1	7.4920853318e-01
3	100	1	7.4915444616e-01
3	101	1	7.4932437452e-01
3	102	1	7.4899219698e-01
3	103	1	7.4899507103e-01
3	104	1	7.4951004125e-01
3	105	1	7.4944785935e-01
3	106	1	7.4895331005e-01
3	107	1	7.4910671987e-01
3	108	1	7.4942306912e-01
3	109	1	7.4880239903e-01
3	110	1	7.4960130833e-01
3	111	1	7.4914705775e-01
3	112	1	7.4910267301e-01
3	113	1	7.4989447453e-01
3	114	1	7.4930650377e-01
3	115	1	7.4947364552e-01
3	116	1	7.4847718681e-01
3	117	1	7.4900577361e-01
3	118	1	7.4927371668e-01
3	119	1	7.4920805596e-01
3	120	1	7.4838014582e-01
3	121	1	7.4902296171e-01
3	122	1	7.4941447558e-01
3	123	1	7.4961492927e-01
3	124	1	7.4960402282e-01
3	125	1	7.4897734085e-01
3	126	1	7.4923770277e-01
3	127	1	7.4902305297e-01
3	128	1	7.4890703860e-01
3	129	1	7.4939435865e-01
3	130	1	7.4887993847e-01
3	131	1	7.4924162094e-01
3	132	1	7.4927369959e-01
3	133	1	7.4922398464e-01
3	134	1	7.4873845822e-01
3	135	1	7.4951979469e-01
3	136	1	7.4925398719e-01
3	137	1	7.4857795211e-01
3	138	1	7.4962709645e-01
3	139	1	7.4902225386e-01
3	140	1	7.4905996253e-01
3	141	1	7.4904988086e-01
3	142	1	7.4946962055e-01
3	143	1	7.4895267629e-01
3	144	1	7.4869500370e-01
3	145	1	7.4922649308e-01
3	146	1	7.4995235763e-01
3	147	1	7.4926689704e-01
3	148	1	7.4924610181e-01
3	149	1	7.4883681222e-01
3	150	1	7.4944956849e-01
3	151	1	7.4873087885e-01
3	152	1	7.4916671430e-01
3	153	1	7.4939654586e-01
3	154	1	7.4952390579e-01
3	155	1	7.4935778948e-01
3	156	1	7.4859277883e-01
3	157	1	7.4881343587e-01
3	158	1	7.4889714920e-01
3	159	1	7.4916771889e-01
3	160	1	7.4948574599e-01
3	161	1	7.4905721160e-01
3	162	1	7.4900669838e-01
3	163	1	7.4894213697e-01
3	164	1	7.4926549962e-01
3	165	1	7.4901014459e-01
3	166	1	7.4882123071e-01
3	167	1	7.4922646353e-01
3	168	1	7.4907218768e-01
3	169	1	7.4887765973e-01
3	170	1	7.4885720112e-01
3	171	1	7.4879347694e-01
3	172	1	7.4958295334e-01
3	173	1	7.4949144806e-01
3	174	1	7.4968958931e-01
3	175	1	7.4933230334e-01
3	176	1	7.4881517870e-01
3	177	1	7.4925713085e-01
3	178	1	7.4864346508e-01
3	179	1	7.4958763720e-01
3	180	1	7.4931685517e-01
3	181	1	7.4942577844e-01
3	182	1	7.4942801410e-01
3	183	1	7.4902107779e-01
3	184	1	7.4940809384e-01
3	185	1	7.4929312426e-01
3	186	1	7.4890048313e-01
3	187	1	7.4926394714e-01
3	188	1	7.4961467230e-01
3	189	1	7.4888743265e-01
3	190	1	7.4929066593e-01
3	191	1	7.4935141899e-01
3	192	1	7.4892272074e-01
3	193	1	7.4873979748e-01
3	194	1	7.4922247779e-01
3	195	1	7.4895519738e-01
3	196	1	7.4955065581e-01
3	197	1	7.4886471482e-01
3	198	1	7.4882569426e-01
3	199	1	7.4922400585e-01
4	0	1	6.5093425438e-01
4	1	1	6.5205499116e-01
4	2	1	6.5073506314e-01
4	3	1	6.5169351105e-01
4	4	1	6.5163768055e-01
4	5	1	6.5146514937e-01
4	6	1	6.5205327735e-01
4	7	1	6.5187715706e-01
4	8	1	6.5218190138e-01
4	9	1	6.5256612919e-01
4	10	1	6.5222102324e-01
4	11	1	6.5179012947e-01
4	12	1	6.5124196324e-01
4	13	1	6.5145370150e-01
4	14	1	6.5130209220e-01
4	15	1	6.5165501545e-01
4	16	1	6.5165180948e-01
4	17	1	6.5234951214e-01
4	18	1	6.5172833729e-01
4	19	1	6.5177407595e-01
4	20	1	6.5142392537e-01
4	21	1	6.5146073060e-01
4	22	1	6.5159641116e-01
4	23	1	6.5160760567e-01
4	24	1	6.5199122198e-01
4	25	1	6.5152267866e-01
4	26	1	6.5119298293e-01
4	27	1	6.5122136014e-01
4	28	1	6.5174116441e-01
4	29	1	6.5146158530e-01
4	30	1	6.5160223754e-01
4	31	1	6.5158609595e-01
4	32	1	6.5214094922e-01
4	33	1	6.5210059471e-01
4	34	1	6.5197924241e-01
4	35	1	6.5270296425e-01
4	36	1	6.5155365558e-01
4	37	1	6.5114795200e-01
4	38	1	6.5234531846e-01
4	39	1	6.5129384442e-01
4	40	1	6.5216195815e-01
4	41	1	6.5213675061e-01
4	42	1	6.5148202207e-01
4	43	1	6.5218067419e-01
4	44	1	6.5181090969e-01
4	45	1	6.5219404561e-01
4	46	1	6.5214571793e-01
4	47	1	6.5154760390e-01
4	48	1	6.5148655309e-01
4	49	1	6.5152248911e-01
4	50	1	6.5175605861e-01
4	51	1	6.5122638291e-01
4	52	1	6.5078985217e-01
4	53	1	6.5212816798e-01
4	54	1	6.5189565250e-01
4	55	1	6.5185343938e-01
4	56	1	6.5113111550e-01
4	57	1	6.5211338724e-01
4	58	1	6.5193629546e-01
4	59	1	6.5154760285e-01
4	60	1	6.5151440290e-01
4	61	1	6.5154037577e-01
4	62	1	6.5195606850e-01
4	63	1	6.5116720028e-01
4	64	1	6.5144946445e-01
4	65	1	6.5301558717e-01
4	66	1	6.5151349990e-01
4	67	1	6.5163701423e-01
4	68	1	6.5184324212e-01
4	69	1	6.5187053992e-01
4	70	1	6.5142173924e-01
4	71	1	6.5179187886e-01
4	72	1	6.5146016171e-01
4	73	1	6.5200670032e-01
4	74	1	6.5147063669e-01
4	75	1	6.5177749792e-01
4	76	1	6.5189889869e-01
4	77	1	6.5249216688e-01
4	78	1	6.5115805156e-01
4	79	1	6.5132235303e-01
4	80	1	6.5213136674e-01
4	81	1	6.5182397218e-01
4	82	1	6.5149459336e-01
4	83	1	6.5168053620e-01
4	84	1	6.5181789672e-01
4	85	1	6.5099721239e-01
4	86	1	6.5187542792e-01
4	87	1	6.5213376380e-01
4	88	1	6.5194023092e-01
4	89	1	6.5204016774e-01
4	90	1	6.5175301088e-01
4	91	1	6.5237064541e-01
4	92	1	6.5167624271e-01
4	93	1	6.5179655117e-01
4	94	1	6.5162687299e-01
4	95	1	6.5214403692e-01
4	96	1	6.5192961685e-01
4	97	1	6.5163840430e-01
4	98	1	6.5169123367e-01
4	99	1	6.5172465199e-01
4	100	1	6.5172569643e-01
4	101	1	6.5198761379e-01
4	102	1	6.5147039617e-01
4	103	1	6.5150217568e-01
4	104	1	6.5232447257e-01
4	105	1	6.5216142618e-01
4	106	1	6.5139209468e-01
4	107	1	6.5164640128e-01
4	108	1	6.5216753116e-01
4	109	1	6.5119808439e-01
4	110	1	6.5236535310e-01
4	111	1	6.5178502890e-01
4	112	1	6.5169556964e-01
4	113	1	6.5276572903e-01
4	114	1	6.5192584615e-01
4	115	1	6.5225567571e-01
4	116	1	6.5069650889e-01
4	117	1	6.5153037317e-01
4	118	1	6.5193100556e-01
4	119	1	6.5184743575e-01
4	120	1	6.5063862975e-01
4	121	1	6.5152671864e-01
4	122	1	6.5201876742e-01
4	123	1	6.5224125093e-01
4	124	1	6.5243435411e-01
4	125	1	6.5146790026e-01
4	126	1	6.5186118853e-01
4	127	1	6.5148971218e-01
4	128	1	6.5139809425e-01
4	129	1	6.5205206769e-01
4	130	1	6.5134093684e-01
4	131	1	6.5186291788e-01
4	132	1	6.5184855776e-01
4	133	1	6.5181506594e-01
4	134	1	6.5109274710e-01
4	135	1	6.5232070616e-01
4	136	1	6.5188326368e-01
4	137	1	6.5090342384e-01
4	138	1	6.5233505632e-01
4	139	1	6.5163291012e-01
4	140	1	6.5160297781e-01
4	141	1	6.5163142237e-01
4	142	1	6.5215251859e-01
4	143	1	6.5145888284e-01
4	144	1	6.5106025437e-01
4	145	1	6.5187564624e-01
4	146	1	6.5293266476e-01
4	147	1	6.5189428567e-01
4	148	1	6.5192281200e-01
4	149	1	6.5133834112e-01
4	150	1	6.5213520775e-01
4	151	1	6.5108506052e-01
4	152	1	6.5170475225e-01
4	153	1	6.5211748872e-01
4	154	1	6.5230699721e-01
4	155	1	6.5200466651e-01
4	156	1	6.5088870460e-01
4	157	1	6.5123512836e-01
4	158	1	6.5142511706e-01
4	159	1	6.5182600323e-01
4	160	1	6.5235020436e-01
4	161	1	6.5159371898e-01
4	162	1	6.5152959588e-01
4	163	1	6.5145554199e-01
4	164	1	6.5188320680e-01
4	165	1	6.5149441260e-01
4	166	1	6.5126313328e-01
4	167	1	6.5177902000e-01
4	168	1	6.5159099453e-01
4	169	1	6.5136334955e-01
4	170	1	6.5126342152e-01
4	171	1	6.5124131268e-01
4	172	1	6.5233489723e-01
4	173	1	6.5221828991e-01
4	174	1	6.5256759091e-01
4	175	1	6.5196063853e-01
4	176	1	6.5125896068e-01
4	177	1	6.5188817899e-01
4	178	1	6.5103255666e-01
4	179	1	6.5235300666e-01
4	180	1	6.5193178623e-01
4	181	1	6.5216363409e-01
4	182	1	6.5211864427e-01
4	183	1	6.5153849546e-01
4	184	1	6.5211502508e-01
4	185	1	6.5197849776e-01
4	186	1	6.5132104774e-01
4	187	1	6.5192365049e-01
4	188	1	6.5239115280e-01
4	189	1	6.5139389929e-01
4	190	1	6.5192030090e-01
4	191	1	6.5196886383e-01
4	192	1	6.5151748095e-01
4	193	1	6.5118744908e-01
4	194	1	6.5187465703e-01
4	195	1	6.5142259402e-01
4	196	1	6.5238153222e-01
4	197	1	6.5134504358e-01
4	198	1	6.5122838747e-01
4	199	1	6.5176256923e-01
5	0	1	5.5925145091e-01
5	1	1	5.6070609487e-01
5	2	1	5.5907128743e-01
5	3	1	5.6023746525e-01
5	4	1	5.6022807691e-01
5	5	1	5.5994633202e-01
5	6	1	5.6065567236e-01
5	7	1	5.6044265861e-01
5	8	1	5.6086233645e-01
5	9	1	5.6132209944e-01
5	10	1	5.6096078805e-01
5	11	1	5.6034888662e-01
5	12	1	5.5973008825e-01
5	13	1	5.5992435021e-01
5	14	1	5.5977573295e-01
5	15	1	5.6021968254e-01
5	16	1	5.6014156316e-01
5	17	1	5.6111139323e-01
5	18	1	5.6026945410e-01
5	19	1	5.6030941320e-01
5	20	1	5.5990548568e-01
5	21	1	5.5995231896e-01
5	22	1	5.6010218851e-01
5	23	1	5.6012700334e-01
5	24	1	5.6062028961e-01
5	25	1	5.6004324761e-01
5	26	1	5.5969584220e-01
5	27	1	5.5969317179e-01
5	28	1	5.6021167872e-01
5	29	1	5.6002045957e-01
5	30	1	5.6015988611e-01
5	31	1	5.6005296683e-01
5	32	1	5.6076847784e-01
5	33	1	5.6082502209e-01
5	34	1	5.6060528756e-01
5	35	1	5.6150706310e-01
5	36	1	5.6005292612e-01
5	37	1	5.5959817199e-01
5	38	1	5.6102392323e-01
5	39	1	5.5966163115e-01
5	40	1	5.6078484898e-01
5	41	1	5.6087065521e-01
5	42	1	5.5995842829e-01
5	43	1	5.6090200203e-01
5	44	1	5.6031917276e-01
5	45	1	5.6084430823e-01
5	46	1	5.6079654068e-01
5	47	1	5.5996874869e-01
5	48	1	5.5999709854e-01
5	49	1	5.6010358704e-01
5	50	1	5.6024531412e-01
5	51	1	5.5961307712e-01
5	52	1	5.5909576494e-01
5	53	1	5.6073876590e-01
5	54	1	5.6042842271e-01
5	55	1	5.6044288491e-01
5	56	1	5.5950510191e-01
5	57	1	5.6067954348e-01
5	58	1	5.6046950650e-01
5	59	1	5.5996544482e-01
5	60	1	5.6003456133e-01
5	61	1	5.6013471916e-01
5	62	1	5.6066713274e-01
5	63	1	5.5959233036e-01
5	64	1	5.5991963295e-01
5	65	1	5.6189842002e-01
5	66	1	5.5992393539e-01
5	67	1	5.6020051666e-01
5	68	1	5.6040824383e-01
5	69	1	5.6040712190e-01
5	70	1	5.5981353336e-01
5	71	1	5.6028526821e-01
5	72	1	5.5999700704e-01
5	73	1	5.6059692247e-01
5	74	1	5.5986873373e-01
5	75	1	5.6037448982e-01
5	76	1	5.6055413572e-01
5	77	1	5.6121019790e-01
5	78	1	5.5961786352e-01
5	79	1	5.5974202797e-01
5	80	1	5.6077144814e-01
5	81	1	5.6043947731e-01
5	82	1	5.5993639778e-01
5	83	1	5.6018432465e-01
5	84	1	5.6048822755e-01
5	85	1	5.5926600179e-01
5	86	1	5.6037506555e-01
5	87	1	5.6074726311e-01
5	88	1	5.6051609493e-01
5	89	1	5.6061883706e-01
5	90	1	5.6026995572e-01
5	91	1	5.6112337960e-01
5	92	1	5.6022201639e-01
5	93	1	5.6035995539e-01
5	94	1	5.6016969327e-01
5	95	1	5.6078864451e-01
5	96	1	5.6055878683e-01
5	97	1	5.6018993825e-01
5	98	1	5.6024486537e-01
5	99	1	5.6023648673e-01
5	100	1	5.6025808392e-01
5	101	1	5.6059637510e-01
5	102	1	5.5994656052e-01
5	103	1	5.5997835170e-01
5	104	1	5.6106596903e-01
5	105	1	5.6086999080e-01
5	106	1	5.5977600079e-01
5	107	1	5.6013421753e-01
5	108	1	5.6085885117e-01
5	109	1	5.5960394598e-01
5	110	1	5.6103498022e-01
5	111	1	5.6038006389e-01
5	112	1	5.6029910768e-01
5	113	1	5.6154902196e-01
5	114	1	5.6047153610e-01
5	115	1	5.6099400768e-01
5	116	1	5.5888761517e-01
5	117	1	5.6006139157e-01
5	118	1	5.6055429737e-01
5	119	1	5.6044515107e-01
5	120	1	5.5888783588e-01
5	121	1	5.5996278947e-01
5	122	1	5.6057976831e-01
5	123	1	5.6077951013e-01
5	124	1	5.6123003454e-01
5	125	1	5.5995277727e-01
5	126	1	5.6042510517e-01
5	127	1	5.5990462118e-01
5	128	1	5.5986790180e-01
5	129	1	5.6068792780e-01
5	130	1	5.5982266904e-01
5	131	1	5.6045622920e-01
5	132	1	5.6041048624e-01
5	133	1	5.6034418114e-01
5	134	1	5.5948508460e-01
5	135	1	5.6111810777e-01
5	136	1	5.6051522995e-01
5	137	1	5.5926162217e-01
5	138	1	5.6099115966e-01
5	139	1	5.6020470706e-01
5	140	1	5.6014598989e-01
5	141	1	5.6020718378e-01
5	142	1	5.6078703117e-01
5	143	1	5.5993705925e-01
5	144	1	5.5941773929e-01
5	145	1	5.6052650022e-01
5	146	1	5.6181832527e-01
5	147	1	5.6047183691e-01
5	148	1	5.6054606339e-01
5	149	1	5.5980587656e-01
5	150	1	5.6076740892e-01
5	151	1	5.5942722960e-01
5	152	1	5.6019240395e-01
5	153	1	5.6078662219e-01
5	154	1	5.6102831421e-01
5	155	1	5.6057994747e-01
5	156	1	5.5918825988e-01
5	157	1	5.5964117162e-01
5	158	1	5.5995740315e-01
5	159	1	5.6044473494e-01
5	160	1	5.6115774536e-01
5	161	1	5.6008291682e-01
5	162	1	5.6007875867e-01
5	163	1	5.5996139344e-01
5	164	1	5.6043240878e-01
5	165	1	5.5993258690e-01
5	166	1	5.5971027260e-01
5	167	1	5.6031353960e-01
5	168	1	5.6008654436e-01
5	169	1	5.5987342139e-01
5	170	1	5.5959346389e-01
5	171	1	5.5967606263e-01
5	172	1	5.6098220873e-01
5	173	1	5.6087560507e-01
5	174	1	5.6142749139e-01
5	175	1	5.6056195991e-01
5	176	1	5.5968282187e-01
5	177	1	5.6043805126e-01
5	178	1	5.5945644871e-01
5	179	1	5.6109190768e-01
5	180	1	5.6052452214e-01
5	181	1	5.6084741442e-01
5	182	1	5.6074079272e-01
5	183	1	5.6001600174e-01
5	184	1	5.6075877899e-01
5	185	1	5.6062514535e-01
5	186	1	5.5974651468e-01
5	187	1	5.6056055677e-01
5	188	1	5.6108498590e-01
5	189	1	5.5985193345e-01
5	190	1	5.6049819165e-01
5	191	1	5.6050720840e-01
5	192	1	5.6013078315e-01
5	193	1	5.5965715337e-01
5	194	1	5.6047311883e-01
5	195	1	5.5986157815e-01
5	196	1	5.6116621133e-01
5	197	1	5.5981291301e-01
5	198	1	5.5959030111e-01
5	199	1	5.6025168629e-01
6	0	1	4.7542172586e-01
6	1	1	4.7716084866e-01
6	2	1	4.7533766065e-01
6	3	1	4.7660261247e-01
6	4	1	4.7665158792e-01
6	5	1	4.7627730581e-01
6	6	1	4.7703680094e-01
6	7	1	4.7680923320e-01
6	8	1	4.7733423882e-01
6	9	1	4.7779820984e-01
6	10	1	4.7744918961e-01
6	11	1	4.7668714598e-01
6	12	1	4.7606380493e-01
6	13	1	4.7626652707e-01
6	14	1	4.7615703195e-01
6	15	1	4.7665437168e-01
6	16	1	4.7644077142e-01
6	17	1	4.7763985672e-01
6	18	1	4.7658500760e-01
6	19	1	4.7662489670e-01
6	20	1	4.7620877880e-01
6	21	1	4.7630269167e-01
6	22	1	4.7641295586e-01
6	23	1	4.7643241003e-01
6	24	1	4.7708357784e-01
6	25	1	4.7636469670e-01
6	26	1	4.7602602240e-01
6	27	1	4.7599784821e-01
6	28	1	4.7650336545e-01
6	29	1	4.7644178915e-01
6	30	1	4.7659590793e-01
6	31	1	4.7631726360e-01
6	32	1	4.7718989768e-01
6	33	1	4.7735332173e-01
6	34	1	4.7710398771e-01
6	35	1	4.7813259041e-01
6	36	1	4.7636351318e-01
6	37	1	4.7592966942e-01
6	38	1	4.7745384407e-01
6	39	1	4.7590919404e-01
6	40	1	4.7718586575e-01
6	41	1	4.7743086728e-01
6	42	1	4.7624135302e-01
6	43	1	4.7738603596e-01
6	44	1	4.7664052583e-01
6	45	1	4.7726766609e-01
6	46	1	4.7726437398e-01
6	47	1	4.7620904710e-01
6	48	1	4.7630020238e-01
6	49	1	4.7656836822e-01
6	50	1	4.7649365077e-01
6	51	1	4.7590301631e-01
6	52	1	4.7525934822e-01
6	53	1	4.7716189894e-01
6	54	1	4.7679056834e-01
6	55	1	4.7684482699e-01
6	56	1	4.7572576691e-01
6	57	1	4.7701724563e-01
6	58	1	4.7682096527e-01
6	59	1	4.7620174022e-01
6	60	1	4.7637903824e-01
6	61	1	4.7660914998e-01
6	62	1	4.7723084655e-01
6	63	1	4.7590768579e-01
6	64	1	4.7622540960e-01
6	65	1	4.7848195150e-01
6	66	1	4.7614246345e-01
6	67	1	4.7662674398e-01
6	68	1	4.7679141052e-01
6	69	1	4.7674467459e-01
6	70	1	4.7600571692e-01
6	71	1	4.7653161926e-01
6	72	1	4.7638826523e-01
6	73	1	4.7694167248e-01
6	74	1	4.7607241637e-01
6	75	1	4.7679717814e-01
6	76	1	4.7701893738e-01
6	77	1	4.7768605748e-01
6	78	1	4.7591582165e-01
6	79	1	4.7601068840e-01
6	80	1	4.7717221098e-01
6	81	1	4.7688572028e-01
6	82	1	4.7618183286e-01
6	83	1	4.7652264051e-01
6	84	1	4.7695254465e-01
6	85	1	4.7542935762e-01
6	86	1	4.7666267819e-01
6	87	1	4.7711852821e-01
6	88	1	4.7686443238e-01
6	89	1	4.7698547637e-01
6	90	1	4.7660805347e-01
6	91	1	4.7762538494e-01
6	92	1	4.7655943250e-01
6	93	1	4.7678032976e-01
6	94	1	4.7657425011e-01
6	95	1	4.7722479899e-01
6	96	1	4.7697473628e-01
6	97	1	4.7656622014e-01
6	98	1	4.7661057397e-01
6	99	1	4.7658987582e-01
6	100	1	4.7659628954e-01
6	101	1	4.7699291374e-01
6	102	1	4.7627429742e-01
6	103	1	4.7626804630e-01
6	104	1	4.7755619050e-01
6	105	1	4.7738274225e-01
6	106	1	4.7597796587e-01
6	107	1	4.7643454731e-01
6	108	1	4.7729902035e-01
6	109	1	4.7587179621e-01
6	110	1	4.7745814690e-01
6	111	1	4.7674175673e-01
6	112	1	4.7676118051e-01
6	113	1	4.7808014250e-01
6	114	1	4.7679002413e-01
6	115	1	4.7752111595e-01
6	116	1	4.7493643941e-01
6	117	1	4.7645327404e-01
6	118	1	4.7697166975e-01
6	119	1	4.7683710491e-01
6	120	1	4.7500150779e-01
6	121	1	4.7620359416e-01
6	122	1	4.7701216501e-01
6	123	1	4.7710706290e-01
6	124	1	4.7780662291e-01
6	125	1	4.7627216111e-01
6	126	1	4.7680032923e-01
6	127	1	4.7613611258e-01
6	128	1	4.7618143859e-01
6	129	1	4.7714782913e-01
6	130	1	4.7618289922e-01
6	131	1	4.7687835858e-01
6	132	1	4.7683137329e-01
6	133	1	4.7666972765e-01
6	134	1	4.7578053795e-01
6	135	1	4.7775273630e-01
6	136	1	4.7698604495e-01
6	137	1	4.7550383153e-01
6	138	1	4.7743567075e-01
6	139	1	4.7657348789e-01
6	140	1	4.7654077275e-01
6	141	1	4.7662464693e-01
6	142	1	4.7723033974e-01
6	143	1	4.7624507019e-01
6	144	1	4.7559147714e-01
6	145	1	4.7698783627e-01
6	146	1	4.7843176334e-01
6	147	1	4.7685895549e-01
6	148	1	4.7695586564e-01
6	149	1	4.7608553324e-01
6	150	1	4.7716047608e-01
6	151	1	4.7565006826e-01
6	152	1	4.7650754890e-01
6	153	1	4.7724871635e-01
6	154	1	4.7749757159e-01
6	155	1	4.7695929383e-01
6	156	1	4.7536744353e-01
6	157	1	4.7586886731e-01
6	158	1	4.7630972667e-01
6	159	1	4.7685036951e-01
6	160	1	4.7772149654e-01
6	161	1	4.7637372796e-01
6	162	1	4.7648868088e-01
6	163	1	4.7629942206e-01
6	164	1	4.7676939760e-01
6	165	1	4.7618398138e-01
6	166	1	4.7602902759e-01
6	167	1	4.7668938619e-01
6	168	1	4.7640482583e-01
6	169	1	4.7623088611e-01
6	170	1	4.7572039891e-01
6	171	1	4.7595698754e-01
6	172	1	4.7736807887e-01
6	173	1	4.7731598718e-01
6	174	1	4.7808367437e-01
6	175	1	4.7693999766e-01
6	176	1	4.7593892603e-01
6	177	1	4.7672389067e-01
6	178	1	4.7577571028e-01
6	179	1	4.7765245217e-01
6	180	1	4.7695850662e-01
6	181	1	4.7733682146e-01
6	182	1	4.7712688334e-01
6	183	1	4.7631248175e-01
6	184	1	4.7719086734e-01
6	185	1	4.7708603398e-01
6	186	1	4.7607299530e-01
6	187	1	4.7699971494e-01
6	188	1	4.7752720305e-01
6	189	1	4.7611029225e-01
6	190	1	4.7686325186e-01
6	191	1	4.7683556895e-01
6	192	1	4.7658497562e-01
6	193	1	4.7599764111e-01
6	194	1	4.7684951432e-01
6	195	1	4.7616715133e-01
6	196	1	4.7772059478e-01
6	197	1	4.7610811662e-01
6	198	1	4.7576454156e-01
6	199	1	4.7653773217e-01
7	0	1	4.0044942890e-01
7	1	1	4.0238267748e-01
7	2	1	4.0050576722e-01
7	3	1	4.0178278373e-01
7	4	1	4.0186165794e-01
7	5	1	4.0139814891e-01
7	6	1	4.0218174506e-01
7	7	1	4.0196452619e-01
7	8	1	4.0258330269e-01
7	9	1	4.0298925369e-01
7	10	1	4.0264749144e-01
7	11	1	4.0179752530e-01
7	12	1	4.0123817916e-01
7	13	1	4.0142742003e-01
7	14	1	4.0142594012e-01
7	15	1	4.0192097107e-01
7	16	1	4.0155058311e-01
7	17	1	4.0291431874e-01
7	18	1	4.0168474504e-01
7	19	1	4.0170168570e-01
7	20	1	4.0131808444e-01
7	21	1	4.0143520534e-01
7	22	1	4.0151854851e-01
7	23	1	4.0152630566e-01
7	24	1	4.0236347928e-01
7	25	1	4.0146163097e-01
7	26	1	4.0116710392e-01
7	27	1	4.0110295680e-01
7	28	1	4.0160381976e-01
7	29	1	4.0167341370e-01
7	30	1	4.0187419362e-01
7	31	1	4.0136287945e-01
7	32	1	4.0238945762e-01
7	33	1	4.0265352342e-01
7	34	1	4.0242544394e-01
7	35	1	4.0352914458e-01
7	36	1	4.0146870529e-01
7	37	1	4.0109974812e-01
7	38	1	4.0260268495e-01
7	39	1	4.0100915089e-01
7	40	1	4.0234313215e-01
7	41	1	4.0274141814e-01
7	42	1	4.0133518610e-01
7	43	1	4.0261367596e-01
7	44	1	4.0174521700e-01
7	45	1	4.0243798345e-01
7	46	1	4.0251403474e-01
7	47	1	4.0128291881e-01
7	48	1	4.0137694312e-01
7	49	1	4.0185540543e-01
7	50	1	4.0151105328e-01
7	51	1	4.0108864300e-01
7	52	1	4.0026660073e-01
7	53	1	4.0234861710e-01
7	54	1	4.0195894478e-01
7	55	1	4.0201396791e-01
7	56	1	4.0074528928e-01
7	57	1	4.0209675535e-01
7	58	1	4.0198708837e-01
7	59	1	4.0126150638e-01
7	60	1	4.0153314102e-01
7	61	1	4.0190260853e-01
7	62	1	4.0260020374e-01
7	63	1	4.0109815232e-01
7	64	1	4.0133051167e-01
7	65	1	4.0374786396e-01
7	66	1	4.0118284504e-01
7	67	1	4.0189003656e-01
7	68	1	4.0198919754e-01
7	69	1	4.0186029026e-01
7	70	1	4.0102249317e-01
7	71	1	4.0150767344e-01
7	72	1	4.0160529267e-01
7	73	1	4.0204659121e-01
7	74	1	4.0106509944e-01
7	75	1	4.0202670548e-01
7	76	1	4.0226914583e-01
7	77	1	4.0292178236e-01
7	78	1	4.0102821231e-01
7	79	1	4.0109989478e-01
7	80	1	4.0232011387e-01
7	81	1	4.0213653394e-01
7	82	1	4.0120336965e-01
7	83	1	4.0167883861e-01
7	84	1	4.0215233520e-01
7	85	1	4.0048406806e-01
7	86	1	4.0173492043e-01
7	87	1	4.0224782175e-01
7	88	1	4.0197145623e-01
7	89	1	4.0211069623e-01
7	90	1	4.0172698128e-01
7	91	1	4.0284080501e-01
7	92	1	4.0165807303e-01
7	93	1	4.0203579898e-01
7	94	1	4.0181340817e-01
7	95	1	4.0243574219e-01
7	96	1	4.0213174837e-01
7	97	1	4.0175291050e-01
7	98	1	4.0176196052e-01
7	99	1	4.0173883433e-01
7	100	1	4.0175019175e-01
7	101	1	4.0216077568e-01
7	102	1	4.0141681679e-01
7	103	1	4.0133961268e-01
7	104	1	4.0278911053e-01
7	105	1	4.0266260661e-01
7	106	1	4.0100835791e-01
7	107	1	4.0153541476e-01
7	108	1	4.0245911130e-01
7	109	1	4.0099289938e-01
7	110	1	4.0263291267e-01
7	111	1	4.0187216439e-01
7	112	1	4.0200969755e-01
7	113	1	4.0336415723e-01
7	114	1	4.0187921067e-01
7	115	1	4.0280103815e-01
7	116	1	3.9984456856e-01
7	117	1	4.0167861294e-01
7	118	1	4.0216131374e-01
7	119	1	4.0201918449e-01
7	120	1	3.9997566820e-01
7	121	1	4.0130348697e-01
7	122	1	4.0230042246e-01
7	123	1	4.0222187332e-01
7	124	1	4.0311510959e-01
7	125	1	4.0138432306e-01
7	126	1	4.0196789543e-01
7	127	1	4.0118802895e-01
7	128	1	4.0130214107e-01
7	129	1	4.0239257112e-01
7	130	1	4.0139098795e-01
7	131	1	4.0210973220e-01
7	132	1	4.0210702530e-01
7	133	1	4.0178925503e-01
7	134	1	4.0091968828e-01
7	135	1	4.0317248880e-01
7	136	1	4.0223211420e-01
7	137	1	4.0057227327e-01
7	138	1	4.0264636766e-01
7	139	1	4.0173396289e-01
7	140	1	4.0173678001e-01
7	141	1	4.0183175707e-01
7	142	1	4.0245902027e-01
7	143	1	4.0135370429e-01
7	144	1	4.0056403689e-01
7	145	1	4.0219755204e-01
7	146	1	4.0373081743e-01
7	147	1	4.0201258332e-01
7	148	1	4.0211796222e-01
7	149	1	4.0116334108e-01
7	150	1	4.0228867217e-01
7	151	1	4.0072651063e-01
7	152	1	4.0163181325e-01
7	153	1	4.0248728350e-01
7	154	1	4.0273089966e-01
7	155	1	4.0214437081e-01
7	156	1	4.0043089587e-01
7	157	1	4.0091431522e-01
7	158	1	4.0143004228e-01
7	159	1	4.0202179167e-01
7	160	1	4.0302155078e-01
7	161	1	4.0145965646e-01
7	162	1	4.0172908133e-01
7	163	1	4.0144531205e-01
7	164	1	4.0188927633e-01
7	165	1	4.0125156611e-01
7	166	1	4.0117415470e-01
7	167	1	4.0189494918e-01
7	168	1	4.0155776021e-01
7	169	1	4.0139443496e-01
7	170	1	4.0067068063e-01
7	171	1	4.0105697457e-01
7	172	1	4.0250812411e-01
7	173	1	4.0251105910e-01
7	174	1	4.0349482511e-01
7	175	1	4.0205344521e-01
7	176	1	4.0100839637e-01
7	177	1	4.0172732476e-01
7	178	1	4.0094955448e-01
7	179	1	4.0300341388e-01
7	180	1	4.0218423154e-01
7	181	1	4.0259115978e-01
7	182	1	4.0224624666e-01
7	183	1	4.0139842514e-01
7	184	1	4.0239692055e-01
7	185	1	4.0233692742e-01
7	186	1	4.0130085656e-01
7	187	1	4.0219329579e-01
7	188	1	4.0269501284e-01
7	189	1	4.0119127670e-01
7	190	1	4.0197640461e-01
7	191	1	4.0194524761e-01
7	192	1	4.0184037830e-01
7	193	1	4.0118947909e-01
7	194	1	4.0198205193e-01
7	195	1	4.0131898523e-01
7	196	1	4.0301118932e-01
7	197	1	4.0122627620e-01
7	198	1	4.0074912136e-01
7	199	1	4.0160685953e-01
8	0	1	3.3456695759e-01
8	1	1	3.3658534986e-01
8	2	1	3.3479326418e-01
8	3	1	3.3603000847e-01
8	4	1	3.3607945947e-01
8	5	1	3.3553063890e-01
8	6	1	3.3633270269e-01
8	7	1	3.3613723532e-01
8	8	1	3.3685407118e-01
8	9	1	3.3712223110e-01
8	10	1	3.3678999734e-01
8	11	1	3.3590549400e-01
8	12	1	3.3549627891e-01
8	13	1	3.3561467233e-01
8	14	1	3.3578962806e-01
8	15	1	3.3621977746e-01
8	16	1	3.3571785398e-01
8	17	1	3.3716419863e-01
8	18	1	3.3583781021e-01
8	19	1	3.3578549908e-01
8	20	1	3.3547615468e-01
8	21	1	3.3554958645e-01
8	22	1	3.3565412406e-01
8	23	1	3.3566077576e-01
8	24	1	3.3669179391e-01
8	25	1	3.3556550486e-01
8	26	1	3.3535617187e-01
8	27	1	3.3523096755e-01
8	28	1	3.3575683396e-01
8	29	1	3.3594115448e-01
8	30	1	3.3620020544e-01
8	31	1	3.3543064769e-01
8	32	1	3.3657268465e-01
8	33	1	3.3694085548e-01
8	34	1	3.3677225769e-01
8	35	1	3.3787773602e-01
8	36	1	3.3560403305e-01
8	37	1	3.3530359695e-01
8	38	1	3.3669665181e-01
8	39	1	3.3515513354e-01
8	40	1	3.3648633822e-01
8	41	1	3.3699973642e-01
8	42	1	3.3550505005e-01
8	43	1	3.3682082020e-01
8	44	1	3.3586154668e-01
8	45	1	3.3660021124e-01
8	46	1	3.3678218278e-01
8	47	1	3.3541895503e-01
8	48	1	3.3548916740e-01
8	49	1	3.3615492393e-01
8	50	1	3.3557764183e-01
8	51	1	3.3537483862e-01
8	52	1	3.3435302286e-01
8	53	1	3.3651467402e-01
8	54	1	3.3616424400e-01
8	55	1	3.3617059374e-01
8	56	1	3.3476810088e-01
8	57	1	3.3617222134e-01
8	58	1	3.3621888821e-01
8	59	1	3.3539319316e-01
8	60	1	3.3572171168e-01
8	61	1	3.3620944881e-01
8	62	1	3.3697701770e-01
8	63	1	3.3536827219e-01
8	64	1	3.3546281119e-01
8	65	1	3.3795443816e-01
8	66	1	3.3530819540e-01
8	67	1	3.3619735114e-01
8	68	1	3.3623061770e-01
8	69	1	3.3597089782e-01
8	70	1	3.3513029676e-01
8	71	1	3.3546782400e-01
8	72	1	3.3586255244e-01
8	73	1	3.3619016927e-01
8	74	1	3.3509235137e-01
8	75	1	3.3629043412e-01
8	76	1	3.3653254569e-01
8	77	1	3.3713997810e-01
8	78	1	3.3517156584e-01
8	79	1	3.3524586849e-01
8	80	1	3.3650102970e-01
8	81	1	3.3638885686e-01
8	82	1	3.3525378006e-01
8	83	1	3.3586290777e-01
8	84	1	3.3631148254e-01
8	85	1	3.3466646776e-01
8	86	1	3.3584775616e-01
8	87	1	3.3638491394e-01
8	88	1	3.3606513919e-01
8	89	1	3.3624175349e-01
8	90	1	3.3586103581e-01
8	91	1	3.3699188235e-01
8	92	1	3.3575775212e-01
8	93	1	3.3634640894e-01
8	94	1	3.3609385612e-01
8	95	1	3.3665341874e-01
8	96	1	3.3624506723e-01
8	97	1	3.3598380208e-01
8	98	1	3.3591345763e-01
8	99	1	3.3590518211e-01
8	100	1	3.3598409950e-01
8	101	1	3.3632572301e-01
8	102	1	3.3560597472e-01
8	103	1	3.3542770678e-01
8	104	1	3.3699862474e-01
8	105	1	3.3691217530e-01
8	106	1	3.3511441495e-01
8	107	1	3.3567700467e-01
8	108	1	3.3659027444e-01
8	109	1	3.3518580335e-01
8	110	1	3.3680870086e-01
8	111	1	3.3602741158e-01
8	112	1	3.3621964313e-01
8	113	1	3.3764300918e-01
8	114	1	3.3600768375e-01
8	115	1	3.3705820384e-01
8	116	1	3.3385798813e-01
8	117	1	3.3595005601e-01
8	118	1	3.3637284617e-01
8	119	1	3.3620005632e-01
8	120	1	3.3404417902e-01
8	121	1	3.3555920217e-01
8	122	1	3.3662349559e-01
8	123	1	3.3635095185e-01
8	124	1	3.3738050347e-01
8	125	1	3.3550058312e-01
8	126	1	3.3615793616e-01
8	127	1	3.3530890009e-01
8	128	1	3.3547158557e-01
8	129	1	3.3662076096e-01
8	130	1	3.3565969175e-01
8	131	1	3.3637464999e-01
8	132	1	3.3644956147e-01
8	133	1	3.3594432024e-01
8	134	1	3.3509796105e-01
8	135	1	3.3756390308e-01
8	136	1	3.3644689668e-01
8	137	1	3.3470039985e-01
8	138	1	3.3684942212e-01
8	139	1	3.3593624243e-01
8	140	1	3.3596108259e-01
8	141	1	3.3602731913e-01
8	142	1	3.3669792058e-01
8	143	1	3.3548294169e-01
8	144	1	3.3456563830e-01
8	145	1	3.3636706981e-01
8	146	1	3.3795344828e-01
8	147	1	3.3614398415e-01
8	148	1	3.3626906740e-01
8	149	1	3.3527495779e-01
8	150	1	3.3639113086e-01
8	151	1	3.3488151587e-01
8	152	1	3.3578674599e-01
8	153	1	3.3672806628e-01
8	154	1	3.3699466629e-01
8	155	1	3.3635625693e-01
8	156	1	3.3459552251e-01
8	157	1	3.3500101305e-01
8	158	1	3.3556438253e-01
8	159	1	3.3618666623e-01
8	160	1	3.3726826998e-01
8	161	1	3.3557856512e-01
8	162	1	3.3600485946e-01
8	163	1	3.3562937874e-01
8	164	1	3.3602779416e-01
8	165	1	3.3539175417e-01
8	166	1	3.3537159295e-01
8	167	1	3.3614048586e-01
8	168	1	3.3579206340e-01
8	169	1	3.3556504879e-01
8	170	1	3.3471198442e-01
8	171	1	3.3519651075e-01
8	172	1	3.3667356742e-01
8	173	1	3.3669273990e-01
8	174	1	3.3787423238e-01
8	175	1	3.3613573648e-01
8	176	1	3.3512403454e-01
8	177	1	3.3571430119e-01
8	178	1	3.3516489493e-01
8	179	1	3.3734674394e-01
8	180	1	3.3641392467e-01
8	181	1	3.3683561697e-01
8	182	1	3.3634435413e-01
8	183	1	3.3551855211e-01
8	184	1	3.3659622655e-01
8	185	1	3.3659505765e-01
8	186	1	3.3563853649e-01
8	187	1	3.3634121517e-01
8	188	1	3.3683824405e-01
8	189	1	3.3536992881e-01
8	190	1	3.3608114408e-01
8	191	1	3.3607024909e-01
8	192	1	3.3610928011e-01
8	193	1	3.3546379321e-01
8	194	1	3.3613267314e-01
8	195	1	3.3554470715e-01
8	196	1	3.3726051774e-01
8	197	1	3.3540305464e-01
8	198	1	3.3478942064e-01
8	199	1	3.3569968638e-01
9	0	1	2.7747160286e-01
9	1	1	2.7946101988e-01
9	2	1	2.7789069880e-01
9	3	1	2.7905010594e-01
9	4	1	2.7901349857e-01
9	5	1	2.7838263669e-01
9	6	1	2.7919384216e-01
9	7	1	2.7903070240e-01
9	8	1	2.7983976549e-01
9	9	1	2.7991320675e-01
9	10	1	2.7958960924e-01
9	11	1	2.7872086863e-01
9	12	1	2.7853144383e-01
9	13	1	2.7852652925e-01
9	14	1	2.7891915053e-01
9	15	1	2.7922946935e-01
9	16	1	2.7862668789e-01
9	17	1	2.8007801349e-01
9	18	1	2.7874547976e-01
9	19	1	2.7859418784e-01
9	20	1	2.7838548511e-01
9	21	1	2.7835394620e-01
9	22	1	2.7852290013e-01
9	23	1	2.7853092140e-01
9	24	1	2.7973960576e-01
9	25	1	2.7837404000e-01
9	26	1	2.7828714624e-01
9	27	1	2.7808339596e-01
9	28	1	2.7867267972e-01
9	29	1	2.7893081461e-01
9	30	1	2.7925253403e-01
9	31	1	2.7822165662e-01
9	32	1	2.7942305165e-01
9	33	1	2.7989218713e-01
9	34	1	2.7983097429e-01
9	35	1	2.8084926335e-01
9	36	1	2.7847715350e-01
9	37	1	2.7824550929e-01
9	38	1	2.7946088890e-01
9	39	1	2.7800972958e-01
9	40	1	2.7934138973e-01
9	41	1	2.7989570826e-01
9	42	1	2.7846082977e-01
9	43	1	2.7972518673e-01
9	44	1	2.7871504240e-01
9	45	1	2.7946596388e-01
9	46	1	2.7976975588e-01
9	47	1	2.7829702318e-01
9	48	1	2.7835548702e-01
9	49	1	2.7914885948e-01
9	50	1	2.7842136589e-01
9	51	1	2.7842365780e-01
9	52	1	2.7722497226e-01
9	53	1	2.7933161681e-01
9	54	1	2.7911910752e-01
9	55	1	2.7905419792e-01
9	56	1	2.7748619452e-01
9	57	1	2.7897805034e-01
9	58	1	2.7922277850e-01
9	59	1	2.7830066942e-01
9	60	1	2.7863369051e-01
9	61	1	2.7922337317e-01
9	62	1	2.8004951678e-01
9	63	1	2.7838272672e-01
9	64	1	2.7833332179e-01
9	65	1	2.8083291722e-01
9	66	1	2.7821949737e-01
9	67	1	2.7922884363e-01
9	68	1	2.7922515133e-01
9	69	1	2.7879490259e-01
9	70	1	2.7803480131e-01
9	71	1	2.7815894293e-01
9	72	1	2.7884400524e-01
9	73	1	2.7910220708e-01
9	74	1	2.7786253658e-01
9	75	1	2.7927458584e-01
9	76	1	2.7950844805e-01
9	77	1	2.8003077581e-01
9	78	1	2.7803830410e-01
9	79	1	2.7815515034e-01
9	80	1	2.7943650868e-01
9	81	1	2.7931384691e-01
9	82	1	2.7803995493e-01
9	83	1	2.7875760056e-01
9	84	1	2.7913862779e-01
9	85	1	2.7764536300e-01
9	86	1	2.7871924941e-01
9	87	1	2.7924104951e-01
9	88	1	2.7885472353e-01
9	89	1	2.7909125714e-01
9	90	1	2.7873331848e-01
9	91	1	2.7979858825e-01
9	92	1	2.7858950124e-01
9	93	1	2.7938894995e-01
9	94	1	2.7909610361e-01
9	95	1	2.7959654624e-01
9	96	1	2.7903297764e-01
9	97	1	2.7894728336e-01
9	98	1	2.7876055554e-01
9	99	1	2.7878639557e-01
9	100	1	2.7902592556e-01
9	101	1	2.7916844534e-01
9	102	1	2.7855322512e-01
9	103	1	2.7825377551e-01
9	104	1	2.7987949894e-01
9	105	1	2.7981043683e-01
9	106	1	2.7798840826e-01
9	107	1	2.7855728518e-01
9	108	1	2.7940874252e-01
9	109	1	2.7813587545e-01
9	110	1	2.7968683856e-01
9	111	1	2.7890447911e-01
9	112	1	2.7908490469e-01
9	113	1	2.8060362670e-01
9	114	1	2.7889404017e-01
9	115	1	2.7999658776e-01
9	116	1	2.7668077478e-01
9	117	1	2.7893441011e-01
9	118	1	2.7929680088e-01
9	119	1	2.7904833832e-01
9	120	1	2.7692166893e-01
9	121	1	2.7867248074e-01
9	122	1	2.7962715276e-01
9	123	1	2.7918017385e-01
9	124	1	2.8032648726e-01
9	125	1	2.7833266105e-01
9	126	1	2.7905825572e-01
9	127	1	2.7820602446e-01
9	128	1	2.7840723757e-01
9	129	1	2.7950717378e-01
9	130	1	2.7868005362e-01
9	131	1	2.7934303608e-01
9	132	1	2.7952846811e-01
9	133	1	2.7885112329e-01
9	134	1	2.7800813518e-01
9	135	1	2.8057889510e-01
9	136	1	2.7934029306e-01
9	137	1	2.7760216643e-01
9	138	1	2.7973594159e-01
9	139	1	2.7889641918e-01
9	140	1	2.7891992098e-01
9	141	1	2.7890748798e-01
9	142	1	2.7965078073e-01
9	143	1	2.7833272964e-01
9	144	1	2.7731291994e-01
9	145	1	2.7920686171e-01
9	146	1	2.8082772991e-01
9	147	1	2.7894365833e-01
9	148	1	2.7910883846e-01
9	149	1	2.7813832137e-01
9	150	1	2.7915693700e-01
9	151	1	2.7783805413e-01
9	152	1	2.7867432996e-01
9	153	1	2.7968033799e-01
9	154	1	2.7998098943e-01
9	155	1	2.7929522735e-01
9	156	1	2.7754567998e-01
9	157	1	2.7781639338e-01
9	158	1	2.7844031612e-01
9	159	1	2.7906967360e-01
9	160	1	2.8013683252e-01
9	161	1	2.7843966387e-01
9	162	1	2.7898500855e-01
9	163	1	2.7856776981e-01
9	164	1	2.7887493041e-01
9	165	1	2.7833262582e-01
9	166	1	2.7832474122e-01
9	167	1	2.7908253639e-01
9	168	1	2.7877780795e-01
9	169	1	2.7842307682e-01
9	170	1	2.7754585874e-01
9	171	1	2.7806731990e-01
9	172	1	2.7960819088e-01
9	173	1	2.7955164041e-01
9	174	1	2.8091932186e-01
9	175	1	2.7889240650e-01
9	176	1	2.7799097640e-01
9	177	1	2.7840617024e-01
9	178	1	2.7808511120e-01
9	179	1	2.8036660528e-01
9	180	1	2.7937664741e-01
9	181	1	2.7978242589e-01
9	182	1	2.7914326565e-01
9	183	1	2.7838095553e-01
9	184	1	2.7948961269e-01
9	185	1	2.7954589256e-01
9	186	1	2.7874155409e-01
9	187	1	2.7918238449e-01
9	188	1	2.7968378764e-01
9	189	1	2.7834244649e-01
9	190	1	2.7888159900e-01
9	191	1	2.7890188113e-01
9	192	1	2.7908811191e-01
9	193	1	2.7848040529e-01
9	194	1	2.7904061524e-01
9	195	1	2.7853608913e-01
9	196	1	2.8015643442e-01
9	197	1	2.7832728496e-01
9	198	1	2.7759369684e-01
9	199	1	2.7852831120e-01
10	0	1	2.2856918399e-01
10	1	1	2.3044034392e-01
10	2	1	2.2918334029e-01
10	3	1	2.3023311027e-01
10	4	1	2.3010326740e-01
10	5	1	2.2934829982e-01
10	6	1	2.3020872557e-01
10	7	1	2.3006895787e-01
10	8	1	2.3089458504e-01
10	9	1	2.3080169646e-01
10	10	1	2.3048311067e-01
10	11	1	2.2967234159e-01
10	12	1	2.2973873713e-01
10	13	1	2.2958113393e-01
10	14	1	2.3020949287e-01
10	15	1	2.3036010523e-01
10	16	1	2.2964357307e-01
10	17	1	2.3106339292e-01
10	18	1	2.2980140617e-01
10	19	1	2.2954407509e-01
10	20	1	2.2945217941e-01
10	21	1	2.2929049231e-01
10	22	1	2.2953865532e-01
10	23	1	2.2953759482e-01
10	24	1	2.3087386864e-01
10	25	1	2.2931024222e-01
10	26	1	2.2937924586e-01
10	27	1	2.2908366177e-01
10	28	1	2.2974763294e-01
10	29	1	2.3003115059e-01
10	30	1	2.3042811082e-01
10	31	1	2.2914902373e-01
10	32	1	2.3033542345e-01
10	33	1	2.3092591775e-01
10	34	1	2.3101344909e-01
10	35	1	2.3184615737e-01
10	36	1	2.2950809066e-01
10	37	1	2.2935845349e-01
10	38	1	2.3034159409e-01
10	39	1	2.2896260883e-01
10	40	1	2.3034038277e-01
10	41	1	2.3086173598e-01
10	42	1	2.2959978565e-01
10	43	1	2.3075437607e-01
10	44	1	2.2974362439e-01
10	45	1	2.3045349504e-01
10	46	1	2.3087377712e-01
10	47	1	2.2932775096e-01
10	48	1	2.2937310760e-01
10	49	1	2.3025021143e-01
10	50	1	2.2943908387e-01
10	51	1	2.2961733104e-01
10	52	1	2.2829723924e-01
10	53	1	2.3019632722e-01
10	54	1	2.3025520246e-01
10	55	1	2.3012191327e-01
10	56	1	2.2834377192e-01
10	57	1	2.2993075805e-01
10	58	1	2.3041511321e-01
10	59	1	2.2937946835e-01
10	60	1	2.2968341481e-01
10	61	1	2.3034716406e-01
10	62	1	2.3123222482e-01
10	63	1	2.2952953257e-01
10	64	1	2.2934670482e-01
10	65	1	2.3182170963e-01
10	66	1	2.2930242646e-01
10	67	1	2.3039633461e-01
10	68	1	2.3037705591e-01
10	69	1	2.2978227120e-01
10	70	1	2.2913409667e-01
10	71	1	2.2903437784e-01
10	72	1	2.2995361798e-01
10	73	1	2.3020586799e-01
10	74	1	2.2880549751e-01
10	75	1	2.3035856553e-01
10	76	1	2.3060565887e-01
10	77	1	2.3102169901e-01
10	78	1	2.2904651767e-01
10	79	1	2.2921340781e-01
10	80	1	2.3050739860e-01
10	81	1	2.3031314964e-01
10	82	1	2.2897833639e-01
10	83	1	2.2977857249e-01
10	84	1	2.3006076968e-01
10	85	1	2.2880153030e-01
10	86	1	2.2975704857e-01
10	87	1	2.3022576180e-01
10	88	1	2.2978195520e-01
10	89	1	2.3008121399e-01
10	90	1	2.2976932692e-01
10	91	1	2.3071024782e-01
10	92	1	2.2957492437e-01
10	93	1	2.3053905099e-01
10	94	1	2.3021853502e-01
10	95	1	2.3070233895e-01
10	96	1	2.2992601197e-01
10	97	1	2.3002498060e-01
10	98	1	2.2971240160e-01
10	99	1	2.2983176593e-01
10	100	1	2.3030285954e-01
10	101	1	2.3009294899e-01
10	102	1	2.2967336005e-01
10	103	1	2.2924852103e-01
10	104	1	2.3082773013e-01
10	105	1	2.3078272064e-01
10	106	1	2.2902400049e-01
10	107	1	2.2956850244e-01
10	108	1	2.3033570770e-01
10	109	1	2.2925237203e-01
10	110	1	2.3064627143e-01
10	111	1	2.2990490706e-01
10	112	1	2.3005888948e-01
10	113	1	2.3163932346e-01
10	114	1	2.2995641655e-01
10	115	1	2.3103894196e-01
10	116	1	2.2773115419e-01
10	117	1	2.3001968149e-01
10	118	1	2.3032464137e-01
10	119	1	2.2999569267e-01
10	120	1	2.2801572908e-01
10	121	1	2.2998664392e-01
10	122	1	2.3069092595e-01
10	123	1	2.3011854458e-01
10	124	1	2.3138462777e-01
10	125	1	2.2934647083e-01
10	126	1	2.3007975276e-01
10	127	1	2.2929368001e-01
10	128	1	2.2950102199e-01
10	129	1	2.3046423237e-01
10	130	1	2.2984605954e-01
10	131	1	2.3038861921e-01
10	132	1	2.3071112919e-01
10	133	1	2.2994244718e-01
10	134	1	2.2906301061e-01
10	135	1	2.3159673947e-01
10	136	1	2.3036462421e-01
10	137	1	2.2871098693e-01
10	138	1	2.3072534000e-01
10	139	1	2.3001969333e-01
10	140	1	2.3003598621e-01
10	141	1	2.2990842704e-01
10	142	1	2.3074664087e-01
10	143	1	2.2933357448e-01
10	144	1	2.2826270999e-01
10	145	1	2.3014539586e-01
10	146	1	2.3178699592e-01
10	147	1	2.2982839143e-01
10	148	1	2.3007209540e-01
10	149	1	2.2918878968e-01
10	150	1	2.3001154707e-01
10	151	1	2.2902406194e-01
10	152	1	2.2969573312e-01
10	153	1	2.3077234564e-01
10	154	1	2.3109794536e-01
10	155	1	2.3036037387e-01
10	156	1	2.2866463172e-01
10	157	1	2.2878615174e-01
10	158	1	2.2949091918e-01
10	159	1	2.3009711924e-01
10	160	1	2.3103502057e-01
10	161	1	2.2945433441e-01
10	162	1	2.3008530940e-01
10	163	1	2.2967177418e-01
10	164	1	2.2983973296e-01
10	165	1	2.2948388149e-01
10	166	1	2.2943514925e-01
10	167	1	2.3010475234e-01
10	168	1	2.2989431222e-01
10	169	1	2.2938591353e-01
10	170	1	2.2858642378e-01
10	171	1	2.2906754857e-01
10	172	1	2.3073805095e-01
10	173	1	2.3049449307e-01
10	174	1	2.3207035498e-01
10	175	1	2.2976391849e-01
10	176	1	2.2900967188e-01
10	177	1	2.2923558640e-01
10	178	1	2.2911887071e-01
10	179	1	2.3147810500e-01
10	180	1	2.3051226514e-01
10	181	1	2.3086511600e-01
10	182	1	2.3006288628e-01
10	183	1	2.2942047622e-01
10	184	1	2.3049328252e-01
10	185	1	2.3060126800e-01
10	186	1	2.2998986250e-01
10	187	1	2.3017503466e-01
10	188	1	2.3065467846e-01
10	189	1	2.2947976992e-01
10	190	1	2.2978898306e-01
10	191	1	2.2982740818e-01
10	192	1	2.3018582088e-01
10	193	1	2.2961827469e-01
10	194	1	2.3011807835e-01
10	195	1	2.2968181808e-01
10	196	1	2.3112929428e-01
10	197	1	2.2940692622e-01
10	198	1	2.2858939370e-01
10	199	1	2.2952251905e-01
11	0	1	1.8709047599e-01
11	1	1	1.8881081019e-01
11	2	1	1.8789693054e-01
11	3	1	1.8879416626e-01
11	4	1	1.8863692142e-01
11	5	1	1.8771304635e-01
11	6	1	1.8867423536e-01
11	7	1	1.8850222036e-01
11	8	1	1.8924809797e-01
11	9	1	1.8908117078e-01
11	10	1	1.8876939005e-01
11	11	1	1.8804874440e-01
11	12	1	1.8834698229e-01
11	13	1	1.8805278843e-01
11	14	1	1.8888512566e-01
11	15	1	1.8888728473e-01
11	16	1	1.8800253605e-01
11	17	1	1.8940659724e-01
11	18	1	1.8825878709e-01
11	19	1	1.8789662728e-01
11	20	1	1.8792370155e-01
11	21	1	1.8766595287e-01
11	22	1	1.8796799583e-01
11	23	1	1.8792857898e-01
11	24	1	1.8933605344e-01
11	25	1	1.8767338411e-01
11	26	1	1.8789663637e-01
11	27	1	1.8750173331e-01
11	28	1	1.8822699376e-01
11	29	1	1.8850533715e-01
11	30	1	1.8897753072e-01
11	31	1	1.8747811470e-01
11	32	1	1.8859776056e-01
11	33	1	1.8934174084e-01
11	34	1	1.8958066787e-01
11	35	1	1.9012835413e-01
11	36	1	1.8795591502e-01
11	37	1	1.8790176546e-01
11	38	1	1.8862407707e-01
11	39	1	1.8728186505e-01
11	40	1	1.8873942495e-01
11	41	1	1.8918672712e-01
11	42	1	1.8814972836e-01
11	43	1	1.8918438027e-01
11	44	1	1.8819840875e-01
11	45	1	1.8882583744e-01
11	46	1	1.8933886817e-01
11	47	1	1.8777419874e-01
11	48	1	1.8778095603e-01
11	49	1	1.8872939538e-01
11	50	1	1.8788507083e-01
11	51	1	1.8817899654e-01
11	52	1	1.8681117876e-01
11	53	1	1.8841422416e-01
11	54	1	1.8883096698e-01
11	55	1	1.8861436882e-01
11	56	1	1.8663882335e-01
11	57	1	1.8829509151e-01
11	58	1	1.8904330117e-01
11	59	1	1.8786700178e-01
11	60	1	1.8811215842e-01
11	61	1	1.8881984787e-01
11	62	1	1.8979332695e-01
11	63	1	1.8804134047e-01
11	64	1	1.8777039749e-01
11	65	1	1.9019473411e-01
11	66	1	1.8781060589e-01
11	67	1	1.8895286883e-01
11	68	1	1.8891569158e-01
11	69	1	1.8820214839e-01
11	70	1	1.8767843929e-01
11	71	1	1.8737468264e-01
11	72	1	1.8842952966e-01
11	73	1	1.8875076312e-01
11	74	1	1.8720561376e-01
11	75	1	1.8878818077e-01
11	76	1	1.8908661885e-01
11	77	1	1.8939525269e-01
11	78	1	1.8746466444e-01
11	79	1	1.8767070359e-01
11	80	1	1.8895912554e-01
11	81	1	1.8866879572e-01
11	82	1	1.8732629405e-01
11	83	1	1.8817403434e-01
11	84	1	1.8837728274e-01
11	85	1	1.8739828850e-01
11	86	1	1.8821747789e-01
11	87	1	1.8859516614e-01
11	88	1	1.8811321337e-01
11	89	1	1.8849376111e-01
11	90	1	1.8822733255e-01
11	91	1	1.8902077814e-01
11	92	1	1.8797680920e-01
11	93	1	1.8904115815e-01
11	94	1	1.8871465665e-01
11	95	1	1.8921946774e-01
11	96	1	1.8822814831e-01
11	97	1	1.8846866185e-01
11	98	1	1.8803356068e-01
11	99	1	1.8832280135e-01
11	100	1	1.8904403455e-01
11	101	1	1.8838004326e-01
11	102	1	1.8819263869e-01
11	103	1	1.8768360839e-01
11	104	1	1.8908428854e-01
11	105	1	1.8912869492e-01
11	106	1	1.8745756078e-01
11	107	1	1.8798273083e-01
11	108	1	1.8866225001e-01
11	109	1	1.8778009145e-01
11	110	1	1.8894355082e-01
11	111	1	1.8830062797e-01
11	112	1	1.8843974179e-01
11	113	1	1.8999937991e-01
11	114	1	1.8845221568e-01
11	115	1	1.8946541772e-01
11	116	1	1.8625555027e-01
11	117	1	1.8847279821e-01
11	118	1	1.8872509733e-01
11	119	1	1.8834602909e-01
11	120	1	1.8654808308e-01
11	121	1	1.8869472570e-01
11	122	1	1.8907473246e-01
11	123	1	1.8845191220e-01
11	124	1	1.8981872760e-01
11	125	1	1.8780960693e-01
11	126	1	1.8850118394e-01
11	127	1	1.8781886096e-01
11	128	1	1.8799563495e-01
11	129	1	1.8877552733e-01
11	130	1	1.8839775140e-01
11	131	1	1.8877941636e-01
11	132	1	1.8921680728e-01
11	133	1	1.8848054440e-01
11	134	1	1.8752527348e-01
11	135	1	1.8988086165e-01
11	136	1	1.8879256051e-01
11	137	1	1.8727531115e-01
11	138	1	1.8909880179e-01
11	139	1	1.8854906048e-01
11	140	1	1.8856069275e-01
11	141	1	1.8832370229e-01
11	142	1	1.8924391172e-01
11	143	1	1.8777345360e-01
11	144	1	1.8669185505e-01
11	145	1	1.8846756739e-01
11	146	1	1.9011714739e-01
11	147	1	1.8811771001e-01
11	148	1	1.8846481173e-01
11	149	1	1.8767285041e-01
11	150	1	1.8826997309e-01
11	151	1	1.8768100823e-01
11	152	1	1.8810393555e-01
11	153	1	1.8927330192e-01
11	154	1	1.8959386599e-01
11	155	1	1.8880785842e-01
11	156	1	1.8719321836e-01
11	157	1	1.8718089531e-01
11	158	1	1.8797646653e-01
11	159	1	1.8851390353e-01
11	160	1	1.8925126191e-01
11	161	1	1.8787951773e-01
11	162	1	1.8859060910e-01
11	163	1	1.8818790969e-01
11	164	1	1.8818690391e-01
11	165	1	1.8805629010e-01
11	166	1	1.8793672848e-01
11	167	1	1.8848732300e-01
11	168	1	1.8839121620e-01
11	169	1	1.8775384170e-01
11	170	1	1.8707123015e-01
11	171	1	1.8745241900e-01
11	172	1	1.8929064181e-01
11	173	1	1.8880756214e-01
11	174	1	1.9060414400e-01
11	175	1	1.8806075352e-01
11	176	1	1.8743110174e-01
11	177	1	1.8752074896e-01
11	178	1	1.8756054602e-01
11	179	1	1.8991569508e-01
11	180	1	1.8907367549e-01
11	181	1	1.8933324896e-01
11	182	1	1.8837071883e-01
11	183	1	1.8791161311e-01
11	184	1	1.8888397985e-01
11	185	1	1.8901283334e-01
11	186	1	1.8860098559e-01
11	187	1	1.8857037181e-01
11	188	1	1.8900299121e-01
11	189	1	1.8798911275e-01
11	190	1	1.8809391160e-01
11	191	1	1.8811439200e-01
11	192	1	1.8863781668e-01
11	193	1	1.8815674002e-01
11	194	1	1.8861005710e-01
11	195	1	1.8822185792e-01
11	196	1	1.8948982430e-01
11	197	1	1.8790181882e-01
11	198	1	1.8704021701e-01
11	199	1	1.8797172198e-01
12	0	1	1.5216358997e-01
12	1	1	1.5374552342e-01
12	2	1	1.5316391895e-01
12	3	1	1.5387733827e-01
12	4	1	1.5377501764e-01
12	5	1	1.5268864321e-01
12	6	1	1.5375712056e-01
12	7	1	1.5347330968e-01
12	8	1	1.5410416284e-01
12	9	1	1.5392914199e-01
12	10	1	1.5364457714e-01
12	11	1	1.5302889018e-01
12	12	1	1.5350022622e-01
12	13	1	1.5312274325e-01
12	14	1	1.5406560531e-01
12	15	1	1.5399132414e-01
12	16	1	1.5287702958e-01
12	17	1	1.5432360860e-01
12	18	1	1.5327794565e-01
12	19	1	1.5281922069e-01
12	20	1	1.5294945421e-01
12	21	1	1.5265874233e-01
12	22	1	1.5294804951e-01
12	23	1	1.5287453440e-01
12	24	1	1.5431794468e-01
12	25	1	1.5265379910e-01
12	26	1	1.5300404363e-01
12	27	1	1.5251772085e-01
12	28	1	1.5326975805e-01
12	29	1	1.5353995537e-01
12	30	1	1.5404673376e-01
12	31	1	1.5240171628e-01
12	32	1	1.5343909564e-01
12	33	1	1.5433302939e-01
12	34	1	1.5468425604e-01
12	35	1	1.5488003092e-01
12	36	1	1.5298013259e-01
12	37	1	1.5302862383e-01
12	38	1	1.5350271612e-01
12	39	1	1.5216565702e-01
12	40	1	1.5369381385e-01
12	41	1	1.5406968268e-01
12	42	1	1.5325588245e-01
12	43	1	1.5418707729e-01
12	44	1	1.5322905692e-01
12	45	1	1.5375424410e-01
12	46	1	1.5434293585e-01
12	47	1	1.5280685818e-01
12	48	1	1.5276486715e-01
12	49	1	1.5375084893e-01
12	50	1	1.5293975731e-01
12	51	1	1.5327108192e-01
12	52	1	1.5190350548e-01
12	53	1	1.5320380743e-01
12	54	1	1.5397928107e-01
12	55	1	1.5365441277e-01
12	56	1	1.5155546920e-01
12	57	1	1.5323074671e-01
12	58	1	1.5423036307e-01
12	59	1	1.5290914851e-01
12	60	1	1.5307260840e-01
12	61	1	1.5381820120e-01
12	62	1	1.5490609296e-01
12	63	1	1.5308411888e-01
12	64	1	1.5279797824e-01
12	65	1	1.5512381797e-01
12	66	1	1.5291149546e-01
12	67	1	1.5405649477e-01
12	68	1	1.5397745068e-01
12	69	1	1.5319090060e-01
12	70	1	1.5282390733e-01
12	71	1	1.5234594820e-01
12	72	1	1.5343017914e-01
12	73	1	1.5386930043e-01
12	74	1	1.5222435148e-01
12	75	1	1.5376668131e-01
12	76	1	1.5412099012e-01
12	77	1	1.5431448247e-01
12	78	1	1.5246169060e-01
12	79	1	1.5270955454e-01
12	80	1	1.5399218710e-01
12	81	1	1.5359279285e-01
12	82	1	1.5224850769e-01
12	83	1	1.5308777058e-01
12	84	1	1.5329922669e-01
12	85	1	1.5258649109e-01
12	86	1	1.5325591748e-01
12	87	1	1.5352351997e-01
12	88	1	1.5299633853e-01
12	89	1	1.5350856785e-01
12	90	1	1.5325551295e-01
12	91	1	1.5391704998e-01
12	92	1	1.5295048001e-01
12	93	1	1.5406312573e-01
12	94	1	1.5375463797e-01
12	95	1	1.5428234252e-01
12	96	1	1.5315210606e-01
12	97	1	1.5344393596e-01
12	98	1	1.5292300012e-01
12	99	1	1.5339231184e-01
12	100	1	1.5434274935e-01
12	101	1	1.5323477570e-01
12	102	1	1.5324734390e-01
12	103	1	1.5272529091e-01
12	104	1	1.5384310625e-01
12	105	1	1.5404927817e-01
12	106	1	1.5244460787e-01
12	107	1	1.5299711491e-01
12	108	1	1.5357337179e-01
12	109	1	1.5286562050e-01
12	110	1	1.5379854407e-01
12	111	1	1.5327790383e-01
12	112	1	1.5339913267e-01
12	113	1	1.5485021064e-01
12	114	1	1.5352860235e-01
12	115	1	1.5444013345e-01
12	116	1	1.5137765723e-01
12	117	1	1.5348422485e-01
12	118	1	1.5369102616e-01
12	119	1	1.5328689160e-01
12	120	1	1.5165102607e-01
12	121	1	1.5393264075e-01
12	122	1	1.5396337092e-01
12	123	1	1.5337688273e-01
12	124	1	1.5479117387e-01
12	125	1	1.5284642642e-01
12	126	1	1.5348912170e-01
12	127	1	1.5291744662e-01
12	128	1	1.5306471158e-01
12	129	1	1.5364899699e-01
12	130	1	1.5347265324e-01
12	131	1	1.5370309284e-01
12	132	1	1.5419463477e-01
12	133	1	1.5360076541e-01
12	134	1	1.5256512682e-01
12	135	1	1.5464556785e-01
12	136	1	1.5378761140e-01
12	137	1	1.5240098560e-01
12	138	1	1.5402713290e-01
12	139	1	1.5363412412e-01
12	140	1	1.5364878915e-01
12	141	1	1.5332394238e-01
12	142	1	1.5429841658e-01
12	143	1	1.5282575326e-01
12	144	1	1.5173930647e-01
12	145	1	1.5336291543e-01
12	146	1	1.5501966676e-01
12	147	1	1.5303621771e-01
12	148	1	1.5347489197e-01
12	149	1	1.5272311532e-01
12	150	1	1.5314003917e-01
12	151	1	1.5293002453e-01
12	152	1	1.5307636239e-01
12	153	1	1.5434027573e-01
12	154	1	1.5463662165e-01
12	155	1	1.5382040022e-01
12	156	1	1.5230853959e-01
12	157	1	1.5216895537e-01
12	158	1	1.5303596310e-01
12	159	1	1.5347260005e-01
12	160	1	1.5399743966e-01
12	161	1	1.5289764445e-01
12	162	1	1.5365245940e-01
12	163	1	1.5326373310e-01
12	164	1	1.5312015356e-01
12	165	1	1.5318515539e-01
12	166	1	1.5298962737e-01
12	167	1	1.5342451926e-01
12	168	1	1.5344227070e-01
12	169	1	1.5271763490e-01
12	170	1	1.5214425349e-01
12	171	1	1.5239023542e-01
12	172	1	1.5438352101e-01
12	173	1	1.5367653842e-01
12	174	1	1.5565609029e-01
12	175	1	1.5298606430e-01
12	176	1	1.5241009325e-01
12	177	1	1.5246134878e-01
12	178	1	1.5260769635e-01
12	179	1	1.5482122357e-01
12	180	1	1.5420883531e-01
12	181	1	1.5433112035e-01
12	182	1	1.5324588505e-01
12	183	1	1.5299559971e-01
12	184	1	1.5386617281e-01
12	185	1	1.5394594014e-01
12	186	1	1.5372567324e-01
12	187	1	1.5350944768e-01
12	188	1	1.5390256449e-01
12	189	1	1.5302307269e-01
12	190	1	1.5300064883e-01
12	191	1	1.5298508892e-01
12	192	1	1.5359109905e-01
12	193	1	1.5327577971e-01
12	194	1	1.5368002040e-01
12	195	1	1.5330843214e-01
12	196	1	1.5443247726e-01
12	197	1	1.5295959468e-01
12	198	1	1.5209203163e-01
12	199	1	1.5303029021e-01
13	0	1	1.2297009281e-01
13	1	1	1.2443951587e-01
13	2	1	1.2416751401e-01
13	3	1	1.2468515655e-01
13	4	1	1.2467662136e-01
13	5	1	1.2350978004e-01
13	6	1	1.2460501481e-01
13	7	1	1.2418880771e-01
13	8	1	1.2471794180e-01
13	9	1	1.2452397438e-01
13	10	1	1.2431673903e-01
13	11	1	1.2379950455e-01
13	12	1	1.2439108055e-01
13	13	1	1.2399923141e-01
13	14	1	1.2491706359e-01
13	15	1	1.2483539257e-01
13	16	1	1.2353056681e-01
13	17	1	1.2502348080e-01
13	18	1	1.2405095966e-01
13	19	1	1.2352259430e-01
13	20	1	1.2371831675e-01
13	21	1	1.2345997276e-01
13	22	1	1.2366829311e-01
13	23	1	1.2358531102e-01
13	24	1	1.2503639522e-01
13	25	1	1.2344284707e-01
13	26	1	1.2390560889e-01
13	27	1	1.2335151999e-01
13	28	1	1.2406663148e-01
13	29	1	1.2434835702e-01
13	30	1	1.2481750419e-01
13	31	1	1.2315847926e-01
13	32	1	1.2410353153e-01
13	33	1	1.2508851299e-01
13	34	1	1.2550346937e-01
13	35	1	1.2532768948e-01
13	36	1	1.2377782709e-01
13	37	1	1.2391732127e-01
13	38	1	1.2419295794e-01
13	39	1	1.2285779038e-01
13	40	1	1.2440561090e-01
13	41	1	1.2474035302e-01
13	42	1	1.2411012732e-01
13	43	1	1.2493634052e-01
13	44	1	1.2403084653e-01
13	45	1	1.2445997463e-01
13	46	1	1.2510088093e-01
13	47	1	1.2361928089e-01
13	48	1	1.2353663299e-01
13	49	1	1.2453810410e-01
13	50	1	1.2379656933e-01
13	51	1	1.2411598067e-01
13	52	1	1.2277352002e-01
13	53	1	1.2381165758e-01
13	54	1	1.2486518893e-01
13	55	1	1.2441540828e-01
13	56	1	1.2231683077e-01
13	57	1	1.2395525486e-01
13	58	1	1.2513235103e-01
13	59	1	1.2370910837e-01
13	60	1	1.2376270963e-01
13	61	1	1.2456235920e-01
13	62	1	1.2575158693e-01
13	63	1	1.2386704949e-01
13	64	1	1.2364168617e-01
13	65	1	1.2578958994e-01
13	66	1	1.2378198772e-01
13	67	1	1.2489789816e-01
13	68	1	1.2474292325e-01
13	69	1	1.2391623845e-01
13	70	1	1.2374664731e-01
13	71	1	1.2312911313e-01
13	72	1	1.2414742416e-01
13	73	1	1.2472478921e-01
13	74	1	1.2303662146e-01
13	75	1	1.2453542602e-01
13	76	1	1.2490411885e-01
13	77	1	1.2494862850e-01
13	78	1	1.2325265700e-01
13	79	1	1.2354829967e-01
13	80	1	1.2482172342e-01
13	81	1	1.2431205893e-01
13	82	1	1.2296180285e-01
13	83	1	1.2374329919e-01
13	84	1	1.2404310619e-01
13	85	1	1.2352819601e-01
13	86	1	1.2405416966e-01
13	87	1	1.2422321122e-01
13	88	1	1.2363400409e-01
13	89	1	1.2431817837e-01
13	90	1	1.2405602671e-01
13	91	1	1.2457980849e-01
13	92	1	1.2370323201e-01
13	93	1	1.2481728564e-01
13	94	1	1.2455302601e-01
13	95	1	1.2506139751e-01
13	96	1	1.2392868397e-01
13	97	1	1.2415478053e-01
13	98	1	1.2362753640e-01
13	99	1	1.2421392503e-01
13	100	1	1.2532872416e-01
13	101	1	1.2388202842e-01
13	102	1	1.2404587756e-01
13	103	1	1.2356337115e-01
13	104	1	1.2436151452e-01
13	105	1	1.2474621748e-01
13	106	1	1.2319299466e-01
13	107	1	1.2382377486e-01
13	108	1	1.2426510787e-01
13	109	1	1.2370835637e-01
13	110	1	1.2443047885e-01
13	111	1	1.2405387759e-01
13	112	1	1.2415132985e-01
13	113	1	1.2540734366e-01
13	114	1	1.2435664735e-01
13	115	1	1.2514525715e-01
13	116	1	1.2227119066e-01
13	117	1	1.2427507670e-01
13	118	1	1.2443090716e-01
13	119	1	1.2401006836e-01
13	120	1	1.2251643388e-01
13	121	1	1.2487151353e-01
13	122	1	1.2456845992e-01
13	123	1	1.2409731179e-01
13	124	1	1.2550415080e-01
13	125	1	1.2365035470e-01
13	126	1	1.2421766072e-01
13	127	1	1.2376363001e-01
13	128	1	1.2390848779e-01
13	129	1	1.2429366741e-01
13	130	1	1.2426743471e-01
13	131	1	1.2438060320e-01
13	132	1	1.2485108041e-01
13	133	1	1.2445405749e-01
13	134	1	1.2339043357e-01
13	135	1	1.2514359162e-01
13	136	1	1.2454258845e-01
13	137	1	1.2327181123e-01
13	138	1	1.2469236760e-01
13	139	1	1.2444629324e-01
13	140	1	1.2450386041e-01
13	141	1	1.2408710857e-01
13	142	1	1.2510420207e-01
13	143	1	1.2367614140e-01
13	144	1	1.2257873790e-01
13	145	1	1.2405040393e-01
13	146	1	1.2568278018e-01
13	147	1	1.2379513046e-01
13	148	1	1.2428500387e-01
13	149	1	1.2352979553e-01
13	150	1	1.2382329589e-01
13	151	1	1.2391098674e-01
13	152	1	1.2381118995e-01
13	153	1	1.2515633183e-01
13	154	1	1.2539216368e-01
13	155	1	1.2459604294e-01
13	156	1	1.2320998304e-01
13	157	1	1.2295879312e-01
13	158	1	1.2387268484e-01
13	159	1	1.2419695085e-01
13	160	1	1.2452045339e-01
13	161	1	1.2370739277e-01
13	162	1	1.2445421599e-01
13	163	1	1.2409460043e-01
13	164	1	1.2384442329e-01
13	165	1	1.2405350408e-01
13	166	1	1.2381616937e-01
13	167	1	1.2413796187e-01
13	168	1	1.2423041535e-01
13	169	1	1.2347908343e-01
13	170	1	1.2299185712e-01
13	171	1	1.2310864090e-01
13	172	1	1.2518717452e-01
13	173	1	1.2430045620e-01
13	174	1	1.2639256995e-01
13	175	1	1.2374299908e-01
13	176	1	1.2316500076e-01
13	177	1	1.2324749146e-01
13	178	1	1.2346361885e-01
13	179	1	1.2541733339e-01
13	180	1	1.2510489774e-01
13	181	1	1.2504266245e-01
13	182	1	1.2390020251e-01
13	183	1	1.2384581572e-01
13	184	1	1.2464433252e-01
13	185	1	1.2462561285e-01
13	186	1	1.2455952490e-01
13	187	1	1.2419477044e-01
13	188	1	1.2458237520e-01
13	189	1	1.2380313398e-01
13	190	1	1.2372397771e-01
13	191	1	1.2369166989e-01
13	192	1	1.2426125617e-01
13	193	1	1.2412985362e-01
13	194	1	1.2451661123e-01
13	195	1	1.2414041040e-01
13	196	1	1.2514738229e-01
13	197	1	1.2376509190e-01
13	198	1	1.2292272669e-01
13	199	1	1.2386221444e-01
14	0	1	9.8785160948e-02
14	1	1	1.0018673297e-01
14	2	1	1.0018386792e-01
14	3	1	1.0049887524e-01
14	4	1	1.0059079228e-01
14	5	1	9.9443787490e-02
14	6	1	1.0048126351e-01
14	7	1	9.9942978842e-02
14	8	1	1.0041363796e-01
14	9	1	1.0014009081e-01
14	10	1	1.0008499172e-01
14	11	1	9.9627888023e-02
14	12	1	1.0031284366e-01
14	13	1	9.9951315531e-02
14	14	1	1.0070610456e-01
14	15	1	1.0067443495e-01
14	16	1	9.9299156417e-02
14	17	1	1.0078753984e-01
14	18	1	9.9882231352e-02
14	19	1	9.9310039512e-02
14	20	1	9.9515788422e-02
14	21	1	9.9325992562e-02
14	22	1	9.9439043982e-02
14	23	1	9.9366056301e-02
14	24	1	1.0077347854e-01
14	25	1	9.9302428078e-02
14	26	1	9.9878338605e-02
14	27	1	9.9283334267e-02
14	28	1	9.9883783179e-02
14	29	1	1.0020906065e-01
14	30	1	1.0055680417e-01
14	31	1	9.9050998889e-02
14	32	1	9.9881052832e-02
14	33	1	1.0089967001e-01
14	34	1	1.0131821625e-01
14	35	1	1.0080099552e-01
14	36	1	9.9625986505e-02
14	37	1	9.9817095846e-02
14	38	1	9.9960620166e-02
14	39	1	9.8648445035e-02
14	40	1	1.0017190910e-01
14	41	1	1.0049150872e-01
14	42	1	9.9991368040e-02
14	43	1	1.0069688217e-01
14	44	1	9.9872439482e-02
14	45	1	1.0024465975e-01
14	46	1	1.0088320336e-01
14	47	1	9.9495542912e-02
14	48	1	9.9362260287e-02
14	49	1	1.0038740263e-01
14	50	1	9.9689624890e-02
14	51	1	1.0000403855e-01
14	52	1	9.8715505077e-02
14	53	1	9.9531763958e-02
14	54	1	1.0074295300e-01
14	55	1	1.0017798404e-01
14	56	1	9.8201024857e-02
14	57	1	9.9759718307e-02
14	58	1	1.0101485968e-01
14	59	1	9.9560999876e-02
14	60	1	9.9479248956e-02
14	61	1	1.0035109276e-01
14	62	1	1.0159438278e-01
14	63	1	9.9679735412e-02
14	64	1	9.9554222412e-02
14	65	1	1.0147326534e-01
14	66	1	9.9676448930e-02
14	67	1	1.0075898764e-01
14	68	1	1.0048323470e-01
14	69	1	9.9661116947e-02
14	70	1	9.9689417345e-02
14	71	1	9.8964304722e-02
14	72	1	9.9879006746e-02
14	73	1	1.0060448864e-01
14	74	1	9.8889614646e-02
14	75	1	1.0039204342e-01
14	76	1	1.0071353654e-01
14	77	1	1.0058977042e-01
14	78	1	9.9149960613e-02
14	79	1	9.9463564171e-02
14	80	1	1.0070721474e-01
14	81	1	1.0011645703e-01
14	82	1	9.8761472799e-02
14	83	1	9.9477173322e-02
14	84	1	9.9896821197e-02
14	85	1	9.9494142882e-02
14	86	1	9.9880308929e-02
14	87	1	9.9984282509e-02
14	88	1	9.9364058182e-02
14	89	1	1.0017881652e-01
14	90	1	9.9909144376e-02
14	91	1	1.0027601151e-01
14	92	1	9.9520823509e-02
14	93	1	1.0061647108e-01
14	94	1	1.0038532210e-01
14	95	1	1.0084175252e-01
14	96	1	9.9828446599e-02
14	97	1	9.9907798265e-02
14	98	1	9.9450986009e-02
14	99	1	1.0006548232e-01
14	100	1	1.0125967293e-01
14	101	1	9.9622887707e-02
14	102	1	9.9873957572e-02
14	103	1	9.9450834865e-02
14	104	1	9.9983572493e-02
14	105	1	1.0051009461e-01
14	106	1	9.8997051891e-02
14	107	1	9.9723750962e-02
14	108	1	9.9995909913e-02
14	109	1	9.9600058197e-02
14	110	1	1.0012177199e-01
14	111	1	9.9926882405e-02
14	112	1	9.9983869835e-02
14	113	1	1.0099225625e-01
14	114	1	1.0019825785e-01
14	115	1	1.0087555338e-01
14	116	1	9.8215694342e-02
14	117	1	1.0014026934e-01
14	118	1	1.0023169235e-01
14	119	1	9.9793869182e-02
14	120	1	9.8436234164e-02
14	121	1	1.0077216205e-01
14	122	1	1.0019889719e-01
14	123	1	9.9874320179e-02
14	124	1	1.0125202753e-01
14	125	1	9.9521811218e-02
14	126	1	9.9969207267e-02
14	127	1	9.9626059475e-02
14	128	1	9.9807297195e-02
14	129	1	9.9993040087e-02
14	130	1	1.0008002088e-01
14	131	1	1.0010831133e-01
14	132	1	1.0048946059e-01
14	133	1	1.0029646868e-01
14	134	1	9.9259432773e-02
14	135	1	1.0070981301e-01
14	136	1	1.0033064188e-01
14	137	1	9.9188334613e-02
14	138	1	1.0035566074e-01
14	139	1	1.0025789847e-01
14	140	1	1.0040093405e-01
14	141	1	9.9882990948e-02
14	142	1	1.0094341562e-01
14	143	1	9.9597810584e-02
14	144	1	9.8490726137e-02
14	145	1	9.9811468867e-02
14	146	1	1.0135454745e-01
14	147	1	9.9648895723e-02
14	148	1	1.0017159068e-01
14	149	1	9.9380593172e-02
14	150	1	9.9615148933e-02
14	151	1	9.9871867956e-02
14	152	1	9.9595685383e-02
14	153	1	1.0099429112e-01
14	154	1	1.0112609932e-01
14	155	1	1.0040226540e-01
14	156	1	9.9158915109e-02
14	157	1	9.8846352305e-02
14	158	1	9.9788323428e-02
14	159	1	9.9993911801e-02
14	160	1	1.0014641918e-01
14	161	1	9.9577388455e-02
14	162	1	1.0027166961e-01
14	163	1	9.9953610362e-02
14	164	1	9.9624840031e-02
14	165	1	9.9925803714e-02
14	166	1	9.9703448775e-02
14	167	1	9.9926129666e-02
14	168	1	1.0003046201e-01
14	169	1	9.9322150669e-02
14	170	1	9.8894813612e-02
14	171	1	9.8907424862e-02
14	172	1	1.0098960141e-01
14	173	1	9.9969143400e-02
14	174	1	1.0211208024e-01
14	175	1	9.9601998856e-02
14	176	1	9.8991413983e-02
14	177	1	9.9136521213e-02
14	178	1	9.9420665860e-02
14	179	1	1.0104570317e-01
14	180	1	1.0102282051e-01
14	181	1	1.0075506138e-01
14	182	1	9.9612939411e-02
14	183	1	9.9724988320e-02
14	184	1	1.0048436495e-01
14	185	1	1.0036008479e-01
14	186	1	1.0037653865e-01
14	187	1	9.9930322354e-02
14	188	1	1.0034319663e-01
14	189	1	9.9616941949e-02
14	190	1	9.9540644587e-02
14	191	1	9.9527371185e-02
14	192	1	9.9963795717e-02
14	193	1	9.9964609738e-02
14	194	1	1.0037241555e-01
14	195	1	9.9993263185e-02
14	196	1	1.0091144804e-01
14	197	1	9.9612259744e-02
14	198	1	9.8824536279e-02
14	199	1	9.9718558315e-02
15	0	1	7.8925948632e-02
15	1	1	8.0315795148e-02
15	2	1	8.0527836851e-02
15	3	1	8.0620790987e-02
15	4	1	8.0829140678e-02
15	5	1	7.9767449323e-02
15	6	1	8.0718060944e-02
15	7	1	8.0040029851e-02
15	8	1	8.0503694165e-02
15	9	1	8.0103271878e-02
15	10	1	8.0247823910e-02
15	11	1	7.9809233385e-02
15	12	1	8.0578731086e-02
15	13	1	8.0266460636e-02
15	14	1	8.0771550925e-02
15	15	1	8.0819426972e-02
15	16	1	7.9470542626e-02
15	17	1	8.0921353552e-02
15	18	1	8.0087693270e-02
15	19	1	7.9485440860e-02
15	20	1	7.9638623618e-02
15	21	1	7.9545211655e-02
15	22	1	7.9590747093e-02
15	23	1	7.9516163858e-02
15	24	1	8.0842726169e-02
15	25	1	7.9524496378e-02
15	26	1	8.0202018395e-02
15	27	1	7.9615049565e-02
15	28	1	8.0041019015e-02
15	29	1	8.0413323637e-02
15	30	1	8.0594141521e-02
15	31	1	7.9353231137e-02
15	32	1	8.0073838638e-02
15	33	1	8.1070601383e-02
15	34	1	8.1444202379e-02
15	35	1	8.0653622649e-02
15	36	1	7.9826995525e-02
15	37	1	8.0035281922e-02
15	38	1	8.0079249653e-02
15	39	1	7.8823864410e-02
15	40	1	8.0300302502e-02
15	41	1	8.0616884402e-02
15	42	1	8.0195102426e-02
15	43	1	8.0802953994e-02
15	44	1	8.0061924346e-02
15	45	1	8.0421981080e-02
15	46	1	8.0992308678e-02
15	47	1	7.9742417941e-02
15	48	1	7.9538544194e-02
15	49	1	8.0569096320e-02
15	50	1	7.9902433516e-02
15	51	1	8.0234047199e-02
15	52	1	7.9046232224e-02
15	53	1	7.9657899751e-02
15	54	1	8.0927514467e-02
15	55	1	8.0256978461e-02
15	56	1	7.8478164641e-02
15	57	1	7.9942707002e-02
15	58	1	8.1207462930e-02
15	59	1	7.9778451060e-02
15	60	1	7.9546945382e-02
15	61	1	8.0503255512e-02
15	62	1	8.1748674578e-02
15	63	1	7.9840801733e-02
15	64	1	7.9817779264e-02
15	65	1	8.1487139656e-02
15	66	1	7.9910967451e-02
15	67	1	8.0941868342e-02
15	68	1	8.0525121459e-02
15	69	1	7.9752884965e-02
15	70	1	7.9954880760e-02
15	71	1	7.9137636485e-02
15	72	1	7.9955374291e-02
15	73	1	8.0829530212e-02
15	74	1	7.9099950131e-02
15	75	1	8.0632247883e-02
15	76	1	8.0876175458e-02
15	77	1	8.0586066113e-02
15	78	1	7.9454481657e-02
15	79	1	7.9743893892e-02
15	80	1	8.0945631425e-02
15	81	1	8.0308902322e-02
15	82	1	7.8945855037e-02
15	83	1	7.9632250161e-02
15	84	1	8.0154717343e-02
15	85	1	7.9812696346e-02
15	86	1	8.0047126425e-02
15	87	1	8.0096947792e-02
15	88	1	7.9527329742e-02
15	89	1	8.0383640857e-02
15	90	1	8.0093716007e-02
15	91	1	8.0303620354e-02
15	92	1	7.9705790045e-02
15	93	1	8.0786838451e-02
15	94	1	8.0542695625e-02
15	95	1	8.0955443969e-02
15	96	1	8.0122415575e-02
15	97	1	8.0041850911e-02
15	98	1	7.9689983499e-02
15	99	1	8.0250968540e-02
15	100	1	8.1453878783e-02
15	101	1	7.9764316570e-02
15	102	1	8.0023819461e-02
15	103	1	7.9684636014e-02
15	104	1	8.0022089818e-02
15	105	1	8.0637786926e-02
15	106	1	7.9179077967e-02
15	107	1	7.9991327723e-02
15	108	1	8.0056718321e-02
15	109	1	7.9859341594e-02
15	110	1	8.0187639802e-02
15	111	1	8.0198641156e-02
15	112	1	8.0196568304e-02
15	113	1	8.0925741888e-02
15	114	1	8.0382816019e-02
15	115	1	8.0968568625e-02
15	116	1	7.8537605506e-02
15	117	1	8.0370433961e-02
15	118	1	8.0391994277e-02
15	119	1	7.9962670938e-02
15	120	1	7.8728979215e-02
15	121	1	8.0945707019e-02
15	122	1	8.0196278733e-02
15	123	1	8.0003006071e-02
15	124	1	8.1340177793e-02
15	125	1	7.9767108397e-02
15	126	1	8.0081127639e-02
15	127	1	7.9824634336e-02
15	128	1	8.0065807916e-02
15	129	1	8.0045975719e-02
15	130	1	8.0217656592e-02
15	131	1	8.0191369187e-02
15	132	1	8.0463899987e-02
15	133	1	8.0445721082e-02
15	134	1	7.9463945171e-02
15	135	1	8.0668542120e-02
15	136	1	8.0449123010e-02
15	137	1	7.9461165801e-02
15	138	1	8.0336071112e-02
15	139	1	8.0393420840e-02
15	140	1	8.0643655291e-02
15	141	1	8.0019720487e-02
15	142	1	8.1135670802e-02
15	143	1	7.9896711663e-02
15	144	1	7.8784551540e-02
15	145	1	7.9944595803e-02
15	146	1	8.1354442126e-02
15	147	1	7.9867958577e-02
15	148	1	8.0445921460e-02
15	149	1	7.9586199609e-02
15	150	1	7.9815937392e-02
15	151	1	8.0144328085e-02
15	152	1	7.9744472593e-02
15	153	1	8.1163808661e-02
15	154	1	8.1165533471e-02
15	155	1	8.0535666906e-02
15	156	1	7.9454566283e-02
15	157	1	7.9128688186e-02
15	158	1	8.0068253254e-02
15	159	1	8.0162141138e-02
15	160	1	8.0193808721e-02
15	161	1	7.9815187819e-02
15	162	1	8.0413582495e-02
15	163	1	8.0144457897e-02
15	164	1	7.9768709661e-02
15	165	1	8.0120693756e-02
15	166	1	7.9921851951e-02
15	167	1	8.0110372621e-02
15	168	1	8.0158799207e-02
15	169	1	7.9546631335e-02
15	170	1	7.9141045765e-02
15	171	1	7.9071033313e-02
15	172	1	8.1131100433e-02
15	173	1	7.9994177426e-02
15	174	1	8.2153383465e-02
15	175	1	7.9840987699e-02
15	176	1	7.9186640499e-02
15	177	1	7.9409917588e-02
15	178	1	7.9775641029e-02
15	179	1	8.1038695340e-02
15	180	1	8.1248306597e-02
15	181	1	8.0795743116e-02
15	182	1	7.9688976368e-02
15	183	1	7.9947219316e-02
15	184	1	8.0683190019e-02
15	185	1	8.0449994289e-02
15	186	1	8.0490659781e-02
15	187	1	8.0042932370e-02
15	188	1	8.0471396475e-02
15	189	1	7.9772897635e-02
15	190	1	7.9731933044e-02
15	191	1	7.9764309673e-02
15	192	1	8.0027931337e-02
15	193	1	8.0099616878e-02
15	194	1	8.0541043969e-02
15	195	1	8.0192421453e-02
15	196	1	8.1033449843e-02
15	197	1	7.9816515707e-02
15	198	1	7.9114505043e-02
15	199	1	7.9897208721e-02
16	0	1	6.2728583876e-02
16	1	1	6.4140007248e-02
16	2	1	6.4516312450e-02
16	3	1	6.4353855051e-02
16	4	1	6.4711366671e-02
16	5	1	6.3774913199e-02
16	6	1	6.4649881262e-02
16	7	1	6.3775621895e-02
16	8	1	6.4298838131e-02
16	9	1	6.3744599646e-02
16	10	1	6.4090638752e-02
16	11	1	6.3638402283e-02
16	12	1	6.4490432721e-02
16	13	1	6.4222845731e-02
16	14	1	6.4461076383e-02
16	15	1	6.4606593303e-02
16	16	1	6.3325170346e-02
16	17	1	6.4739670681e-02
16	18	1	6.3977959430e-02
16	19	1	6.3351495567e-02
16	20	1	6.3403884637e-02
16	21	1	6.3420524737e-02
16	22	1	6.3425398302e-02
16	23	1	6.3343641104e-02
16	24	1	6.4573922697e-02
16	25	1	6.3413067988e-02
16	26	1	6.4167001400e-02
16	27	1	6.3625816007e-02
16	28	1	6.3882014985e-02
16	29	1	6.4275573368e-02
16	30	1	6.4264903918e-02
16	31	1	6.3343702145e-02
16	32	1	6.3967279933e-02
16	33	1	6.4897120700e-02
16	34	1	6.5205341887e-02
16	35	1	6.4201227266e-02
16	36	1	6.3685102539e-02
16	37	1	6.3893895928e-02
16	38	1	6.3846318611e-02
16	39	1	6.2668015256e-02
16	40	1	6.4085980889e-02
16	41	1	6.4413141143e-02
16	42	1	6.4030670852e-02
16	43	1	6.4561563998e-02
16	44	1	6.3925325977e-02
16	45	1	6.4298333908e-02
16	46	1	6.4755647364e-02
16	47	1	6.3649775315e-02
16	48	1	6.3378011186e-02
16	49	1	6.4357048027e-02
16	50	1	6.3766256506e-02
16	51	1	6.4087329559e-02
16	52	1	6.3083503607e-02
16	53	1	6.3469169410e-02
16	54	1	6.4738363819e-02
16	55	1	6.3992410910e-02
16	56	1	6.2415595031e-02
16	57	1	6.3809902494e-02
16	58	1	6.5037584342e-02
16	59	1	6.3679950686e-02
16	60	1	6.3285303982e-02
16	61	1	6.4337208869e-02
16	62	1	6.5549722141e-02
16	63	1	6.3665761964e-02
16	64	1	6.3736588425e-02
16	65	1	6.5153115793e-02
16	66	1	6.3796140892e-02
16	67	1	6.4769360351e-02
16	68	1	6.4204591159e-02
16	69	1	6.3521135261e-02
16	70	1	6.3858973880e-02
16	71	1	6.2971952695e-02
16	72	1	6.3705354753e-02
16	73	1	6.4730462136e-02
16	74	1	6.2992836630e-02
16	75	1	6.4553723404e-02
16	76	1	6.4727921612e-02
16	77	1	6.4266298938e-02
16	78	1	6.3456024666e-02
16	79	1	6.3688278972e-02
16	80	1	6.4848305866e-02
16	81	1	6.4189977892e-02
16	82	1	6.2813865934e-02
16	83	1	6.3489784547e-02
16	84	1	6.4113632774e-02
16	85	1	6.3808644297e-02
16	86	1	6.3882448230e-02
16	87	1	6.3848599348e-02
16	88	1	6.3425080647e-02
16	89	1	6.4244333283e-02
16	90	1	6.3894383393e-02
16	91	1	6.3964778655e-02
16	92	1	6.3554320728e-02
16	93	1	6.4647203007e-02
16	94	1	6.4324929820e-02
16	95	1	6.4748474300e-02
16	96	1	6.4082052911e-02
16	97	1	6.3871691812e-02
16	98	1	6.3627190089e-02
16	99	1	6.4065553144e-02
16	100	1	6.5248985220e-02
16	101	1	6.3613011558e-02
16	102	1	6.3815273567e-02
16	103	1	6.3568869664e-02
16	104	1	6.3763084732e-02
16	105	1	6.4424431607e-02
16	106	1	6.3055632558e-02
16	107	1	6.3939488374e-02
16	108	1	6.3758020447e-02
16	109	1	6.3786425550e-02
16	110	1	6.3951906449e-02
16	111	1	6.4148585082e-02
16	112	1	6.4068940390e-02
16	113	1	6.4518047857e-02
16	114	1	6.4235987677e-02
16	115	1	6.4753805898e-02
16	116	1	6.2542203708e-02
16	117	1	6.4242810012e-02
16	118	1	6.4204844385e-02
16	119	1	6.3824214097e-02
16	120	1	6.2703225463e-02
16	121	1	6.4725544769e-02
16	122	1	6.3873131239e-02
16	123	1	6.3797964135e-02
16	124	1	6.5075538343e-02
16	125	1	6.3684679510e-02
16	126	1	6.3900260789e-02
16	127	1	6.3679837753e-02
16	128	1	6.3984261123e-02
16	129	1	6.3766628030e-02
16	130	1	6.3989750460e-02
16	131	1	6.3945765484e-02
16	132	1	6.4109919180e-02
16	133	1	6.4215636375e-02
16	134	1	6.3313864058e-02
16	135	1	6.4339545547e-02
16	136	1	6.4201261464e-02
16	137	1	6.3393324059e-02
16	138	1	6.3968688147e-02
16	139	1	6.4164757339e-02
16	140	1	6.4535465139e-02
16	141	1	6.3797304620e-02
16	142	1	6.5000213326e-02
16	143	1	6.3888767471e-02
16	144	1	6.2758640400e-02
16	145	1	6.3754099084e-02
16	146	1	6.5018306341e-02
16	147	1	6.3745362525e-02
16	148	1	6.4434995512e-02
16	149	1	6.3444953456e-02
16	150	1	6.3714645875e-02
16	151	1	6.4060885534e-02
16	152	1	6.3581407958e-02
16	153	1	6.4985729016e-02
16	154	1	6.4866459257e-02
16	155	1	6.4314916829e-02
16	156	1	6.3405456089e-02
16	157	1	6.3095940990e-02
16	158	1	6.3997067100e-02
16	159	1	6.4005006001e-02
16	160	1	6.3973987280e-02
16	161	1	6.3743712517e-02
16	162	1	6.4209819051e-02
16	163	1	6.3997779609e-02
16	164	1	6.3588727758e-02
16	165	1	6.3974453722e-02
16	166	1	6.3757285432e-02
16	167	1	6.3976841159e-02
16	168	1	6.3938979379e-02
16	169	1	6.3457211122e-02
16	170	1	6.3041877108e-02
16	171	1	6.2884911452e-02
16	172	1	6.4941975736e-02
16	173	1	6.3687235399e-02
16	174	1	6.5855916531e-02
16	175	1	6.3730277442e-02
16	176	1	6.3059984611e-02
16	177	1	6.3357758647e-02
16	178	1	6.3816179406e-02
16	179	1	6.4695534770e-02
16	180	1	6.5099538018e-02
16	181	1	6.4506798129e-02
16	182	1	6.3445785702e-02
16	183	1	6.3827222732e-02
16	184	1	6.4548616451e-02
16	185	1	6.4201402095e-02
16	186	1	6.4230189549e-02
16	187	1	6.3855600089e-02
16	188	1	6.4243889585e-02
16	189	1	6.3579535119e-02
16	190	1	6.3579420816e-02
16	191	1	6.3686912736e-02
16	192	1	6.3755949356e-02
16	193	1	6.3868181944e-02
16	194	1	6.4349189694e-02
16	195	1	6.4048004990e-02
16	196	1	6.4816380597e-02
16	197	1	6.3696148805e-02
16	198	1	6.3104508247e-02
16	199	1	6.3708151738e-02
17	0	1	4.9612693856e-02
17	1	1	5.1043467207e-02
17	2	1	5.1550878318e-02
17	3	1	5.1108520245e-02
17	4	1	5.1636008424e-02
17	5	1	5.0848709176e-02
17	6	1	5.1687343830e-02
17	7	1	5.0565826326e-02
17	8	1	5.1209138618e-02
17	9	1	5.0494901261e-02
17	10	1	5.1004338824e-02
17	11	1	5.0521733315e-02
17	12	1	5.1441993635e-02
17	13	1	5.1206659650e-02
17	14	1	5.1217084333e-02
17	15	1	5.1463119609e-02
17	16	1	5.0257639273e-02
17	17	1	5.1646645639e-02
17	18	1	5.0957367688e-02
17	19	1	5.0311590298e-02
17	20	1	5.0241553389e-02
17	21	1	5.0347214518e-02
17	22	1	5.0339523168e-02
17	23	1	5.0261712430e-02
17	24	1	5.1391030359e-02
17	25	1	5.0371385466e-02
17	26	1	5.1171211183e-02
17	27	1	5.0674359540e-02
17	28	1	5.0840321378e-02
17	29	1	5.1203883034e-02
17	30	1	5.0996318858e-02
17	31	1	5.0418238089e-02
17	32	1	5.0932098124e-02
17	33	1	5.1767553805e-02
17	34	1	5.2023956127e-02
17	35	1	5.0853540750e-02
17	36	1	5.0606989627e-02
17	37	1	5.0791411216e-02
17	38	1	5.0663229924e-02
17	39	1	4.9576654713e-02
17	40	1	5.0924350656e-02
17	41	1	5.1282640328e-02
17	42	1	5.0912931721e-02
17	43	1	5.1350350542e-02
17	44	1	5.0871596987e-02
17	45	1	5.1248891339e-02
17	46	1	5.1589698055e-02
17	47	1	5.0622473189e-02
17	48	1	5.0289370402e-02
17	49	1	5.1155361008e-02
17	50	1	5.0709673316e-02
17	51	1	5.0958953271e-02
17	52	1	5.0211741677e-02
17	53	1	5.0342627090e-02
17	54	1	5.1592931563e-02
17	55	1	5.0803188828e-02
17	56	1	4.9405605658e-02
17	57	1	5.0757843992e-02
17	58	1	5.1907170379e-02
17	59	1	5.0684680777e-02
17	60	1	5.0110952422e-02
17	61	1	5.1252441170e-02
17	62	1	5.2405955095e-02
17	63	1	5.0558480353e-02
17	64	1	5.0719349685e-02
17	65	1	5.1881656936e-02
17	66	1	5.0725210630e-02
17	67	1	5.1651431107e-02
17	68	1	5.0941768015e-02
17	69	1	5.0374054253e-02
17	70	1	5.0821730225e-02
17	71	1	4.9892235552e-02
17	72	1	5.0539100153e-02
17	73	1	5.1726714231e-02
17	74	1	4.9955687757e-02
17	75	1	5.1534519654e-02
17	76	1	5.1665558237e-02
17	77	1	5.1046981581e-02
17	78	1	5.0533447299e-02
17	79	1	5.0701726220e-02
17	80	1	5.1824348908e-02
17	81	1	5.1150631917e-02
17	82	1	4.9769586281e-02
17	83	1	5.0418334971e-02
17	84	1	5.1153064813e-02
17	85	1	5.0890660503e-02
17	86	1	5.0807970559e-02
17	87	1	5.0643809325e-02
17	88	1	5.0450409114e-02
17	89	1	5.1159375878e-02
17	90	1	5.0727234145e-02
17	91	1	5.0659875285e-02
17	92	1	5.0451303122e-02
17	93	1	5.1583862829e-02
17	94	1	5.1148498924e-02
17	95	1	5.1636867045e-02
17	96	1	5.1090245563e-02
17	97	1	5.0783167231e-02
17	98	1	5.0638315961e-02
17	99	1	5.0925845195e-02
17	100	1	5.2092074192e-02
17	101	1	5.0565016302e-02
17	102	1	5.0673839086e-02
17	103	1	5.0493926498e-02
17	104	1	5.0591183335e-02
17	105	1	5.1278578672e-02
17	106	1	5.0053989547e-02
17	107	1	5.0959898346e-02
17	108	1	5.0522807706e-02
17	109	1	5.0773495315e-02
17	110	1	5.0821979492e-02
17	111	1	5.1157069452e-02
17	112	1	5.0970760621e-02
17	113	1	5.1195059244e-02
17	114	1	5.1148911177e-02
17	115	1	5.1633277348e-02
17	116	1	4.9612772249e-02
17	117	1	5.1159838435e-02
17	118	1	5.1054341410e-02
17	119	1	5.0769965219e-02
17	120	1	4.9751394146e-02
17	121	1	5.1553621201e-02
17	122	1	5.0651915469e-02
17	123	1	5.0681227508e-02
17	124	1	5.1857587459e-02
17	125	1	5.0674437279e-02
17	126	1	5.0837851543e-02
17	127	1	5.0605553246e-02
17	128	1	5.0945234712e-02
17	129	1	5.0601691932e-02
17	130	1	5.0804275993e-02
17	131	1	5.0790389888e-02
17	132	1	5.0841280300e-02
17	133	1	5.1016360061e-02
17	134	1	5.0230306847e-02
17	135	1	5.1149276665e-02
17	136	1	5.0997833067e-02
17	137	1	5.0374640813e-02
17	138	1	5.0685567469e-02
17	139	1	5.0971029985e-02
17	140	1	5.1470940368e-02
17	141	1	5.0607203471e-02
17	142	1	5.1914758848e-02
17	143	1	5.0958539422e-02
17	144	1	4.9799379580e-02
17	145	1	5.0648285303e-02
17	146	1	5.1745624962e-02
17	147	1	5.0681560253e-02
17	148	1	5.1532487813e-02
17	149	1	5.0335499867e-02
17	150	1	5.0699021140e-02
17	151	1	5.1017230514e-02
17	152	1	5.0527217933e-02
17	153	1	5.1860018341e-02
17	154	1	5.1671096015e-02
17	155	1	5.1150712585e-02
17	156	1	5.0413558192e-02
17	157	1	5.0143501638e-02
17	158	1	5.0964112822e-02
17	159	1	5.0924708100e-02
17	160	1	5.0878729674e-02
17	161	1	5.0761564502e-02
17	162	1	5.1092106520e-02
17	163	1	5.0939204803e-02
17	164	1	5.0488894724e-02
17	165	1	5.0902008422e-02
17	166	1	5.0626679884e-02
17	167	1	5.0904042530e-02
17	168	1	5.0809633116e-02
17	169	1	5.0449907105e-02
17	170	1	5.0034789669e-02
17	171	1	4.9762256776e-02
17	172	1	5.1815352272e-02
17	173	1	5.0478194573e-02
17	174	1	5.2624624677e-02
17	175	1	5.0679348956e-02
17	176	1	5.0032985539e-02
17	177	1	5.0367991650e-02
17	178	1	5.0919210530e-02
17	179	1	5.1426179597e-02
17	180	1	5.1991613916e-02
17	181	1	5.1300378774e-02
17	182	1	5.0293159171e-02
17	183	1	5.0766395522e-02
17	184	1	5.1479626438e-02
17	185	1	5.1032869624e-02
17	186	1	5.1043173476e-02
17	187	1	5.0762321724e-02
17	188	1	5.1057454172e-02
17	189	1	5.0442178909e-02
17	190	1	5.0483064320e-02
17	191	1	5.0701458972e-02
17	192	1	5.0548746885e-02
17	193	1	5.0706047501e-02
17	194	1	5.1218207867e-02
17	195	1	5.0928903012e-02
17	196	1	5.1638564316e-02
17	197	1	5.0660627962e-02
17	198	1	5.0190596516e-02
17	199	1	5.0571062177e-02
18	0	1	3.9095837664e-02
18	1	1	4.0503762016e-02
18	2	1	4.1123584125e-02
18	3	1	4.0431117126e-02
18	4	1	4.1094650543e-02
18	5	1	4.0468430598e-02
18	6	1	4.1304385530e-02
18	7	1	3.9945380361e-02
18	8	1	4.0738418514e-02
18	9	1	3.9868751991e-02
18	10	1	4.0499011959e-02
18	11	1	3.9977534732e-02
18	12	1	4.0943131180e-02
18	13	1	4.0718867913e-02
18	14	1	4.0572598349e-02
18	15	1	4.0891707570e-02
18	16	1	3.9777522473e-02
18	17	1	4.1118707612e-02
18	18	1	4.0535360464e-02
18	19	1	3.9870166160e-02
18	20	1	3.9689957559e-02
18	21	1	3.9819769729e-02
18	22	1	3.9830749269e-02
18	23	1	3.9787295583e-02
18	24	1	4.0818055869e-02
18	25	1	3.9896388936e-02
18	26	1	4.0722506159e-02
18	27	1	4.0246844923e-02
18	28	1	4.0415650249e-02
18	29	1	4.0686790565e-02
18	30	1	4.0318269519e-02
18	31	1	4.0075660436e-02
18	32	1	4.0450649352e-02
18	33	1	4.1179392834e-02
18	34	1	4.1421818387e-02
18	35	1	4.0123637490e-02
18	36	1	4.0093398013e-02
18	37	1	4.0229816975e-02
18	38	1	4.0040277576e-02
18	39	1	3.9055953218e-02
18	40	1	4.0334915957e-02
18	41	1	4.0728582561e-02
18	42	1	4.0366459386e-02
18	43	1	4.0661330559e-02
18	44	1	4.0392528971e-02
18	45	1	4.0766723352e-02
18	46	1	4.1007564637e-02
18	47	1	4.0166665179e-02
18	48	1	3.9783007957e-02
18	49	1	4.0495650209e-02
18	50	1	4.0242564036e-02
18	51	1	4.0376320436e-02
18	52	1	3.9907668995e-02
18	53	1	3.9779687655e-02
18	54	1	4.1006236025e-02
18	55	1	4.0184018738e-02
18	56	1	3.8954646048e-02
18	57	1	4.0280321967e-02
18	58	1	4.1329144680e-02
18	59	1	4.0300855686e-02
18	60	1	3.9546617016e-02
18	61	1	4.0743488618e-02
18	62	1	4.1828064050e-02
18	63	1	4.0024505510e-02
18	64	1	4.0279663596e-02
18	65	1	4.1182156725e-02
18	66	1	4.0200002465e-02
18	67	1	4.1086894662e-02
18	68	1	4.0260525009e-02
18	69	1	3.9812792296e-02
18	70	1	4.0361108244e-02
18	71	1	3.9414026845e-02
18	72	1	3.9971187164e-02
18	73	1	4.1306403313e-02
18	74	1	3.9462377716e-02
18	75	1	4.1077001957e-02
18	76	1	4.1159985709e-02
18	77	1	4.0433234998e-02
18	78	1	4.0174224881e-02
18	79	1	4.0283209336e-02
18	80	1	4.1374306804e-02
18	81	1	4.0676621036e-02
18	82	1	3.9328255909e-02
18	83	1	3.9915924815e-02
18	84	1	4.0748234410e-02
18	85	1	4.0572091357e-02
18	86	1	4.0345307093e-02
18	87	1	4.0008082302e-02
18	88	1	4.0093839339e-02
18	89	1	4.0618686684e-02
18	90	1	4.0138651847e-02
18	91	1	3.9903291167e-02
18	92	1	3.9903724564e-02
18	93	1	4.1091201803e-02
18	94	1	4.0546775478e-02
18	95	1	4.1109281498e-02
18	96	1	4.0641498305e-02
18	97	1	4.0268508717e-02
18	98	1	4.0211925345e-02
18	99	1	4.0356467447e-02
18	100	1	4.1505930568e-02
18	101	1	4.0108120308e-02
18	102	1	4.0120626987e-02
18	103	1	3.9962875491e-02
18	104	1	4.0027713967e-02
18	105	1	4.0705635758e-02
18	106	1	3.9695534988e-02
18	107	1	4.0545620631e-02
18	108	1	3.9875682786e-02
18	109	1	4.0323336777e-02
18	110	1	4.0299199948e-02
18	111	1	4.0725200412e-02
18	112	1	4.0398615649e-02
18	113	1	4.0479136998e-02
18	114	1	4.0611718806e-02
18	115	1	4.1086395152e-02
18	116	1	3.9261098093e-02
18	117	1	4.0659440603e-02
18	118	1	4.0443607223e-02
18	119	1	4.0275929687e-02
18	120	1	3.9366579969e-02
18	121	1	4.0976644265e-02
18	122	1	4.0057628502e-02
18	123	1	4.0169117960e-02
18	124	1	4.1204085134e-02
18	125	1	4.0228454298e-02
18	126	1	4.0402580031e-02
18	127	1	4.0119903932e-02
18	128	1	4.0452881840e-02
18	129	1	4.0082067511e-02
18	130	1	4.0178246696e-02
18	131	1	4.0236515968e-02
18	132	1	4.0185587616e-02
18	133	1	4.0376085343e-02
18	134	1	3.9722281009e-02
18	135	1	4.0608289991e-02
18	136	1	4.0353267979e-02
18	137	1	3.9898268004e-02
18	138	1	4.0012663015e-02
18	139	1	4.0340550685e-02
18	140	1	4.0966369871e-02
18	141	1	3.9968824294e-02
18	142	1	4.1369284024e-02
18	143	1	4.0576634360e-02
18	144	1	3.9392209804e-02
18	145	1	4.0129933375e-02
18	146	1	4.1044298719e-02
18	147	1	4.0181374280e-02
18	148	1	4.1202500327e-02
18	149	1	3.9777433740e-02
18	150	1	4.0258698302e-02
18	151	1	4.0525581961e-02
18	152	1	4.0079457224e-02
18	153	1	4.1293377195e-02
18	154	1	4.1081743443e-02
18	155	1	4.0556432672e-02
18	156	1	3.9985285645e-02
18	157	1	3.9766831480e-02
18	158	1	4.0484791554e-02
18	159	1	4.0409799380e-02
18	160	1	4.0390438421e-02
18	161	1	4.0345875891e-02
18	162	1	4.0563615584e-02
18	163	1	4.0490274426e-02
18	164	1	3.9977236725e-02
18	165	1	4.0415954951e-02
18	166	1	4.0057272105e-02
18	167	1	4.0395659681e-02
18	168	1	4.0278219625e-02
18	169	1	4.0007663252e-02
18	170	1	3.9646152312e-02
18	171	1	3.9235224496e-02
18	172	1	4.1249557921e-02
18	173	1	3.9915796519e-02
18	174	1	4.1962395839e-02
18	175	1	4.0203808380e-02
18	176	1	3.9613342817e-02
18	177	1	3.9929849399e-02
18	178	1	4.0567995339e-02
18	179	1	4.0761569651e-02
18	180	1	4.1424378269e-02
18	181	1	4.0688562068e-02
18	182	1	3.9732768783e-02
18	183	1	4.0260641066e-02
18	184	1	4.0966324349e-02
18	185	1	4.0467399770e-02
18	186	1	4.0457417868e-02
18	187	1	4.0251728105e-02
18	188	1	4.0433534927e-02
18	189	1	3.9894099346e-02
18	190	1	3.9957963582e-02
18	191	1	4.0309570328e-02
18	192	1	3.9943009396e-02
18	193	1	4.0140089090e-02
18	194	1	4.0666444919e-02
18	195	1	4.0349605251e-02
18	196	1	4.0989205603e-02
18	197	1	4.0217610677e-02
18	198	1	3.9864465258e-02
18	199	1	4.0008111618e-02
19	0	1	3.0758980391e-02
19	1	1	3.2078104876e-02
19	2	1	3.2797773174e-02
19	3	1	3.1939940932e-02
19	4	1	3.2663316741e-02
19	5	1	3.2187693766e-02
19	6	1	3.3045347572e-02
19	7	1	3.1500416895e-02
19	8	1	3.2451900341e-02
19	9	1	3.1442509360e-02
19	10	1	3.2155097006e-02
19	11	1	3.1583580366e-02
19	12	1	3.2574398419e-02
19	13	1	3.2331711219e-02
19	14	1	3.2124593630e-02
19	15	1	3.2456374986e-02
19	16	1	3.1457963967e-02
19	17	1	3.2703387956e-02
19	18	1	3.2274447279e-02
19	19	1	3.1600440020e-02
19	20	1	3.1333628914e-02
19	21	1	3.1441271722e-02
19	22	1	3.1457977496e-02
19	23	1	3.1499304323e-02
19	24	1	3.2433442800e-02
19	25	1	3.1549303930e-02
19	26	1	3.2412038619e-02
19	27	1	3.1935828519e-02
19	28	1	3.2145001558e-02
19	29	1	3.2285381097e-02
19	30	1	3.1819341862e-02
19	31	1	3.1869925364e-02
19	32	1	3.2100333786e-02
19	33	1	3.2713136620e-02
19	34	1	3.2974511929e-02
19	35	1	3.1570746186e-02
19	36	1	3.1720853990e-02
19	37	1	3.1809465375e-02
19	38	1	3.1564408155e-02
19	39	1	3.0668198336e-02
19	40	1	3.1922663470e-02
19	41	1	3.2317279070e-02
19	42	1	3.1971277435e-02
19	43	1	3.2063725156e-02
19	44	1	3.2030829441e-02
19	45	1	3.2432830957e-02
19	46	1	3.2594259976e-02
19	47	1	3.1849862494e-02
19	48	1	3.1427845836e-02
19	49	1	3.1990761897e-02
19	50	1	3.1938229847e-02
19	51	1	3.1944389603e-02
19	52	1	3.1731367214e-02
19	53	1	3.1390630498e-02
19	54	1	3.2563840816e-02
19	55	1	3.1707414791e-02
19	56	1	3.0633685605e-02
19	57	1	3.1936822151e-02
19	58	1	3.2904599761e-02
19	59	1	3.2070989737e-02
19	60	1	3.1188662685e-02
19	61	1	3.2372075151e-02
19	62	1	3.3392839605e-02
19	63	1	3.1642253453e-02
19	64	1	3.1985021090e-02
19	65	1	3.2628748287e-02
19	66	1	3.1808937456e-02
19	67	1	3.2648551550e-02
19	68	1	3.1762426170e-02
19	69	1	3.1399524485e-02
19	70	1	3.2052147105e-02
19	71	1	3.1108564056e-02
19	72	1	3.1569754808e-02
19	73	1	3.3010487992e-02
19	74	1	3.1088173474e-02
19	75	1	3.2762261165e-02
19	76	1	3.2752605293e-02
19	77	1	3.1988976415e-02
19	78	1	3.1939696378e-02
19	79	1	3.1990583659e-02
19	80	1	3.3061180400e-02
19	81	1	3.2319711264e-02
19	82	1	3.1052502611e-02
19	83	1	3.1546177590e-02
19	84	1	3.2469684004e-02
19	85	1	3.2411473021e-02
19	86	1	3.2060671476e-02
19	87	1	3.1539439872e-02
19	88	1	3.1896578914e-02
19	89	1	3.2197211048e-02
19	90	1	3.1725377528e-02
19	91	1	3.1318847458e-02
19	92	1	3.1514002401e-02
19	93	1	3.2743069664e-02
19	94	1	3.2129746882e-02
19	95	1	3.2714209428e-02
19	96	1	3.2302261717e-02
19	97	1	3.1895131746e-02
19	98	1	3.1905992357e-02
19	99	1	3.1960630902e-02
19	100	1	3.3068149267e-02
19	101	1	3.1789429769e-02
19	102	1	3.1741766240e-02
19	103	1	3.1567499381e-02
19	104	1	3.1665854023e-02
19	105	1	3.2284801301e-02
19	106	1	3.1529413353e-02
19	107	1	3.2263500070e-02
19	108	1	3.1409725025e-02
19	109	1	3.1998224118e-02
19	110	1	3.1948076053e-02
19	111	1	3.2440040628e-02
19	112	1	3.1953055988e-02
19	113	1	3.1950500094e-02
19	114	1	3.2206612900e-02
19	115	1	3.2679907616e-02
19	116	1	3.1072580273e-02
19	117	1	3.2336265210e-02
19	118	1	3.1969142081e-02
19	119	1	3.1896704999e-02
19	120	1	3.1111981978e-02
19	121	1	3.2563838506e-02
19	122	1	3.1664949970e-02
19	123	1	3.1841428914e-02
19	124	1	3.2692601995e-02
19	125	1	3.1901903232e-02
19	126	1	3.2170215061e-02
19	127	1	3.1783940280e-02
19	128	1	3.2105221133e-02
19	129	1	3.1761257153e-02
19	130	1	3.1708569533e-02
19	131	1	3.1873723299e-02
19	132	1	3.1717199639e-02
19	133	1	3.1916035518e-02
19	134	1	3.1357270517e-02
19	135	1	3.2254371307e-02
19	136	1	3.1861175747e-02
19	137	1	3.1560316188e-02
19	138	1	3.1523363913e-02
19	139	1	3.1885146892e-02
19	140	1	3.2620965170e-02
19	141	1	3.1488639452e-02
19	142	1	3.2958002287e-02
19	143	1	3.2292534756e-02
19	144	1	3.1113101430e-02
19	145	1	3.1759001468e-02
19	146	1	3.2507330643e-02
19	147	1	3.1805818987e-02
19	148	1	3.2988403987e-02
19	149	1	3.1394670217e-02
19	150	1	3.1958704296e-02
19	151	1	3.2188580036e-02
19	152	1	3.1781393754e-02
19	153	1	3.2865674130e-02
19	154	1	3.2653590416e-02
19	155	1	3.2118756188e-02
19	156	1	3.1689554015e-02
19	157	1	3.1521788636e-02
19	158	1	3.2150541176e-02
19	159	1	3.2014650332e-02
19	160	1	3.2052752219e-02
19	161	1	3.2053647610e-02
19	162	1	3.2168358681e-02
19	163	1	3.2217806882e-02
19	164	1	3.1627109493e-02
19	165	1	3.2094463387e-02
19	166	1	3.1644582636e-02
19	167	1	3.2024778348e-02
19	168	1	3.1886119790e-02
19	169	1	3.1691876839e-02
19	170	1	3.1441079097e-02
19	171	1	3.0890026694e-02
19	172	1	3.2815852857e-02
19	173	1	3.1583831205e-02
19	174	1	3.3461257185e-02
19	175	1	3.1871014750e-02
19	176	1	3.1352540429e-02
19	177	1	3.1627567015e-02
19	178	1	3.2323881277e-02
19	179	1	3.2281465015e-02
19	180	1	3.2952332915e-02
19	181	1	3.2256120138e-02
19	182	1	3.1346696188e-02
19	183	1	3.1880210844e-02
19	184	1	3.2572610831e-02
19	185	1	3.2083084191e-02
19	186	1	3.2039367965e-02
19	187	1	3.1883526935e-02
19	188	1	3.1967267643e-02
19	189	1	3.1553840231e-02
19	190	1	3.1599650566e-02
19	191	1	3.2059771252e-02
19	192	1	3.1542008500e-02
19	193	1	3.1746363072e-02
19	194	1	3.2276849185e-02
19	195	1	3.1917039862e-02
19	196	1	3.2464141091e-02
19	197	1	3.1918649807e-02
19	198	1	3.1695290109e-02
19	199	1	3.1614982353e-02
20	0	1	2.4182176840e-02
20	1	1	2.5369121248e-02
20	2	1	2.6168761907e-02
20	3	1	2.5231152790e-02
20	4	1	2.5947651823e-02
20	5	1	2.5616710869e-02
20	6	1	2.6503310858e-02
20	7	1	2.4816946420e-02
20	8	1	2.5933146603e-02
20	9	1	2.4812820592e-02
20	10	1	2.5554723267e-02
20	11	1	2.4931081331e-02
20	12	1	2.5920540423e-02
20	13	1	2.5649197967e-02
20	14	1	2.5477946060e-02
20	15	1	2.5774471523e-02
20	16	1	2.4889643203e-02
20	17	1	2.6004119338e-02
20	18	1	2.5760437100e-02
20	19	1	2.5087456969e-02
20	20	1	2.4750801910e-02
20	21	1	2.4832255793e-02
20	22	1	2.4830102928e-02
20	23	1	2.4971258924e-02
20	24	1	2.5813724775e-02
20	25	1	2.4927705165e-02
20	26	1	2.5835771217e-02
20	27	1	2.5353730850e-02
20	28	1	2.5601370396e-02
20	29	1	2.5596772968e-02
20	30	1	2.5108324810e-02
20	31	1	2.5379925283e-02
20	32	1	2.5502068657e-02
20	33	1	2.5988923316e-02
20	34	1	2.6282100514e-02
20	35	1	2.4797580728e-02
20	36	1	2.5090825466e-02
20	37	1	2.5150974590e-02
20	38	1	2.4838182834e-02
20	39	1	2.4026611425e-02
20	40	1	2.5285692342e-02
20	41	1	2.5636819644e-02
20	42	1	2.5309878104e-02
20	43	1	2.5171674898e-02
20	44	1	2.5380570730e-02
20	45	1	2.5827734122e-02
20	46	1	2.5944790144e-02
20	47	1	2.5270709800e-02
20	48	1	2.4817527280e-02
20	49	1	2.5258851264e-02
20	50	1	2.5375599520e-02
20	51	1	2.5270006553e-02
20	52	1	2.5274145721e-02
20	53	1	2.4790643027e-02
20	54	1	2.5870460399e-02
20	55	1	2.4981355493e-02
20	56	1	2.4042995596e-02
20	57	1	2.5303978112e-02
20	58	1	2.6227305974e-02
20	59	1	2.5554528303e-02
20	60	1	2.4630253876e-02
20	61	1	2.5730951459e-02
20	62	1	2.6675641925e-02
20	63	1	2.5009549372e-02
20	64	1	2.5421655772e-02
20	65	1	2.5830957568e-02
20	66	1	2.5163412773e-02
20	67	1	2.5932038366e-02
20	68	1	2.5063901730e-02
20	69	1	2.4727516210e-02
20	70	1	2.5480359959e-02
20	71	1	2.4554538217e-02
20	72	1	2.4911562643e-02
20	73	1	2.6397245184e-02
20	74	1	2.4456717920e-02
20	75	1	2.6160710037e-02
20	76	1	2.6046682663e-02
20	77	1	2.5316150108e-02
20	78	1	2.5412032118e-02
20	79	1	2.5411708692e-02
20	80	1	2.6467423804e-02
20	81	1	2.5677629981e-02
20	82	1	2.4512247437e-02
20	83	1	2.4910452321e-02
20	84	1	2.5919108292e-02
20	85	1	2.5975247425e-02
20	86	1	2.5520601990e-02
20	87	1	2.4860196795e-02
20	88	1	2.5409137842e-02
20	89	1	2.5501078572e-02
20	90	1	2.5085510889e-02
20	91	1	2.4543383679e-02
20	92	1	2.4903345053e-02
20	93	1	2.6136985400e-02
20	94	1	2.5492946187e-02
20	95	1	2.6032382013e-02
20	96	1	2.5667807371e-02
20	97	1	2.5257213448e-02
20	98	1	2.5304795654e-02
20	99	1	2.5337609852e-02
20	100	1	2.6384673845e-02
20	101	1	2.5190895877e-02
20	102	1	2.5111795396e-02
20	103	1	2.4920490097e-02
20	104	1	2.5088014271e-02
20	105	1	2.5614378218e-02
20	106	1	2.5097276241e-02
20	107	1	2.5700571624e-02
20	108	1	2.4735664790e-02
20	109	1	2.5402876485e-02
20	110	1	2.5351648068e-02
20	111	1	2.5892353262e-02
20	112	1	2.5248778419e-02
20	113	1	2.5209907250e-02
20	114	1	2.5565809370e-02
20	115	1	2.6021383989e-02
20	116	1	2.4620191407e-02
20	117	1	2.5786867387e-02
20	118	1	2.5248500297e-02
20	119	1	2.5245014968e-02
20	120	1	2.4583875207e-02
20	121	1	2.5895527317e-02
20	122	1	2.5075962673e-02
20	123	1	2.5287567268e-02
20	124	1	2.5925859088e-02
20	125	1	2.5281140905e-02
20	126	1	2.5713857189e-02
20	127	1	2.5176051110e-02
20	128	1	2.5514163412e-02
20	129	1	2.5224268601e-02
20	130	1	2.5011872429e-02
20	131	1	2.5302019222e-02
20	132	1	2.5043855314e-02
20	133	1	2.5250760839e-02
20	134	1	2.4737074220e-02
20	135	1	2.5655293273e-02
20	136	1	2.5136429047e-02
20	137	1	2.4962978189e-02
20	138	1	2.4805999144e-02
20	139	1	2.5219659777e-02
20	140	1	2.6037939473e-02
20	141	1	2.4794144303e-02
20	142	1	2.6294479760e-02
20	143	1	2.5694478312e-02
20	144	1	2.4566679127e-02
20	145	1	2.5143139628e-02
20	146	1	2.5751649988e-02
20	147	1	2.5147425703e-02
20	148	1	2.6469377882e-02
20	149	1	2.4786952381e-02
20	150	1	2.5393001671e-02
20	151	1	2.5602759098e-02
20	152	1	2.5216554807e-02
20	153	1	2.6168214897e-02
20	154	1	2.5973268225e-02
20	155	1	2.5459268379e-02
20	156	1	2.5131967265e-02
20	157	1	2.4973454300e-02
20	158	1	2.5541798693e-02
20	159	1	2.5335098649e-02
20	160	1	2.5443831743e-02
20	161	1	2.5484138896e-02
20	162	1	2.5501544389e-02
20	163	1	2.5689534590e-02
20	164	1	2.5028133139e-02
20	165	1	2.5531849697e-02
20	166	1	2.5005941571e-02
20	167	1	2.5393456043e-02
20	168	1	2.5213525444e-02
20	169	1	2.5098742635e-02
20	170	1	2.4967486862e-02
20	171	1	2.4322009472e-02
20	172	1	2.6116722385e-02
20	173	1	2.5051298773e-02
20	174	1	2.6734104462e-02
20	175	1	2.5272415909e-02
20	176	1	2.4815972388e-02
20	177	1	2.5078559935e-02
20	178	1	2.5774525024e-02
20	179	1	2.5569849950e-02
20	180	1	2.6176142384e-02
20	181	1	2.5595271055e-02
20	182	1	2.4729615123e-02
20	183	1	2.5226800292e-02
20	184	1	2.5907259241e-02
20	185	1	2.5450300790e-02
20	186	1	2.5367161654e-02
20	187	1	2.5243519597e-02
20	188	1	2.5277047672e-02
20	189	1	2.5016174862e-02
20	190	1	2.5003248910e-02
20	191	1	2.5542159544e-02
20	192	1	2.4938282856e-02
20	193	1	2.5112342300e-02
20	194	1	2.5642807862e-02
20	195	1	2.5237044229e-02
20	196	1	2.5694968522e-02
20	197	1	2.5327794256e-02
20	198	1	2.5274733906e-02
20	199	1	2.5004981135e-02
