normalization_mode mode3
title l64c64a076_m140_fit_pz0
gm T5
eta eta0
pz 0
bT 0
component real
nstates 2
normalization_sample_domain complex
input_fit_table /Users/xiang/Desktop/codes/lat-hadron-analysis-DA/examples/l64c64a076_m140/analysis/2-bm/results_fit_nst2/l64c64a076_m140_fit_pz0/tables/l64c64a076_m140_fit_pz0_T5_eta0_bT0_real_2state_fit.txt
input_sample_table /Users/xiang/Desktop/codes/lat-hadron-analysis-DA/examples/l64c64a076_m140/analysis/2-bm/results_fit_nst2/l64c64a076_m140_fit_pz0/samples/l64c64a076_m140_fit_pz0_T5_eta0_bT0_real_2state_samples.txt
reference_same_pz_bT0_bz0 l64c64a076_m140_fit_pz0 T5 eta0 pz=0 bT=0 bz=0
reference_pz0_same_bT_bz0 l64c64a076_m140_fit_pz0 T5 eta0 pz=0 bT=0 bz=0
reference_pz0_bT0_bz0 l64c64a076_m140_fit_pz0 T5 eta0 pz=0 bT=0 bz=0
bz	sample_id	success	m0
0	0	1	1.0000000000e+00
0	1	1	1.0000000000e+00
0	2	1	1.0000000000e+00
0	3	1	1.0000000000e+00
0	4	1	1.0000000000e+00
0	5	1	1.0000000000e+00
0	6	1	1.0000000000e+00
0	7	1	1.0000000000e+00
0	8	1	1.0000000000e+00
0	9	1	1.0000000000e+00
0	10	1	1.0000000000e+00
0	11	1	1.0000000000e+00
0	12	1	1.0000000000e+00
0	13	1	1.0000000000e+00
0	14	1	1.0000000000e+00
0	15	1	1.0000000000e+00
0	16	1	1.0000000000e+00
0	17	1	1.0000000000e+00
0	18	1	1.0000000000e+00
0	19	1	1.0000000000e+00
0	20	1	1.0000000000e+00
0	21	1	1.0000000000e+00
0	22	1	1.0000000000e+00
0	23	1	1.0000000000e+00
0	24	1	1.0000000000e+00
0	25	1	1.0000000000e+00
0	26	1	1.0000000000e+00
0	27	1	1.0000000000e+00
0	28	1	1.0000000000e+00
0	29	1	1.0000000000e+00
0	30	1	1.0000000000e+00
0	31	1	1.0000000000e+00
0	32	1	1.0000000000e+00
0	33	1	1.0000000000e+00
0	34	1	1.0000000000e+00
0	35	1	1.0000000000e+00
0	36	1	1.0000000000e+00
0	37	1	1.0000000000e+00
0	38	1	1.0000000000e+00
0	39	1	1.0000000000e+00
0	40	1	1.0000000000e+00
0	41	1	1.0000000000e+00
0	42	1	1.0000000000e+00
0	43	1	1.0000000000e+00
0	44	1	1.0000000000e+00
0	45	1	1.0000000000e+00
0	46	1	1.0000000000e+00
0	47	1	1.0000000000e+00
0	48	1	1.0000000000e+00
0	49	1	1.0000000000e+00
0	50	1	1.0000000000e+00
0	51	1	1.0000000000e+00
0	52	1	1.0000000000e+00
0	53	1	1.0000000000e+00
0	54	1	1.0000000000e+00
0	55	1	1.0000000000e+00
0	56	1	1.0000000000e+00
0	57	1	1.0000000000e+00
0	58	1	1.0000000000e+00
0	59	1	1.0000000000e+00
0	60	1	1.0000000000e+00
0	61	1	1.0000000000e+00
0	62	1	1.0000000000e+00
0	63	1	1.0000000000e+00
0	64	1	1.0000000000e+00
0	65	1	1.0000000000e+00
0	66	1	1.0000000000e+00
0	67	1	1.0000000000e+00
0	68	1	1.0000000000e+00
0	69	1	1.0000000000e+00
0	70	1	1.0000000000e+00
0	71	1	1.0000000000e+00
0	72	1	1.0000000000e+00
0	73	1	1.0000000000e+00
0	74	1	1.0000000000e+00
0	75	1	1.0000000000e+00
0	76	1	1.0000000000e+00
0	77	1	1.0000000000e+00
0	78	1	1.0000000000e+00
0	79	1	1.0000000000e+00
0	80	1	1.0000000000e+00
0	81	1	1.0000000000e+00
0	82	1	1.0000000000e+00
0	83	1	1.0000000000e+00
0	84	1	1.0000000000e+00
0	85	1	1.0000000000e+00
0	86	1	1.0000000000e+00
0	87	1	1.0000000000e+00
0	88	1	1.0000000000e+00
0	89	1	1.0000000000e+00
0	90	1	1.0000000000e+00
0	91	1	1.0000000000e+00
0	92	1	1.0000000000e+00
0	93	1	1.0000000000e+00
0	94	1	1.0000000000e+00
0	95	1	1.0000000000e+00
0	96	1	1.0000000000e+00
0	97	1	1.0000000000e+00
0	98	1	1.0000000000e+00
0	99	1	1.0000000000e+00
0	100	1	1.0000000000e+00
0	101	1	1.0000000000e+00
0	102	1	1.0000000000e+00
0	103	1	1.0000000000e+00
0	104	1	1.0000000000e+00
0	105	1	1.0000000000e+00
0	106	1	1.0000000000e+00
0	107	1	1.0000000000e+00
0	108	1	1.0000000000e+00
0	109	1	1.0000000000e+00
0	110	1	1.0000000000e+00
0	111	1	1.0000000000e+00
0	112	1	1.0000000000e+00
0	113	1	1.0000000000e+00
0	114	1	1.0000000000e+00
0	115	1	1.0000000000e+00
0	116	1	1.0000000000e+00
0	117	1	1.0000000000e+00
0	118	1	1.0000000000e+00
0	119	1	1.0000000000e+00
0	120	1	1.0000000000e+00
0	121	1	1.0000000000e+00
0	122	1	1.0000000000e+00
0	123	1	1.0000000000e+00
0	124	1	1.0000000000e+00
0	125	1	1.0000000000e+00
0	126	1	1.0000000000e+00
0	127	1	1.0000000000e+00
0	128	1	1.0000000000e+00
0	129	1	1.0000000000e+00
0	130	1	1.0000000000e+00
0	131	1	1.0000000000e+00
0	132	1	1.0000000000e+00
0	133	1	1.0000000000e+00
0	134	1	1.0000000000e+00
0	135	1	1.0000000000e+00
0	136	1	1.0000000000e+00
0	137	1	1.0000000000e+00
0	138	1	1.0000000000e+00
0	139	1	1.0000000000e+00
0	140	1	1.0000000000e+00
0	141	1	1.0000000000e+00
0	142	1	1.0000000000e+00
0	143	1	1.0000000000e+00
0	144	1	1.0000000000e+00
0	145	1	1.0000000000e+00
0	146	1	1.0000000000e+00
0	147	1	1.0000000000e+00
0	148	1	1.0000000000e+00
0	149	1	1.0000000000e+00
0	150	1	1.0000000000e+00
0	151	1	1.0000000000e+00
0	152	1	1.0000000000e+00
0	153	1	1.0000000000e+00
0	154	1	1.0000000000e+00
0	155	1	1.0000000000e+00
0	156	1	1.0000000000e+00
0	157	1	1.0000000000e+00
0	158	1	1.0000000000e+00
0	159	1	1.0000000000e+00
0	160	1	1.0000000000e+00
0	161	1	1.0000000000e+00
0	162	1	1.0000000000e+00
0	163	1	1.0000000000e+00
0	164	1	1.0000000000e+00
0	165	1	1.0000000000e+00
0	166	1	1.0000000000e+00
0	167	1	1.0000000000e+00
0	168	1	1.0000000000e+00
0	169	1	1.0000000000e+00
0	170	1	1.0000000000e+00
0	171	1	1.0000000000e+00
0	172	1	1.0000000000e+00
0	173	1	1.0000000000e+00
0	174	1	1.0000000000e+00
0	175	1	1.0000000000e+00
0	176	1	1.0000000000e+00
0	177	1	1.0000000000e+00
0	178	1	1.0000000000e+00
0	179	1	1.0000000000e+00
0	180	1	1.0000000000e+00
0	181	1	1.0000000000e+00
0	182	1	1.0000000000e+00
0	183	1	1.0000000000e+00
0	184	1	1.0000000000e+00
0	185	1	1.0000000000e+00
0	186	1	1.0000000000e+00
0	187	1	1.0000000000e+00
0	188	1	1.0000000000e+00
0	189	1	1.0000000000e+00
0	190	1	1.0000000000e+00
0	191	1	1.0000000000e+00
0	192	1	1.0000000000e+00
0	193	1	1.0000000000e+00
0	194	1	1.0000000000e+00
0	195	1	1.0000000000e+00
0	196	1	1.0000000000e+00
0	197	1	1.0000000000e+00
0	198	1	1.0000000000e+00
0	199	1	1.0000000000e+00
1	0	1	9.4646052519e-01
1	1	1	9.4635185134e-01
1	2	1	9.4626446997e-01
1	3	1	9.4625615945e-01
1	4	1	9.4631893641e-01
1	5	1	9.4640849389e-01
1	6	1	9.4665854044e-01
1	7	1	9.4633231116e-01
1	8	1	9.4639140235e-01
1	9	1	9.4635188954e-01
1	10	1	9.4649187536e-01
1	11	1	9.4647214069e-01
1	12	1	9.4627604131e-01
1	13	1	9.4649121235e-01
1	14	1	9.4638512984e-01
1	15	1	9.4635931405e-01
1	16	1	9.4655242753e-01
1	17	1	9.4653451002e-01
1	18	1	9.4626836124e-01
1	19	1	9.4628346583e-01
1	20	1	9.4629779197e-01
1	21	1	9.4627393761e-01
1	22	1	9.4656859622e-01
1	23	1	9.4644727561e-01
1	24	1	9.4631572981e-01
1	25	1	9.4644177318e-01
1	26	1	9.4654730696e-01
1	27	1	9.4626838736e-01
1	28	1	9.4641516130e-01
1	29	1	9.4627015149e-01
1	30	1	9.4645157545e-01
1	31	1	9.4631787375e-01
1	32	1	9.4676698915e-01
1	33	1	9.4671726790e-01
1	34	1	9.4632137811e-01
1	35	1	9.4647314302e-01
1	36	1	9.4628546084e-01
1	37	1	9.4668832943e-01
1	38	1	9.4630336984e-01
1	39	1	9.4637253272e-01
1	40	1	9.4643713236e-01
1	41	1	9.4638889823e-01
1	42	1	9.4625811680e-01
1	43	1	9.4657044112e-01
1	44	1	9.4641518948e-01
1	45	1	9.4630606446e-01
1	46	1	9.4629114814e-01
1	47	1	9.4632944392e-01
1	48	1	9.4630846013e-01
1	49	1	9.4655339235e-01
1	50	1	9.4631294547e-01
1	51	1	9.4647138208e-01
1	52	1	9.4656087956e-01
1	53	1	9.4636222944e-01
1	54	1	9.4642719293e-01
1	55	1	9.4654768049e-01
1	56	1	9.4638789291e-01
1	57	1	9.4674205857e-01
1	58	1	9.4656467823e-01
1	59	1	9.4630820041e-01
1	60	1	9.4653202570e-01
1	61	1	9.4627693226e-01
1	62	1	9.4624343559e-01
1	63	1	9.4626803672e-01
1	64	1	9.4629915520e-01
1	65	1	9.4647878957e-01
1	66	1	9.4654181010e-01
1	67	1	9.4629970245e-01
1	68	1	9.4643810320e-01
1	69	1	9.4633836983e-01
1	70	1	9.4639421715e-01
1	71	1	9.4644154762e-01
1	72	1	9.4639026409e-01
1	73	1	9.4648474800e-01
1	74	1	9.4637045676e-01
1	75	1	9.4624397179e-01
1	76	1	9.4626510803e-01
1	77	1	9.4644148620e-01
1	78	1	9.4646238060e-01
1	79	1	9.4628403899e-01
1	80	1	9.4632165206e-01
1	81	1	9.4624801513e-01
1	82	1	9.4638360501e-01
1	83	1	9.4645034757e-01
1	84	1	9.4629784112e-01
1	85	1	9.4628094879e-01
1	86	1	9.4661275398e-01
1	87	1	9.4631744649e-01
1	88	1	9.4650843173e-01
1	89	1	9.4645422514e-01
1	90	1	9.4636809310e-01
1	91	1	9.4632340129e-01
1	92	1	9.4639163300e-01
1	93	1	9.4623975788e-01
1	94	1	9.4644978605e-01
1	95	1	9.4646147935e-01
1	96	1	9.4677073740e-01
1	97	1	9.4629444546e-01
1	98	1	9.4630505405e-01
1	99	1	9.4655273270e-01
1	100	1	9.4659667518e-01
1	101	1	9.4657560189e-01
1	102	1	9.4630949953e-01
1	103	1	9.4628754355e-01
1	104	1	9.4643539062e-01
1	105	1	9.4637981159e-01
1	106	1	9.4652067857e-01
1	107	1	9.4659410094e-01
1	108	1	9.4665379608e-01
1	109	1	9.4660256989e-01
1	110	1	9.4640837770e-01
1	111	1	9.4637531633e-01
1	112	1	9.4627442904e-01
1	113	1	9.4636452597e-01
1	114	1	9.4662242670e-01
1	115	1	9.4631742727e-01
1	116	1	9.4632471447e-01
1	117	1	9.4654419680e-01
1	118	1	9.4661395210e-01
1	119	1	9.4641608245e-01
1	120	1	9.4646813008e-01
1	121	1	9.4643843583e-01
1	122	1	9.4647469254e-01
1	123	1	9.4647645593e-01
1	124	1	9.4651633571e-01
1	125	1	9.4656089533e-01
1	126	1	9.4625581264e-01
1	127	1	9.4657886172e-01
1	128	1	9.4636370600e-01
1	129	1	9.4650563188e-01
1	130	1	9.4644074575e-01
1	131	1	9.4659667441e-01
1	132	1	9.4646032744e-01
1	133	1	9.4632339852e-01
1	134	1	9.4649791683e-01
1	135	1	9.4628116652e-01
1	136	1	9.4631667023e-01
1	137	1	9.4627196475e-01
1	138	1	9.4647402616e-01
1	139	1	9.4630554001e-01
1	140	1	9.4645431158e-01
1	141	1	9.4634613451e-01
1	142	1	9.4643629686e-01
1	143	1	9.4678054588e-01
1	144	1	9.4638226672e-01
1	145	1	9.4627594971e-01
1	146	1	9.4631704210e-01
1	147	1	9.4629729166e-01
1	148	1	9.4629489848e-01
1	149	1	9.4625461225e-01
1	150	1	9.4631359810e-01
1	151	1	9.4625923115e-01
1	152	1	9.4631458671e-01
1	153	1	9.4665758450e-01
1	154	1	9.4647230568e-01
1	155	1	9.4637183150e-01
1	156	1	9.4627137865e-01
1	157	1	9.4628245700e-01
1	158	1	9.4627974667e-01
1	159	1	9.4628293428e-01
1	160	1	9.4631706471e-01
1	161	1	9.4629498546e-01
1	162	1	9.4635340005e-01
1	163	1	9.4624595220e-01
1	164	1	9.4630918408e-01
1	165	1	9.4626037909e-01
1	166	1	9.4651169284e-01
1	167	1	9.4656446438e-01
1	168	1	9.4632284571e-01
1	169	1	9.4646662008e-01
1	170	1	9.4629922155e-01
1	171	1	9.4629700007e-01
1	172	1	9.4639474999e-01
1	173	1	9.4638285755e-01
1	174	1	9.4629409131e-01
1	175	1	9.4651762885e-01
1	176	1	9.4674853481e-01
1	177	1	9.4639728652e-01
1	178	1	9.4622911189e-01
1	179	1	9.4644036162e-01
1	180	1	9.4633460507e-01
1	181	1	9.4627177878e-01
1	182	1	9.4650156382e-01
1	183	1	9.4639641553e-01
1	184	1	9.4635099875e-01
1	185	1	9.4661420767e-01
1	186	1	9.4628697857e-01
1	187	1	9.4673399011e-01
1	188	1	9.4650049859e-01
1	189	1	9.4625480681e-01
1	190	1	9.4637492740e-01
1	191	1	9.4632610485e-01
1	192	1	9.4629097041e-01
1	193	1	9.4624048205e-01
1	194	1	9.4632050658e-01
1	195	1	9.4626568926e-01
1	196	1	9.4629236762e-01
1	197	1	9.4629020967e-01
1	198	1	9.4630041835e-01
1	199	1	9.4681794612e-01
2	0	1	8.5109260616e-01
2	1	1	8.5089436045e-01
2	2	1	8.5064257787e-01
2	3	1	8.5059985817e-01
2	4	1	8.5078424884e-01
2	5	1	8.5094722894e-01
2	6	1	8.5176234326e-01
2	7	1	8.5081811059e-01
2	8	1	8.5095579795e-01
2	9	1	8.5084903592e-01
2	10	1	8.5122171871e-01
2	11	1	8.5116184914e-01
2	12	1	8.5067118192e-01
2	13	1	8.5120493688e-01
2	14	1	8.5091822263e-01
2	15	1	8.5090046418e-01
2	16	1	8.5131867509e-01
2	17	1	8.5136755654e-01
2	18	1	8.5063854261e-01
2	19	1	8.5065809488e-01
2	20	1	8.5069301848e-01
2	21	1	8.5063217994e-01
2	22	1	8.5144738996e-01
2	23	1	8.5112936585e-01
2	24	1	8.5078602175e-01
2	25	1	8.5104614473e-01
2	26	1	8.5138195744e-01
2	27	1	8.5062673082e-01
2	28	1	8.5098162889e-01
2	29	1	8.5060292258e-01
2	30	1	8.5110167726e-01
2	31	1	8.5078349252e-01
2	32	1	8.5197708706e-01
2	33	1	8.5182457996e-01
2	34	1	8.5078797309e-01
2	35	1	8.5122176179e-01
2	36	1	8.5068923317e-01
2	37	1	8.5177019520e-01
2	38	1	8.5075130977e-01
2	39	1	8.5085620474e-01
2	40	1	8.5109345146e-01
2	41	1	8.5095789215e-01
2	42	1	8.5062419724e-01
2	43	1	8.5155943167e-01
2	44	1	8.5105687164e-01
2	45	1	8.5077342207e-01
2	46	1	8.5070340737e-01
2	47	1	8.5078100421e-01
2	48	1	8.5074665549e-01
2	49	1	8.5139038199e-01
2	50	1	8.5076010130e-01
2	51	1	8.5115023832e-01
2	52	1	8.5134886751e-01
2	53	1	8.5084631071e-01
2	54	1	8.5110949179e-01
2	55	1	8.5140085475e-01
2	56	1	8.5091621829e-01
2	57	1	8.5192185181e-01
2	58	1	8.5143966774e-01
2	59	1	8.5073407322e-01
2	60	1	8.5132452522e-01
2	61	1	8.5062765107e-01
2	62	1	8.5056685561e-01
2	63	1	8.5060950853e-01
2	64	1	8.5071702589e-01
2	65	1	8.5122335341e-01
2	66	1	8.5133843959e-01
2	67	1	8.5072383059e-01
2	68	1	8.5106177264e-01
2	69	1	8.5087814948e-01
2	70	1	8.5096573722e-01
2	71	1	8.5111219158e-01
2	72	1	8.5098412247e-01
2	73	1	8.5121964845e-01
2	74	1	8.5096043440e-01
2	75	1	8.5056363276e-01
2	76	1	8.5062459014e-01
2	77	1	8.5113113423e-01
2	78	1	8.5110432338e-01
2	79	1	8.5062585465e-01
2	80	1	8.5083048359e-01
2	81	1	8.5057080506e-01
2	82	1	8.5094706439e-01
2	83	1	8.5104593238e-01
2	84	1	8.5072267116e-01
2	85	1	8.5062245925e-01
2	86	1	8.5151875241e-01
2	87	1	8.5078506855e-01
2	88	1	8.5126949824e-01
2	89	1	8.5116312353e-01
2	90	1	8.5088755477e-01
2	91	1	8.5083480575e-01
2	92	1	8.5095879361e-01
2	93	1	8.5051320984e-01
2	94	1	8.5103856340e-01
2	95	1	8.5119272028e-01
2	96	1	8.5198570256e-01
2	97	1	8.5070822901e-01
2	98	1	8.5073020146e-01
2	99	1	8.5138197122e-01
2	100	1	8.5161112127e-01
2	101	1	8.5143613926e-01
2	102	1	8.5074055534e-01
2	103	1	8.5068611023e-01
2	104	1	8.5106649328e-01
2	105	1	8.5091245833e-01
2	106	1	8.5130698772e-01
2	107	1	8.5144061818e-01
2	108	1	8.5163312587e-01
2	109	1	8.5149444870e-01
2	110	1	8.5102130255e-01
2	111	1	8.5089930457e-01
2	112	1	8.5064966663e-01
2	113	1	8.5091930678e-01
2	114	1	8.5159008009e-01
2	115	1	8.5081262634e-01
2	116	1	8.5076926466e-01
2	117	1	8.5130884695e-01
2	118	1	8.5157257310e-01
2	119	1	8.5100721968e-01
2	120	1	8.5116681924e-01
2	121	1	8.5108119038e-01
2	122	1	8.5119226112e-01
2	123	1	8.5116880359e-01
2	124	1	8.5129604381e-01
2	125	1	8.5137762715e-01
2	126	1	8.5061363414e-01
2	127	1	8.5140524111e-01
2	128	1	8.5091523286e-01
2	129	1	8.5120009126e-01
2	130	1	8.5108427597e-01
2	131	1	8.5143166648e-01
2	132	1	8.5110714655e-01
2	133	1	8.5080366708e-01
2	134	1	8.5122389512e-01
2	135	1	8.5063395918e-01
2	136	1	8.5073931498e-01
2	137	1	8.5062809497e-01
2	138	1	8.5122119627e-01
2	139	1	8.5080169135e-01
2	140	1	8.5106526998e-01
2	141	1	8.5083192382e-01
2	142	1	8.5107415173e-01
2	143	1	8.5191358593e-01
2	144	1	8.5093981731e-01
2	145	1	8.5063927708e-01
2	146	1	8.5080217665e-01
2	147	1	8.5072952966e-01
2	148	1	8.5068783026e-01
2	149	1	8.5060380435e-01
2	150	1	8.5074185688e-01
2	151	1	8.5060086815e-01
2	152	1	8.5076635010e-01
2	153	1	8.5159922708e-01
2	154	1	8.5125505308e-01
2	155	1	8.5096227447e-01
2	156	1	8.5059909278e-01
2	157	1	8.5063688400e-01
2	158	1	8.5064024218e-01
2	159	1	8.5068442119e-01
2	160	1	8.5077612189e-01
2	161	1	8.5071518780e-01
2	162	1	8.5084520074e-01
2	163	1	8.5054947442e-01
2	164	1	8.5074984242e-01
2	165	1	8.5060251380e-01
2	166	1	8.5125276561e-01
2	167	1	8.5144048677e-01
2	168	1	8.5079016263e-01
2	169	1	8.5114437302e-01
2	170	1	8.5070450064e-01
2	171	1	8.5068353801e-01
2	172	1	8.5098640831e-01
2	173	1	8.5091990927e-01
2	174	1	8.5072144137e-01
2	175	1	8.5127003194e-01
2	176	1	8.5187194255e-01
2	177	1	8.5099152946e-01
2	178	1	8.5049584493e-01
2	179	1	8.5106028030e-01
2	180	1	8.5079927016e-01
2	181	1	8.5067143373e-01
2	182	1	8.5126252951e-01
2	183	1	8.5100328686e-01
2	184	1	8.5085923351e-01
2	185	1	8.5160143273e-01
2	186	1	8.5067913254e-01
2	187	1	8.5177727312e-01
2	188	1	8.5132208130e-01
2	189	1	8.5059084988e-01
2	190	1	8.5089582363e-01
2	191	1	8.5077822025e-01
2	192	1	8.5067533083e-01
2	193	1	8.5055533140e-01
2	194	1	8.5074811747e-01
2	195	1	8.5060119537e-01
2	196	1	8.5070859886e-01
2	197	1	8.5068946800e-01
2	198	1	8.5069415247e-01
2	199	1	8.5211247545e-01
3	0	1	7.5133551873e-01
3	1	1	7.5121397339e-01
3	2	1	7.5081102981e-01
3	3	1	7.5073211160e-01
3	4	1	7.5101397736e-01
3	5	1	7.5111761289e-01
3	6	1	7.5255480990e-01
3	7	1	7.5109666798e-01
3	8	1	7.5121933332e-01
3	9	1	7.5107672963e-01
3	10	1	7.5162330995e-01
3	11	1	7.5153351495e-01
3	12	1	7.5084295222e-01
3	13	1	7.5154656414e-01
3	14	1	7.5112055991e-01
3	15	1	7.5119038698e-01
3	16	1	7.5163859767e-01
3	17	1	7.5184188220e-01
3	18	1	7.5078911825e-01
3	19	1	7.5077946970e-01
3	20	1	7.5082956356e-01
3	21	1	7.5073315058e-01
3	22	1	7.5197431667e-01
3	23	1	7.5148631250e-01
3	24	1	7.5104531193e-01
3	25	1	7.5128406899e-01
3	26	1	7.5182986181e-01
3	27	1	7.5074261373e-01
3	28	1	7.5118111305e-01
3	29	1	7.5067394239e-01
3	30	1	7.5140991144e-01
3	31	1	7.5099776084e-01
3	32	1	7.5268271327e-01
3	33	1	7.5253971034e-01
3	34	1	7.5103626225e-01
3	35	1	7.5165881480e-01
3	36	1	7.5083938290e-01
3	37	1	7.5242799668e-01
3	38	1	7.5099610249e-01
3	39	1	7.5096359587e-01
3	40	1	7.5143825326e-01
3	41	1	7.5127363021e-01
3	42	1	7.5079122033e-01
3	43	1	7.5226437302e-01
3	44	1	7.5142875208e-01
3	45	1	7.5104822089e-01
3	46	1	7.5088663620e-01
3	47	1	7.5093475740e-01
3	48	1	7.5093777467e-01
3	49	1	7.5187165612e-01
3	50	1	7.5095633654e-01
3	51	1	7.5144646465e-01
3	52	1	7.5164994466e-01
3	53	1	7.5097278259e-01
3	54	1	7.5154365118e-01
3	55	1	7.5192600472e-01
3	56	1	7.5109586818e-01
3	57	1	7.5266659404e-01
3	58	1	7.5196032502e-01
3	59	1	7.5090416941e-01
3	60	1	7.5174802326e-01
3	61	1	7.5070139795e-01
3	62	1	7.5067565062e-01
3	63	1	7.5067021061e-01
3	64	1	7.5089446343e-01
3	65	1	7.5168682585e-01
3	66	1	7.5171479216e-01
3	67	1	7.5089043928e-01
3	68	1	7.5132683625e-01
3	69	1	7.5123213268e-01
3	70	1	7.5124681221e-01
3	71	1	7.5150982186e-01
3	72	1	7.5131425280e-01
3	73	1	7.5162039430e-01
3	74	1	7.5129899243e-01
3	75	1	7.5066100619e-01
3	76	1	7.5075749600e-01
3	77	1	7.5155082738e-01
3	78	1	7.5135175710e-01
3	79	1	7.5065684091e-01
3	80	1	7.5114775450e-01
3	81	1	7.5064545518e-01
3	82	1	7.5122411328e-01
3	83	1	7.5126167785e-01
3	84	1	7.5093963004e-01
3	85	1	7.5066766678e-01
3	86	1	7.5201380661e-01
3	87	1	7.5101995458e-01
3	88	1	7.5168989499e-01
3	89	1	7.5159025072e-01
3	90	1	7.5112325131e-01
3	91	1	7.5116556173e-01
3	92	1	7.5124054520e-01
3	93	1	7.5051514753e-01
3	94	1	7.5118209987e-01
3	95	1	7.5165171761e-01
3	96	1	7.5271828119e-01
3	97	1	7.5088905852e-01
3	98	1	7.5090296109e-01
3	99	1	7.5183439574e-01
3	100	1	7.5238801582e-01
3	101	1	7.5187368236e-01
3	102	1	7.5090857934e-01
3	103	1	7.5085161374e-01
3	104	1	7.5138580677e-01
3	105	1	7.5113509301e-01
3	106	1	7.5172247669e-01
3	107	1	7.5179808245e-01
3	108	1	7.5215863640e-01
3	109	1	7.5196775046e-01
3	110	1	7.5133372011e-01
3	111	1	7.5111473031e-01
3	112	1	7.5079814179e-01
3	113	1	7.5124928973e-01
3	114	1	7.5216198856e-01
3	115	1	7.5110841458e-01
3	116	1	7.5091794480e-01
3	117	1	7.5164673332e-01
3	118	1	7.5214485772e-01
3	119	1	7.5127074102e-01
3	120	1	7.5153869204e-01
3	121	1	7.5140001281e-01
3	122	1	7.5155761116e-01
3	123	1	7.5150222109e-01
3	124	1	7.5174443841e-01
3	125	1	7.5176723822e-01
3	126	1	7.5076633258e-01
3	127	1	7.5177948441e-01
3	128	1	7.5122645368e-01
3	129	1	7.5149796657e-01
3	130	1	7.5139157397e-01
3	131	1	7.5172612842e-01
3	132	1	7.5137227998e-01
3	133	1	7.5106351157e-01
3	134	1	7.5156188985e-01
3	135	1	7.5070065346e-01
3	136	1	7.5087634003e-01
3	137	1	7.5072212242e-01
3	138	1	7.5168246716e-01
3	139	1	7.5113346547e-01
3	140	1	7.5125379700e-01
3	141	1	7.5103513845e-01
3	142	1	7.5138978332e-01
3	143	1	7.5243493877e-01
3	144	1	7.5120529485e-01
3	145	1	7.5074329505e-01
3	146	1	7.5111625397e-01
3	147	1	7.5095223136e-01
3	148	1	7.5078907121e-01
3	149	1	7.5074255872e-01
3	150	1	7.5091262555e-01
3	151	1	7.5071660532e-01
3	152	1	7.5094999608e-01
3	153	1	7.5200639852e-01
3	154	1	7.5178817207e-01
3	155	1	7.5130916386e-01
3	156	1	7.5061715718e-01
3	157	1	7.5070068081e-01
3	158	1	7.5072813439e-01
3	159	1	7.5086062359e-01
3	160	1	7.5102583175e-01
3	161	1	7.5090420107e-01
3	162	1	7.5106773499e-01
3	163	1	7.5061352175e-01
3	164	1	7.5097050739e-01
3	165	1	7.5071825212e-01
3	166	1	7.5162065022e-01
3	167	1	7.5197314734e-01
3	168	1	7.5101014651e-01
3	169	1	7.5144480821e-01
3	170	1	7.5082587181e-01
3	171	1	7.5078595414e-01
3	172	1	7.5128968323e-01
3	173	1	7.5117115381e-01
3	174	1	7.5091766822e-01
3	175	1	7.5163113446e-01
3	176	1	7.5243390074e-01
3	177	1	7.5131575660e-01
3	178	1	7.5050170448e-01
3	179	1	7.5133915379e-01
3	180	1	7.5096977649e-01
3	181	1	7.5087793727e-01
3	182	1	7.5169353051e-01
3	183	1	7.5135512866e-01
3	184	1	7.5111524476e-01
3	185	1	7.5221804798e-01
3	186	1	7.5080672018e-01
3	187	1	7.5224668106e-01
3	188	1	7.5190299195e-01
3	189	1	7.5069434280e-01
3	190	1	7.5110755923e-01
3	191	1	7.5095858379e-01
3	192	1	7.5080046645e-01
3	193	1	7.5065787264e-01
3	194	1	7.5087385510e-01
3	195	1	7.5066700395e-01
3	196	1	7.5091244111e-01
3	197	1	7.5083144069e-01
3	198	1	7.5078584268e-01
3	199	1	7.5294668097e-01
4	0	1	6.5489346199e-01
4	1	1	6.5486957133e-01
4	2	1	6.5433894222e-01
4	3	1	6.5419652616e-01
4	4	1	6.5456889402e-01
4	5	1	6.5461825832e-01
4	6	1	6.5667048793e-01
4	7	1	6.5472873382e-01
4	8	1	6.5479603531e-01
4	9	1	6.5461767615e-01
4	10	1	6.5534405133e-01
4	11	1	6.5523760778e-01
4	12	1	6.5434087712e-01
4	13	1	6.5520228370e-01
4	14	1	6.5467090910e-01
4	15	1	6.5478001399e-01
4	16	1	6.5525120129e-01
4	17	1	6.5562356404e-01
4	18	1	6.5426756990e-01
4	19	1	6.5422028422e-01
4	20	1	6.5428957631e-01
4	21	1	6.5416294254e-01
4	22	1	6.5585329920e-01
4	23	1	6.5512117547e-01
4	24	1	6.5464157001e-01
4	25	1	6.5484148540e-01
4	26	1	6.5557116698e-01
4	27	1	6.5417910573e-01
4	28	1	6.5467252070e-01
4	29	1	6.5408720011e-01
4	30	1	6.5503841625e-01
4	31	1	6.5450327732e-01
4	32	1	6.5665867919e-01
4	33	1	6.5664459163e-01
4	34	1	6.5463772494e-01
4	35	1	6.5539167696e-01
4	36	1	6.5429253160e-01
4	37	1	6.5641637958e-01
4	38	1	6.5458932970e-01
4	39	1	6.5433155614e-01
4	40	1	6.5508009633e-01
4	41	1	6.5493014767e-01
4	42	1	6.5429054137e-01
4	43	1	6.5628916115e-01
4	44	1	6.5510512370e-01
4	45	1	6.5465318388e-01
4	46	1	6.5438837155e-01
4	47	1	6.5437056078e-01
4	48	1	6.5444289933e-01
4	49	1	6.5568342730e-01
4	50	1	6.5446666930e-01
4	51	1	6.5503166938e-01
4	52	1	6.5526260109e-01
4	53	1	6.5439525274e-01
4	54	1	6.5529840834e-01
4	55	1	6.5575753881e-01
4	56	1	6.5456047036e-01
4	57	1	6.5668398185e-01
4	58	1	6.5577558113e-01
4	59	1	6.5439418890e-01
4	60	1	6.5546436944e-01
4	61	1	6.5407509018e-01
4	62	1	6.5412156081e-01
4	63	1	6.5403626668e-01
4	64	1	6.5440090833e-01
4	65	1	6.5546754849e-01
4	66	1	6.5538936075e-01
4	67	1	6.5436578098e-01
4	68	1	6.5490267348e-01
4	69	1	6.5491570551e-01
4	70	1	6.5485260977e-01
4	71	1	6.5524297605e-01
4	72	1	6.5499106739e-01
4	73	1	6.5533212691e-01
4	74	1	6.5492997329e-01
4	75	1	6.5408346266e-01
4	76	1	6.5423248317e-01
4	77	1	6.5530312375e-01
4	78	1	6.5489689996e-01
4	79	1	6.5398477771e-01
4	80	1	6.5480847303e-01
4	81	1	6.5401360313e-01
4	82	1	6.5479108276e-01
4	83	1	6.5479263430e-01
4	84	1	6.5452230956e-01
4	85	1	6.5405780868e-01
4	86	1	6.5582900575e-01
4	87	1	6.5457615556e-01
4	88	1	6.5541463961e-01
4	89	1	6.5533473026e-01
4	90	1	6.5467490255e-01
4	91	1	6.5483480253e-01
4	92	1	6.5487774253e-01
4	93	1	6.5383510525e-01
4	94	1	6.5460515034e-01
4	95	1	6.5543515666e-01
4	96	1	6.5672250504e-01
4	97	1	6.5441553480e-01
4	98	1	6.5439466381e-01
4	99	1	6.5560856466e-01
4	100	1	6.5651085666e-01
4	101	1	6.5557627334e-01
4	102	1	6.5439495431e-01
4	103	1	6.5434275497e-01
4	104	1	6.5500489664e-01
4	105	1	6.5467118814e-01
4	106	1	6.5543451526e-01
4	107	1	6.5544759724e-01
4	108	1	6.5600062798e-01
4	109	1	6.5576591347e-01
4	110	1	6.5496399237e-01
4	111	1	6.5462543695e-01
4	112	1	6.5428343823e-01
4	113	1	6.5489504787e-01
4	114	1	6.5603208914e-01
4	115	1	6.5474468003e-01
4	116	1	6.5439097536e-01
4	117	1	6.5525941535e-01
4	118	1	6.5604994499e-01
4	119	1	6.5485419997e-01
4	120	1	6.5527556530e-01
4	121	1	6.5504276120e-01
4	122	1	6.5523744035e-01
4	123	1	6.5513740254e-01
4	124	1	6.5555969762e-01
4	125	1	6.5546473598e-01
4	126	1	6.5424234891e-01
4	127	1	6.5543328415e-01
4	128	1	6.5488839097e-01
4	129	1	6.5516291152e-01
4	130	1	6.5505475269e-01
4	131	1	6.5524511645e-01
4	132	1	6.5494543647e-01
4	133	1	6.5467284147e-01
4	134	1	6.5522522071e-01
4	135	1	6.5406576895e-01
4	136	1	6.5433499341e-01
4	137	1	6.5413858721e-01
4	138	1	6.5545888906e-01
4	139	1	6.5482141933e-01
4	140	1	6.5473397781e-01
4	141	1	6.5457536691e-01
4	142	1	6.5502338241e-01
4	143	1	6.5622166892e-01
4	144	1	6.5476460719e-01
4	145	1	6.5416446527e-01
4	146	1	6.5479875287e-01
4	147	1	6.5449821846e-01
4	148	1	6.5419013495e-01
4	149	1	6.5420939950e-01
4	150	1	6.5442040590e-01
4	151	1	6.5418728885e-01
4	152	1	6.5443551660e-01
4	153	1	6.5570154061e-01
4	154	1	6.5562528943e-01
4	155	1	6.5495279395e-01
4	156	1	6.5392115287e-01
4	157	1	6.5406887658e-01
4	158	1	6.5414216586e-01
4	159	1	6.5436312442e-01
4	160	1	6.5464465494e-01
4	161	1	6.5441388785e-01
4	162	1	6.5463791106e-01
4	163	1	6.5400976999e-01
4	164	1	6.5452634361e-01
4	165	1	6.5417529624e-01
4	166	1	6.5532350432e-01
4	167	1	6.5581868896e-01
4	168	1	6.5454374884e-01
4	169	1	6.5504288603e-01
4	170	1	6.5422629945e-01
4	171	1	6.5421320744e-01
4	172	1	6.5491761368e-01
4	173	1	6.5478033951e-01
4	174	1	6.5444292585e-01
4	175	1	6.5526312716e-01
4	176	1	6.5624515390e-01
4	177	1	6.5495696728e-01
4	178	1	6.5384493040e-01
4	179	1	6.5494338020e-01
4	180	1	6.5445119637e-01
4	181	1	6.5443825538e-01
4	182	1	6.5543559141e-01
4	183	1	6.5505790178e-01
4	184	1	6.5470295342e-01
4	185	1	6.5607086594e-01
4	186	1	6.5424445458e-01
4	187	1	6.5601597388e-01
4	188	1	6.5581819673e-01
4	189	1	6.5412677751e-01
4	190	1	6.5463331667e-01
4	191	1	6.5444234984e-01
4	192	1	6.5424829637e-01
4	193	1	6.5410813420e-01
4	194	1	6.5430605968e-01
4	195	1	6.5405820796e-01
4	196	1	6.5445009913e-01
4	197	1	6.5427355173e-01
4	198	1	6.5417716078e-01
4	199	1	6.5702364605e-01
5	0	1	5.6442395134e-01
5	1	1	5.6448299978e-01
5	2	1	5.6387730524e-01
5	3	1	5.6362024918e-01
5	4	1	5.6408708971e-01
5	5	1	5.6415664174e-01
5	6	1	5.6673272090e-01
5	7	1	5.6431552303e-01
5	8	1	5.6433549261e-01
5	9	1	5.6410508688e-01
5	10	1	5.6503519690e-01
5	11	1	5.6493040301e-01
5	12	1	5.6379954922e-01
5	13	1	5.6485574271e-01
5	14	1	5.6423390251e-01
5	15	1	5.6432927288e-01
5	16	1	5.6486321614e-01
5	17	1	5.6536028264e-01
5	18	1	5.6370182215e-01
5	19	1	5.6362091805e-01
5	20	1	5.6371105247e-01
5	21	1	5.6359176452e-01
5	22	1	5.6573213553e-01
5	23	1	5.6467672150e-01
5	24	1	5.6419273814e-01
5	25	1	5.6438700362e-01
5	26	1	5.6527424379e-01
5	27	1	5.6357775173e-01
5	28	1	5.6414028229e-01
5	29	1	5.6350906229e-01
5	30	1	5.6466088898e-01
5	31	1	5.6395128602e-01
5	32	1	5.6664257471e-01
5	33	1	5.6679879640e-01
5	34	1	5.6424579016e-01
5	35	1	5.6508216969e-01
5	36	1	5.6369459413e-01
5	37	1	5.6641453622e-01
5	38	1	5.6414062033e-01
5	39	1	5.6366090288e-01
5	40	1	5.6468335372e-01
5	41	1	5.6456855092e-01
5	42	1	5.6374179517e-01
5	43	1	5.6627026377e-01
5	44	1	5.6472358562e-01
5	45	1	5.6419210248e-01
5	46	1	5.6384800298e-01
5	47	1	5.6374934846e-01
5	48	1	5.6390529402e-01
5	49	1	5.6552130515e-01
5	50	1	5.6392411503e-01
5	51	1	5.6461069604e-01
5	52	1	5.6491838245e-01
5	53	1	5.6381849555e-01
5	54	1	5.6502013884e-01
5	55	1	5.6555573292e-01
5	56	1	5.6399403800e-01
5	57	1	5.6667809004e-01
5	58	1	5.6554752358e-01
5	59	1	5.6384411479e-01
5	60	1	5.6510285415e-01
5	61	1	5.6342048295e-01
5	62	1	5.6355074891e-01
5	63	1	5.6337413546e-01
5	64	1	5.6388354551e-01
5	65	1	5.6518612860e-01
5	66	1	5.6504698910e-01
5	67	1	5.6379615653e-01
5	68	1	5.6446056086e-01
5	69	1	5.6453201040e-01
5	70	1	5.6443150994e-01
5	71	1	5.6492023029e-01
5	72	1	5.6464193027e-01
5	73	1	5.6498622376e-01
5	74	1	5.6449038270e-01
5	75	1	5.6348046144e-01
5	76	1	5.6368452317e-01
5	77	1	5.6501422394e-01
5	78	1	5.6444422082e-01
5	79	1	5.6329572169e-01
5	80	1	5.6443935130e-01
5	81	1	5.6333019170e-01
5	82	1	5.6430877756e-01
5	83	1	5.6431641976e-01
5	84	1	5.6410162366e-01
5	85	1	5.6346570554e-01
5	86	1	5.6563830470e-01
5	87	1	5.6407836079e-01
5	88	1	5.6508533380e-01
5	89	1	5.6503447609e-01
5	90	1	5.6419385144e-01
5	91	1	5.6445205210e-01
5	92	1	5.6452061597e-01
5	93	1	5.6314908896e-01
5	94	1	5.6404038196e-01
5	95	1	5.6516326503e-01
5	96	1	5.6674767232e-01
5	97	1	5.6392536043e-01
5	98	1	5.6384726796e-01
5	99	1	5.6538219107e-01
5	100	1	5.6658648761e-01
5	101	1	5.6524011087e-01
5	102	1	5.6385029611e-01
5	103	1	5.6379768534e-01
5	104	1	5.6457090298e-01
5	105	1	5.6417831499e-01
5	106	1	5.6510942952e-01
5	107	1	5.6510163446e-01
5	108	1	5.6582162625e-01
5	109	1	5.6554563223e-01
5	110	1	5.6455931083e-01
5	111	1	5.6408215153e-01
5	112	1	5.6375513992e-01
5	113	1	5.6446750866e-01
5	114	1	5.6586803900e-01
5	115	1	5.6433778958e-01
5	116	1	5.6383450948e-01
5	117	1	5.6486880230e-01
5	118	1	5.6596657865e-01
5	119	1	5.6441267731e-01
5	120	1	5.6503049270e-01
5	121	1	5.6465178567e-01
5	122	1	5.6491558932e-01
5	123	1	5.6473969097e-01
5	124	1	5.6541200205e-01
5	125	1	5.6515246619e-01
5	126	1	5.6367373793e-01
5	127	1	5.6507278737e-01
5	128	1	5.6455124013e-01
5	129	1	5.6487255692e-01
5	130	1	5.6476198021e-01
5	131	1	5.6476810511e-01
5	132	1	5.6452948120e-01
5	133	1	5.6425681580e-01
5	134	1	5.6489901637e-01
5	135	1	5.6340137948e-01
5	136	1	5.6378672429e-01
5	137	1	5.6354286012e-01
5	138	1	5.6518062822e-01
5	139	1	5.6445998863e-01
5	140	1	5.6422380127e-01
5	141	1	5.6413319977e-01
5	142	1	5.6463285136e-01
5	143	1	5.6606084068e-01
5	144	1	5.6425905310e-01
5	145	1	5.6356077404e-01
5	146	1	5.6445010961e-01
5	147	1	5.6399964700e-01
5	148	1	5.6355845768e-01
5	149	1	5.6362575069e-01
5	150	1	5.6391698381e-01
5	151	1	5.6365491659e-01
5	152	1	5.6387739581e-01
5	153	1	5.6544887745e-01
5	154	1	5.6536070892e-01
5	155	1	5.6453887092e-01
5	156	1	5.6318570942e-01
5	157	1	5.6338808427e-01
5	158	1	5.6354860104e-01
5	159	1	5.6380251105e-01
5	160	1	5.6424247733e-01
5	161	1	5.6386698384e-01
5	162	1	5.6420196032e-01
5	163	1	5.6338221405e-01
5	164	1	5.6404361869e-01
5	165	1	5.6359378758e-01
5	166	1	5.6506280926e-01
5	167	1	5.6565249408e-01
5	168	1	5.6402698115e-01
5	169	1	5.6463773760e-01
5	170	1	5.6355189381e-01
5	171	1	5.6362104211e-01
5	172	1	5.6450790815e-01
5	173	1	5.6439009026e-01
5	174	1	5.6392918968e-01
5	175	1	5.6486431977e-01
5	176	1	5.6609234441e-01
5	177	1	5.6455835132e-01
5	178	1	5.6319623068e-01
5	179	1	5.6454693194e-01
5	180	1	5.6392104976e-01
5	181	1	5.6398099820e-01
5	182	1	5.6513384565e-01
5	183	1	5.6474242582e-01
5	184	1	5.6425144096e-01
5	185	1	5.6582800625e-01
5	186	1	5.6364176363e-01
5	187	1	5.6583649192e-01
5	188	1	5.6567536158e-01
5	189	1	5.6352046915e-01
5	190	1	5.6413181948e-01
5	191	1	5.6388693704e-01
5	192	1	5.6366436006e-01
5	193	1	5.6353893778e-01
5	194	1	5.6371152720e-01
5	195	1	5.6343290781e-01
5	196	1	5.6394268570e-01
5	197	1	5.6365219873e-01
5	198	1	5.6353503348e-01
5	199	1	5.6701799663e-01
6	0	1	4.8160800406e-01
6	1	1	4.8176344174e-01
6	2	1	4.8115088735e-01
6	3	1	4.8074225694e-01
6	4	1	4.8129539331e-01
6	5	1	4.8144675558e-01
6	6	1	4.8440888025e-01
6	7	1	4.8157872461e-01
6	8	1	4.8156481444e-01
6	9	1	4.8129108290e-01
6	10	1	4.8239305897e-01
6	11	1	4.8230232525e-01
6	12	1	4.8096392434e-01
6	13	1	4.8221484363e-01
6	14	1	4.8147822001e-01
6	15	1	4.8156499580e-01
6	16	1	4.8218123158e-01
6	17	1	4.8273114899e-01
6	18	1	4.8083604759e-01
6	19	1	4.8071066273e-01
6	20	1	4.8083133812e-01
6	21	1	4.8077131314e-01
6	22	1	4.8324306282e-01
6	23	1	4.8188138982e-01
6	24	1	4.8143176683e-01
6	25	1	4.8159926618e-01
6	26	1	4.8265362780e-01
6	27	1	4.8068159687e-01
6	28	1	4.8131444491e-01
6	29	1	4.8067402732e-01
6	30	1	4.8200203088e-01
6	31	1	4.8108800237e-01
6	32	1	4.8429413931e-01
6	33	1	4.8459477532e-01
6	34	1	4.8158628944e-01
6	35	1	4.8246612669e-01
6	36	1	4.8080018884e-01
6	37	1	4.8404103619e-01
6	38	1	4.8135696295e-01
6	39	1	4.8071330811e-01
6	40	1	4.8199466048e-01
6	41	1	4.8189566942e-01
6	42	1	4.8087653607e-01
6	43	1	4.8388540194e-01
6	44	1	4.8200701837e-01
6	45	1	4.8139272479e-01
6	46	1	4.8101464520e-01
6	47	1	4.8083043383e-01
6	48	1	4.8106307741e-01
6	49	1	4.8308799802e-01
6	50	1	4.8106833368e-01
6	51	1	4.8191820488e-01
6	52	1	4.8234239781e-01
6	53	1	4.8099787462e-01
6	54	1	4.8243449599e-01
6	55	1	4.8303045758e-01
6	56	1	4.8113267840e-01
6	57	1	4.8434514321e-01
6	58	1	4.8297453937e-01
6	59	1	4.8099893088e-01
6	60	1	4.8234730866e-01
6	61	1	4.8049818863e-01
6	62	1	4.8071607545e-01
6	63	1	4.8042702212e-01
6	64	1	4.8107087555e-01
6	65	1	4.8254828156e-01
6	66	1	4.8235424065e-01
6	67	1	4.8092819530e-01
6	68	1	4.8172791604e-01
6	69	1	4.8178875317e-01
6	70	1	4.8168705848e-01
6	71	1	4.8221504822e-01
6	72	1	4.8195572681e-01
6	73	1	4.8227051755e-01
6	74	1	4.8171844398e-01
6	75	1	4.8062473322e-01
6	76	1	4.8085268423e-01
6	77	1	4.8237109071e-01
6	78	1	4.8174269840e-01
6	79	1	4.8035625609e-01
6	80	1	4.8175114437e-01
6	81	1	4.8037080425e-01
6	82	1	4.8152299892e-01
6	83	1	4.8154381537e-01
6	84	1	4.8138449735e-01
6	85	1	4.8061899300e-01
6	86	1	4.8309150031e-01
6	87	1	4.8124851976e-01
6	88	1	4.8239254022e-01
6	89	1	4.8238855124e-01
6	90	1	4.8140322239e-01
6	91	1	4.8173601044e-01
6	92	1	4.8188220394e-01
6	93	1	4.8022325120e-01
6	94	1	4.8123051817e-01
6	95	1	4.8252155983e-01
6	96	1	4.8448615817e-01
6	97	1	4.8113491096e-01
6	98	1	4.8100357633e-01
6	99	1	4.8285620835e-01
6	100	1	4.8428586031e-01
6	101	1	4.8255401400e-01
6	102	1	4.8101215286e-01
6	103	1	4.8095295625e-01
6	104	1	4.8184281905e-01
6	105	1	4.8137177936e-01
6	106	1	4.8244739035e-01
6	107	1	4.8245938810e-01
6	108	1	4.8327764964e-01
6	109	1	4.8293894539e-01
6	110	1	4.8182760322e-01
6	111	1	4.8121957275e-01
6	112	1	4.8095147431e-01
6	113	1	4.8170692363e-01
6	114	1	4.8335785393e-01
6	115	1	4.8160105631e-01
6	116	1	4.8097382769e-01
6	117	1	4.8222370476e-01
6	118	1	4.8354711047e-01
6	119	1	4.8166659688e-01
6	120	1	4.8247843646e-01
6	121	1	4.8193232703e-01
6	122	1	4.8229583005e-01
6	123	1	4.8200460814e-01
6	124	1	4.8295856433e-01
6	125	1	4.8249861232e-01
6	126	1	4.8081235539e-01
6	127	1	4.8240809964e-01
6	128	1	4.8193605315e-01
6	129	1	4.8226124644e-01
6	130	1	4.8221480773e-01
6	131	1	4.8205567401e-01
6	132	1	4.8187199961e-01
6	133	1	4.8152275429e-01
6	134	1	4.8226436286e-01
6	135	1	4.8047848717e-01
6	136	1	4.8097863721e-01
6	137	1	4.8067141413e-01
6	138	1	4.8253029274e-01
6	139	1	4.8176906680e-01
6	140	1	4.8145525457e-01
6	141	1	4.8143979230e-01
6	142	1	4.8193855107e-01
6	143	1	4.8361676810e-01
6	144	1	4.8141512135e-01
6	145	1	4.8068335791e-01
6	146	1	4.8178281729e-01
6	147	1	4.8119269837e-01
6	148	1	4.8064970002e-01
6	149	1	4.8073037887e-01
6	150	1	4.8112647272e-01
6	151	1	4.8086370253e-01
6	152	1	4.8101453807e-01
6	153	1	4.8289482971e-01
6	154	1	4.8268842509e-01
6	155	1	4.8181490505e-01
6	156	1	4.8018408254e-01
6	157	1	4.8040030716e-01
6	158	1	4.8069181996e-01
6	159	1	4.8090178667e-01
6	160	1	4.8152092909e-01
6	161	1	4.8098258770e-01
6	162	1	4.8144899315e-01
6	163	1	4.8047513002e-01
6	164	1	4.8125695971e-01
6	165	1	4.8071172885e-01
6	166	1	4.8252514505e-01
6	167	1	4.8316497551e-01
6	168	1	4.8117728267e-01
6	169	1	4.8193679362e-01
6	170	1	4.8055894670e-01
6	171	1	4.8074641274e-01
6	172	1	4.8177890844e-01
6	173	1	4.8169885536e-01
6	174	1	4.8111585469e-01
6	175	1	4.8216060344e-01
6	176	1	4.8369317737e-01
6	177	1	4.8185508295e-01
6	178	1	4.8029827948e-01
6	179	1	4.8184828406e-01
6	180	1	4.8113714453e-01
6	181	1	4.8122740989e-01
6	182	1	4.8248668312e-01
6	183	1	4.8210193318e-01
6	184	1	4.8147430446e-01
6	185	1	4.8320389133e-01
6	186	1	4.8074306244e-01
6	187	1	4.8333621154e-01
6	188	1	4.8314849088e-01
6	189	1	4.8062086890e-01
6	190	1	4.8134088968e-01
6	191	1	4.8105645968e-01
6	192	1	4.8078545791e-01
6	193	1	4.8067547075e-01
6	194	1	4.8084854641e-01
6	195	1	4.8054769083e-01
6	196	1	4.8113063761e-01
6	197	1	4.8069951441e-01
6	198	1	4.8060862820e-01
6	199	1	4.8461883029e-01
7	0	1	4.0740271370e-01
7	1	1	4.0763804008e-01
7	2	1	4.0705917546e-01
7	3	1	4.0649131545e-01
7	4	1	4.0711315636e-01
7	5	1	4.0736442642e-01
7	6	1	4.1057568256e-01
7	7	1	4.0743874927e-01
7	8	1	4.0741429613e-01
7	9	1	4.0712652350e-01
7	10	1	4.0833103221e-01
7	11	1	4.0823663910e-01
7	12	1	4.0677419969e-01
7	13	1	4.0817384816e-01
7	14	1	4.0731091390e-01
7	15	1	4.0740128320e-01
7	16	1	4.0814729583e-01
7	17	1	4.0864762837e-01
7	18	1	4.0659582208e-01
7	19	1	4.0640590719e-01
7	20	1	4.0658284245e-01
7	21	1	4.0660155933e-01
7	22	1	4.0929380605e-01
7	23	1	4.0767528036e-01
7	24	1	4.0729528706e-01
7	25	1	4.0738519784e-01
7	26	1	4.0865518185e-01
7	27	1	4.0642864593e-01
7	28	1	4.0712371293e-01
7	29	1	4.0649608868e-01
7	30	1	4.0800004973e-01
7	31	1	4.0683761558e-01
7	32	1	4.1047164962e-01
7	33	1	4.1087893259e-01
7	34	1	4.0754180978e-01
7	35	1	4.0847535964e-01
7	36	1	4.0654966777e-01
7	37	1	4.1017018579e-01
7	38	1	4.0713890355e-01
7	39	1	4.0644655995e-01
7	40	1	4.0793671477e-01
7	41	1	4.0780101574e-01
7	42	1	4.0663654502e-01
7	43	1	4.1001386684e-01
7	44	1	4.0785890610e-01
7	45	1	4.0716924199e-01
7	46	1	4.0681213175e-01
7	47	1	4.0656512172e-01
7	48	1	4.0684838829e-01
7	49	1	4.0925905884e-01
7	50	1	4.0684150717e-01
7	51	1	4.0785527209e-01
7	52	1	4.0843050972e-01
7	53	1	4.0685400087e-01
7	54	1	4.0843848678e-01
7	55	1	4.0909475435e-01
7	56	1	4.0691693520e-01
7	57	1	4.1055373042e-01
7	58	1	4.0896688997e-01
7	59	1	4.0679856676e-01
7	60	1	4.0814070348e-01
7	61	1	4.0623882321e-01
7	62	1	4.0654017405e-01
7	63	1	4.0612199075e-01
7	64	1	4.0687275874e-01
7	65	1	4.0847735932e-01
7	66	1	4.0821039913e-01
7	67	1	4.0670266076e-01
7	68	1	4.0763786064e-01
7	69	1	4.0759235884e-01
7	70	1	4.0755366638e-01
7	71	1	4.0802495760e-01
7	72	1	4.0786089274e-01
7	73	1	4.0812222897e-01
7	74	1	4.0754373831e-01
7	75	1	4.0645636697e-01
7	76	1	4.0666671152e-01
7	77	1	4.0830313193e-01
7	78	1	4.0772539578e-01
7	79	1	4.0609234075e-01
7	80	1	4.0765562385e-01
7	81	1	4.0608578533e-01
7	82	1	4.0737643022e-01
7	83	1	4.0739443942e-01
7	84	1	4.0726481694e-01
7	85	1	4.0642484008e-01
7	86	1	4.0909543112e-01
7	87	1	4.0700851179e-01
7	88	1	4.0824904515e-01
7	89	1	4.0830656477e-01
7	90	1	4.0722139199e-01
7	91	1	4.0759738505e-01
7	92	1	4.0785788710e-01
7	93	1	4.0597800120e-01
7	94	1	4.0709437901e-01
7	95	1	4.0841830758e-01
7	96	1	4.1076408062e-01
7	97	1	4.0696187300e-01
7	98	1	4.0677807239e-01
7	99	1	4.0892054602e-01
7	100	1	4.1049403631e-01
7	101	1	4.0844574244e-01
7	102	1	4.0679193438e-01
7	103	1	4.0673184880e-01
7	104	1	4.0778233627e-01
7	105	1	4.0717936863e-01
7	106	1	4.0838978917e-01
7	107	1	4.0842436574e-01
7	108	1	4.0927186605e-01
7	109	1	4.0883871245e-01
7	110	1	4.0768080147e-01
7	111	1	4.0697261316e-01
7	112	1	4.0677910574e-01
7	113	1	4.0754805704e-01
7	114	1	4.0938890940e-01
7	115	1	4.0744371750e-01
7	116	1	4.0674146193e-01
7	117	1	4.0821659115e-01
7	118	1	4.0967693725e-01
7	119	1	4.0754342368e-01
7	120	1	4.0849674782e-01
7	121	1	4.0782802019e-01
7	122	1	4.0827483979e-01
7	123	1	4.0782784064e-01
7	124	1	4.0906378520e-01
7	125	1	4.0841005692e-01
7	126	1	4.0658835392e-01
7	127	1	4.0837977238e-01
7	128	1	4.0793891174e-01
7	129	1	4.0822986877e-01
7	130	1	4.0829663159e-01
7	131	1	4.0805138203e-01
7	132	1	4.0788122779e-01
7	133	1	4.0738280823e-01
7	134	1	4.0821899418e-01
7	135	1	4.0624507298e-01
7	136	1	4.0683008619e-01
7	137	1	4.0642929438e-01
7	138	1	4.0842755541e-01
7	139	1	4.0766491785e-01
7	140	1	4.0734573150e-01
7	141	1	4.0740220648e-01
7	142	1	4.0784600864e-01
7	143	1	4.0975282946e-01
7	144	1	4.0717379280e-01
7	145	1	4.0647094706e-01
7	146	1	4.0769093653e-01
7	147	1	4.0699795280e-01
7	148	1	4.0638428538e-01
7	149	1	4.0646301718e-01
7	150	1	4.0695601917e-01
7	151	1	4.0671574945e-01
7	152	1	4.0675653702e-01
7	153	1	4.0889210505e-01
7	154	1	4.0855431243e-01
7	155	1	4.0772299697e-01
7	156	1	4.0586172871e-01
7	157	1	4.0605083585e-01
7	158	1	4.0648920235e-01
7	159	1	4.0659234599e-01
7	160	1	4.0739692802e-01
7	161	1	4.0668062332e-01
7	162	1	4.0729578014e-01
7	163	1	4.0620577710e-01
7	164	1	4.0710456123e-01
7	165	1	4.0647901384e-01
7	166	1	4.0859483868e-01
7	167	1	4.0923579614e-01
7	168	1	4.0692726569e-01
7	169	1	4.0787776366e-01
7	170	1	4.0619753389e-01
7	171	1	4.0651842100e-01
7	172	1	4.0764538855e-01
7	173	1	4.0761365698e-01
7	174	1	4.0693766675e-01
7	175	1	4.0806603666e-01
7	176	1	4.0998476139e-01
7	177	1	4.0775505793e-01
7	178	1	4.0605870958e-01
7	179	1	4.0774698862e-01
7	180	1	4.0701246912e-01
7	181	1	4.0708425457e-01
7	182	1	4.0843893519e-01
7	183	1	4.0803877837e-01
7	184	1	4.0728851882e-01
7	185	1	4.0913150733e-01
7	186	1	4.0649150243e-01
7	187	1	4.0938241853e-01
7	188	1	4.0914558314e-01
7	189	1	4.0638173253e-01
7	190	1	4.0718146051e-01
7	191	1	4.0687241467e-01
7	192	1	4.0656366794e-01
7	193	1	4.0644416549e-01
7	194	1	4.0665018562e-01
7	195	1	4.0633238854e-01
7	196	1	4.0695247630e-01
7	197	1	4.0635712923e-01
7	198	1	4.0632623093e-01
7	199	1	4.1073938344e-01
8	0	1	3.4204115218e-01
8	1	1	3.4232800362e-01
8	2	1	3.4179991000e-01
8	3	1	3.4110172930e-01
8	4	1	3.4176421000e-01
8	5	1	3.4208805538e-01
8	6	1	3.4538596715e-01
8	7	1	3.4210442012e-01
8	8	1	3.4209411659e-01
8	9	1	3.4178948056e-01
8	10	1	3.4306285424e-01
8	11	1	3.4290274251e-01
8	12	1	3.4144971164e-01
8	13	1	3.4293077506e-01
8	14	1	3.4196091370e-01
8	15	1	3.4204909992e-01
8	16	1	3.4299366354e-01
8	17	1	3.4331759623e-01
8	18	1	3.4118935358e-01
8	19	1	3.4090988421e-01
8	20	1	3.4118829727e-01
8	21	1	3.4125759710e-01
8	22	1	3.4408951325e-01
8	23	1	3.4226772310e-01
8	24	1	3.4200815977e-01
8	25	1	3.4197375585e-01
8	26	1	3.4350800389e-01
8	27	1	3.4102923507e-01
8	28	1	3.4178339183e-01
8	29	1	3.4118936402e-01
8	30	1	3.4286439066e-01
8	31	1	3.4141190115e-01
8	32	1	3.4532417631e-01
8	33	1	3.4584508752e-01
8	34	1	3.4229558415e-01
8	35	1	3.4328478990e-01
8	36	1	3.4115033766e-01
8	37	1	3.4502478752e-01
8	38	1	3.4169699618e-01
8	39	1	3.4108696593e-01
8	40	1	3.4269058194e-01
8	41	1	3.4246856036e-01
8	42	1	3.4125293827e-01
8	43	1	3.4483213626e-01
8	44	1	3.4247515827e-01
8	45	1	3.4173415822e-01
8	46	1	3.4144929953e-01
8	47	1	3.4116855760e-01
8	48	1	3.4148304858e-01
8	49	1	3.4419760838e-01
8	50	1	3.4147052157e-01
8	51	1	3.4261930093e-01
8	52	1	3.4335684000e-01
8	53	1	3.4155921124e-01
8	54	1	3.4321326147e-01
8	55	1	3.4391968062e-01
8	56	1	3.4155098464e-01
8	57	1	3.4545359831e-01
8	58	1	3.4373801908e-01
8	59	1	3.4146180685e-01
8	60	1	3.4272429255e-01
8	61	1	3.4084445529e-01
8	62	1	3.4124254780e-01
8	63	1	3.4067063566e-01
8	64	1	3.4150636641e-01
8	65	1	3.4318539843e-01
8	66	1	3.4285510982e-01
8	67	1	3.4135313909e-01
8	68	1	3.4238814594e-01
8	69	1	3.4216010370e-01
8	70	1	3.4226265755e-01
8	71	1	3.4256738410e-01
8	72	1	3.4259115280e-01
8	73	1	3.4278151166e-01
8	74	1	3.4218382938e-01
8	75	1	3.4118206048e-01
8	76	1	3.4133763720e-01
8	77	1	3.4301878820e-01
8	78	1	3.4258150118e-01
8	79	1	3.4070089594e-01
8	80	1	3.4238382480e-01
8	81	1	3.4068746759e-01
8	82	1	3.4209314812e-01
8	83	1	3.4207017962e-01
8	84	1	3.4194198745e-01
8	85	1	3.4108876350e-01
8	86	1	3.4388971185e-01
8	87	1	3.4157411600e-01
8	88	1	3.4285400884e-01
8	89	1	3.4302604433e-01
8	90	1	3.4184853044e-01
8	91	1	3.4222378098e-01
8	92	1	3.4262948126e-01
8	93	1	3.4060543698e-01
8	94	1	3.4180643573e-01
8	95	1	3.4307020336e-01
8	96	1	3.4572128672e-01
8	97	1	3.4162184963e-01
8	98	1	3.4136952992e-01
8	99	1	3.4376903031e-01
8	100	1	3.4540328596e-01
8	101	1	3.4312982441e-01
8	102	1	3.4139703423e-01
8	103	1	3.4134895971e-01
8	104	1	3.4260164891e-01
8	105	1	3.4181620819e-01
8	106	1	3.4317475281e-01
8	107	1	3.4317755664e-01
8	108	1	3.4398472304e-01
8	109	1	3.4348652340e-01
8	110	1	3.4232863817e-01
8	111	1	3.4156057699e-01
8	112	1	3.4144555503e-01
8	113	1	3.4220450388e-01
8	114	1	3.4414834610e-01
8	115	1	3.4206974019e-01
8	116	1	3.4136085164e-01
8	117	1	3.4303101979e-01
8	118	1	3.4457890461e-01
8	119	1	3.4223286753e-01
8	120	1	3.4324115729e-01
8	121	1	3.4257350681e-01
8	122	1	3.4302997666e-01
8	123	1	3.4241517975e-01
8	124	1	3.4390472372e-01
8	125	1	3.4310526688e-01
8	126	1	3.4122778973e-01
8	127	1	3.4321256620e-01
8	128	1	3.4275254835e-01
8	129	1	3.4299070435e-01
8	130	1	3.4315564928e-01
8	131	1	3.4293673268e-01
8	132	1	3.4273406029e-01
8	133	1	3.4204519104e-01
8	134	1	3.4295902248e-01
8	135	1	3.4090271686e-01
8	136	1	3.4151852003e-01
8	137	1	3.4102249674e-01
8	138	1	3.4310892365e-01
8	139	1	3.4234301050e-01
8	140	1	3.4210140723e-01
8	141	1	3.4219540819e-01
8	142	1	3.4255493701e-01
8	143	1	3.4463673462e-01
8	144	1	3.4174535278e-01
8	145	1	3.4111971760e-01
8	146	1	3.4237540103e-01
8	147	1	3.4164004906e-01
8	148	1	3.4096934066e-01
8	149	1	3.4104696114e-01
8	150	1	3.4159784095e-01
8	151	1	3.4139710629e-01
8	152	1	3.4130565797e-01
8	153	1	3.4361189837e-01
8	154	1	3.4319614548e-01
8	155	1	3.4247126777e-01
8	156	1	3.4043215972e-01
8	157	1	3.4055978898e-01
8	158	1	3.4115027326e-01
8	159	1	3.4108247960e-01
8	160	1	3.4207007805e-01
8	161	1	3.4118313453e-01
8	162	1	3.4195334688e-01
8	163	1	3.4077933977e-01
8	164	1	3.4180277552e-01
8	165	1	3.4112000995e-01
8	166	1	3.4345624864e-01
8	167	1	3.4407289402e-01
8	168	1	3.4151318265e-01
8	169	1	3.4266937670e-01
8	170	1	3.4069750819e-01
8	171	1	3.4114613735e-01
8	172	1	3.4231270893e-01
8	173	1	3.4233745258e-01
8	174	1	3.4161933387e-01
8	175	1	3.4278463918e-01
8	176	1	3.4514766665e-01
8	177	1	3.4243861619e-01
8	178	1	3.4067077288e-01
8	179	1	3.4242320361e-01
8	180	1	3.4172993870e-01
8	181	1	3.4176210232e-01
8	182	1	3.4321390149e-01
8	183	1	3.4277416077e-01
8	184	1	3.4189461510e-01
8	185	1	3.4380892323e-01
8	186	1	3.4111898897e-01
8	187	1	3.4414797584e-01
8	188	1	3.4388104248e-01
8	189	1	3.4103808061e-01
8	190	1	3.4185944277e-01
8	191	1	3.4152301042e-01
8	192	1	3.4121743377e-01
8	193	1	3.4106977429e-01
8	194	1	3.4133170660e-01
8	195	1	3.4100561629e-01
8	196	1	3.4162783049e-01
8	197	1	3.4086452862e-01
8	198	1	3.4090389228e-01
8	199	1	3.4556312402e-01
9	0	1	2.8522473684e-01
9	1	1	2.8554160900e-01
9	2	1	2.8506673834e-01
9	3	1	2.8429564395e-01
9	4	1	2.8496517565e-01
9	5	1	2.8530700654e-01
9	6	1	2.8854510687e-01
9	7	1	2.8529102467e-01
9	8	1	2.8531389172e-01
9	9	1	2.8496412193e-01
9	10	1	2.8627302321e-01
9	11	1	2.8598179766e-01
9	12	1	2.8468457121e-01
9	13	1	2.8617206178e-01
9	14	1	2.8514760401e-01
9	15	1	2.8521317772e-01
9	16	1	2.8640035987e-01
9	17	1	2.8646203009e-01
9	18	1	2.8432149844e-01
9	19	1	2.8394489769e-01
9	20	1	2.8435405289e-01
9	21	1	2.8442739074e-01
9	22	1	2.8733730103e-01
9	23	1	2.8535892190e-01
9	24	1	2.8527416485e-01
9	25	1	2.8507603067e-01
9	26	1	2.8691632797e-01
9	27	1	2.8418230215e-01
9	28	1	2.8497949554e-01
9	29	1	2.8445045838e-01
9	30	1	2.8627450085e-01
9	31	1	2.8452422921e-01
9	32	1	2.8851327495e-01
9	33	1	2.8920123022e-01
9	34	1	2.8554852616e-01
9	35	1	2.8655797211e-01
9	36	1	2.8429983301e-01
9	37	1	2.8832313315e-01
9	38	1	2.8476137369e-01
9	39	1	2.8432159636e-01
9	40	1	2.8593692389e-01
9	41	1	2.8559337477e-01
9	42	1	2.8444496546e-01
9	43	1	2.8798790933e-01
9	44	1	2.8557544445e-01
9	45	1	2.8480360740e-01
9	46	1	2.8461828305e-01
9	47	1	2.8432685553e-01
9	48	1	2.8466707700e-01
9	49	1	2.8758370266e-01
9	50	1	2.8465649799e-01
9	51	1	2.8589756441e-01
9	52	1	2.8681299521e-01
9	53	1	2.8477781622e-01
9	54	1	2.8644205899e-01
9	55	1	2.8717067446e-01
9	56	1	2.8472522116e-01
9	57	1	2.8870671692e-01
9	58	1	2.8696705438e-01
9	59	1	2.8470166346e-01
9	60	1	2.8582677150e-01
9	61	1	2.8400759332e-01
9	62	1	2.8452629248e-01
9	63	1	2.8378846654e-01
9	64	1	2.8469200942e-01
9	65	1	2.8637170922e-01
9	66	1	2.8602080755e-01
9	67	1	2.8459625401e-01
9	68	1	2.8565401613e-01
9	69	1	2.8523174380e-01
9	70	1	2.8550051528e-01
9	71	1	2.8556473526e-01
9	72	1	2.8584773596e-01
9	73	1	2.8597761668e-01
9	74	1	2.8534845212e-01
9	75	1	2.8449283866e-01
9	76	1	2.8457855711e-01
9	77	1	2.8622282638e-01
9	78	1	2.8598298947e-01
9	79	1	2.8387677325e-01
9	80	1	2.8564822500e-01
9	81	1	2.8387935499e-01
9	82	1	2.8535820995e-01
9	83	1	2.8527030927e-01
9	84	1	2.8512882602e-01
9	85	1	2.8431598689e-01
9	86	1	2.8718364573e-01
9	87	1	2.8466284147e-01
9	88	1	2.8591971273e-01
9	89	1	2.8626870227e-01
9	90	1	2.8498555800e-01
9	91	1	2.8532010757e-01
9	92	1	2.8589710859e-01
9	93	1	2.8379988730e-01
9	94	1	2.8502133697e-01
9	95	1	2.8620077239e-01
9	96	1	2.8904120201e-01
9	97	1	2.8483023893e-01
9	98	1	2.8448204596e-01
9	99	1	2.8709842653e-01
9	100	1	2.8871381019e-01
9	101	1	2.8628028189e-01
9	102	1	2.8454878621e-01
9	103	1	2.8451139226e-01
9	104	1	2.8598325018e-01
9	105	1	2.8498487253e-01
9	106	1	2.8651665609e-01
9	107	1	2.8639091767e-01
9	108	1	2.8712004458e-01
9	109	1	2.8661596762e-01
9	110	1	2.8547782023e-01
9	111	1	2.8468308668e-01
9	112	1	2.8466295868e-01
9	113	1	2.8538855565e-01
9	114	1	2.8733492473e-01
9	115	1	2.8519198308e-01
9	116	1	2.8454187044e-01
9	117	1	2.8634067427e-01
9	118	1	2.8794458887e-01
9	119	1	2.8541980392e-01
9	120	1	2.8638680164e-01
9	121	1	2.8586671603e-01
9	122	1	2.8623386639e-01
9	123	1	2.8548760430e-01
9	124	1	2.8717458188e-01
9	125	1	2.8630790847e-01
9	126	1	2.8444411163e-01
9	127	1	2.8657355738e-01
9	128	1	2.8606796417e-01
9	129	1	2.8624259575e-01
9	130	1	2.8645441367e-01
9	131	1	2.8636998881e-01
9	132	1	2.8609499972e-01
9	133	1	2.8521316899e-01
9	134	1	2.8619012681e-01
9	135	1	2.8412238919e-01
9	136	1	2.8472104486e-01
9	137	1	2.8415792204e-01
9	138	1	2.8628537241e-01
9	139	1	2.8550241143e-01
9	140	1	2.8540394076e-01
9	141	1	2.8547296111e-01
9	142	1	2.8576545531e-01
9	143	1	2.8790316142e-01
9	144	1	2.8482444042e-01
9	145	1	2.8431068784e-01
9	146	1	2.8554792608e-01
9	147	1	2.8484669552e-01
9	148	1	2.8410713428e-01
9	149	1	2.8419327862e-01
9	150	1	2.8475423774e-01
9	151	1	2.8460112405e-01
9	152	1	2.8438162944e-01
9	153	1	2.8672168665e-01
9	154	1	2.8633925483e-01
9	155	1	2.8574460564e-01
9	156	1	2.8359457036e-01
9	157	1	2.8363916306e-01
9	158	1	2.8437936805e-01
9	159	1	2.8409059354e-01
9	160	1	2.8524771993e-01
9	161	1	2.8422920057e-01
9	162	1	2.8513485939e-01
9	163	1	2.8389951115e-01
9	164	1	2.8504961025e-01
9	165	1	2.8433515757e-01
9	166	1	2.8678106360e-01
9	167	1	2.8739243047e-01
9	168	1	2.8466258761e-01
9	169	1	2.8598162546e-01
9	170	1	2.8377387029e-01
9	171	1	2.8434070081e-01
9	172	1	2.8548148050e-01
9	173	1	2.8556368770e-01
9	174	1	2.8487842617e-01
9	175	1	2.8599666944e-01
9	176	1	2.8880359947e-01
9	177	1	2.8559696328e-01
9	178	1	2.8384107499e-01
9	179	1	2.8557876325e-01
9	180	1	2.8496815557e-01
9	181	1	2.8497789304e-01
9	182	1	2.8649768138e-01
9	183	1	2.8603293179e-01
9	184	1	2.8500146719e-01
9	185	1	2.8691572800e-01
9	186	1	2.8433577734e-01
9	187	1	2.8729935236e-01
9	188	1	2.8706515610e-01
9	189	1	2.8429787734e-01
9	190	1	2.8506960310e-01
9	191	1	2.8470285663e-01
9	192	1	2.8443675989e-01
9	193	1	2.8425941800e-01
9	194	1	2.8456754863e-01
9	195	1	2.8425815142e-01
9	196	1	2.8486117257e-01
9	197	1	2.8395204889e-01
9	198	1	2.8405699111e-01
9	199	1	2.8878093467e-01
10	0	1	2.3639815631e-01
10	1	1	2.3673253833e-01
10	2	1	2.3630668073e-01
10	3	1	2.3551129940e-01
10	4	1	2.3616708856e-01
10	5	1	2.3645885506e-01
10	6	1	2.3954601589e-01
10	7	1	2.3645993241e-01
10	8	1	2.3649196931e-01
10	9	1	2.3610112402e-01
10	10	1	2.3739915148e-01
10	11	1	2.3695065007e-01
10	12	1	2.3590199879e-01
10	13	1	2.3733947132e-01
10	14	1	2.3633142570e-01
10	15	1	2.3635477256e-01
10	16	1	2.3777482133e-01
10	17	1	2.3755402350e-01
10	18	1	2.3543818300e-01
10	19	1	2.3497360896e-01
10	20	1	2.3552237690e-01
10	21	1	2.3555378707e-01
10	22	1	2.3852297608e-01
10	23	1	2.3637829455e-01
10	24	1	2.3651804285e-01
10	25	1	2.3614969031e-01
10	26	1	2.3829478210e-01
10	27	1	2.3533711491e-01
10	28	1	2.3613561772e-01
10	29	1	2.3570771071e-01
10	30	1	2.3764075337e-01
10	31	1	2.3561830599e-01
10	32	1	2.3950034862e-01
10	33	1	2.4044024366e-01
10	34	1	2.3675990385e-01
10	35	1	2.3772945644e-01
10	36	1	2.3544573760e-01
10	37	1	2.3954482150e-01
10	38	1	2.3580374769e-01
10	39	1	2.3557455909e-01
10	40	1	2.3710261877e-01
10	41	1	2.3664817334e-01
10	42	1	2.3565532041e-01
10	43	1	2.3892405473e-01
10	44	1	2.3663884526e-01
10	45	1	2.3583547766e-01
10	46	1	2.3576229257e-01
10	47	1	2.3547395938e-01
10	48	1	2.3581829164e-01
10	49	1	2.3885766167e-01
10	50	1	2.3581344893e-01
10	51	1	2.3710834611e-01
10	52	1	2.3821588363e-01
10	53	1	2.3591508616e-01
10	54	1	2.3756926535e-01
10	55	1	2.3830500476e-01
10	56	1	2.3588556116e-01
10	57	1	2.3977160089e-01
10	58	1	2.3813130750e-01
10	59	1	2.3595791906e-01
10	60	1	2.3689801471e-01
10	61	1	2.3516748148e-01
10	62	1	2.3582036269e-01
10	63	1	2.3492733992e-01
10	64	1	2.3587809382e-01
10	65	1	2.3750595968e-01
10	66	1	2.3717561479e-01
10	67	1	2.3586413234e-01
10	68	1	2.3686162583e-01
10	69	1	2.3629116345e-01
10	70	1	2.3670525660e-01
10	71	1	2.3648929924e-01
10	72	1	2.3705664425e-01
10	73	1	2.3716534787e-01
10	74	1	2.3648220127e-01
10	75	1	2.3580783706e-01
10	76	1	2.3584103424e-01
10	77	1	2.3738062551e-01
10	78	1	2.3736076519e-01
10	79	1	2.3506538288e-01
10	80	1	2.3687456164e-01
10	81	1	2.3510231866e-01
10	82	1	2.3659132826e-01
10	83	1	2.3645366140e-01
10	84	1	2.3627374954e-01
10	85	1	2.3554506691e-01
10	86	1	2.3841378028e-01
10	87	1	2.3572397599e-01
10	88	1	2.3692193233e-01
10	89	1	2.3747704154e-01
10	90	1	2.3608328256e-01
10	91	1	2.3634533140e-01
10	92	1	2.3709304165e-01
10	93	1	2.3500836522e-01
10	94	1	2.3615904856e-01
10	95	1	2.3729984928e-01
10	96	1	2.4016035082e-01
10	97	1	2.3603596648e-01
10	98	1	2.3556128002e-01
10	99	1	2.3837272055e-01
10	100	1	2.3990488379e-01
10	101	1	2.3736111054e-01
10	102	1	2.3569953395e-01
10	103	1	2.3566763152e-01
10	104	1	2.3733288762e-01
10	105	1	2.3614045647e-01
10	106	1	2.3784008774e-01
10	107	1	2.3751712850e-01
10	108	1	2.3814579526e-01
10	109	1	2.3769902494e-01
10	110	1	2.3657416729e-01
10	111	1	2.3577688673e-01
10	112	1	2.3588704783e-01
10	113	1	2.3654657285e-01
10	114	1	2.3842480490e-01
10	115	1	2.3626700469e-01
10	116	1	2.3571983793e-01
10	117	1	2.3756082398e-01
10	118	1	2.3919570954e-01
10	119	1	2.3656462291e-01
10	120	1	2.3741013497e-01
10	121	1	2.3712571899e-01
10	122	1	2.3734380270e-01
10	123	1	2.3652063928e-01
10	124	1	2.3833341157e-01
10	125	1	2.3751225446e-01
10	126	1	2.3567032276e-01
10	127	1	2.3789220247e-01
10	128	1	2.3730140408e-01
10	129	1	2.3745027358e-01
10	130	1	2.3765624831e-01
10	131	1	2.3775409575e-01
10	132	1	2.3738814748e-01
10	133	1	2.3633414948e-01
10	134	1	2.3735464682e-01
10	135	1	2.3530645017e-01
10	136	1	2.3588190746e-01
10	137	1	2.3529164144e-01
10	138	1	2.3740653068e-01
10	139	1	2.3658763464e-01
10	140	1	2.3666065712e-01
10	141	1	2.3666241629e-01
10	142	1	2.3693554392e-01
10	143	1	2.3903044364e-01
10	144	1	2.3586316185e-01
10	145	1	2.3546863213e-01
10	146	1	2.3665402227e-01
10	147	1	2.3605626323e-01
10	148	1	2.3523581529e-01
10	149	1	2.3533495350e-01
10	150	1	2.3587622587e-01
10	151	1	2.3578325411e-01
10	152	1	2.3544884202e-01
10	153	1	2.3772277184e-01
10	154	1	2.3743863998e-01
10	155	1	2.3697364312e-01
10	156	1	2.3478574324e-01
10	157	1	2.3474081278e-01
10	158	1	2.3560850322e-01
10	159	1	2.3507283137e-01
10	160	1	2.3638133472e-01
10	161	1	2.3528525161e-01
10	162	1	2.3631784199e-01
10	163	1	2.3500721254e-01
10	164	1	2.3629080473e-01
10	165	1	2.3555818120e-01
10	166	1	2.3801652315e-01
10	167	1	2.3865090682e-01
10	168	1	2.3582826471e-01
10	169	1	2.3723418672e-01
10	170	1	2.3487161744e-01
10	171	1	2.3553059955e-01
10	172	1	2.3661344128e-01
10	173	1	2.3673375876e-01
10	174	1	2.3615061098e-01
10	175	1	2.3714019346e-01
10	176	1	2.4034809357e-01
10	177	1	2.3667611360e-01
10	178	1	2.3502010448e-01
10	179	1	2.3669445543e-01
10	180	1	2.3616930095e-01
10	181	1	2.3617827465e-01
10	182	1	2.3770997792e-01
10	183	1	2.3727635055e-01
10	184	1	2.3606833386e-01
10	185	1	2.3791612932e-01
10	186	1	2.3558078193e-01
10	187	1	2.3830156688e-01
10	188	1	2.3813738190e-01
10	189	1	2.3557599362e-01
10	190	1	2.3623883836e-01
10	191	1	2.3584316178e-01
10	192	1	2.3565493509e-01
10	193	1	2.3545179617e-01
10	194	1	2.3575576462e-01
10	195	1	2.3551525620e-01
10	196	1	2.3609633576e-01
10	197	1	2.3508136621e-01
10	198	1	2.3523530892e-01
10	199	1	2.3987048505e-01
11	0	1	1.9484413787e-01
11	1	1	1.9518464992e-01
11	2	1	1.9481379810e-01
11	3	1	1.9402017113e-01
11	4	1	1.9465655334e-01
11	5	1	1.9485720020e-01
11	6	1	1.9774565162e-01
11	7	1	1.9491498447e-01
11	8	1	1.9491026662e-01
11	9	1	1.9449621834e-01
11	10	1	1.9573213257e-01
11	11	1	1.9515453994e-01
11	12	1	1.9438851688e-01
11	13	1	1.9576184217e-01
11	14	1	1.9477858630e-01
11	15	1	1.9477043364e-01
11	16	1	1.9637526801e-01
11	17	1	1.9588568570e-01
11	18	1	1.9384098925e-01
11	19	1	1.9328806332e-01
11	20	1	1.9398701449e-01
11	21	1	1.9395005686e-01
11	22	1	1.9695818889e-01
11	23	1	1.9462643213e-01
11	24	1	1.9501659182e-01
11	25	1	1.9449566815e-01
11	26	1	1.9684855540e-01
11	27	1	1.9378772655e-01
11	28	1	1.9452073407e-01
11	29	1	1.9424423978e-01
11	30	1	1.9622238538e-01
11	31	1	1.9399426733e-01
11	32	1	1.9764713032e-01
11	33	1	1.9887806181e-01
11	34	1	1.9524016590e-01
11	35	1	1.9610049106e-01
11	36	1	1.9388707817e-01
11	37	1	1.9796567088e-01
11	38	1	1.9413847837e-01
11	39	1	1.9410958843e-01
11	40	1	1.9546023459e-01
11	41	1	1.9496475405e-01
11	42	1	1.9414975862e-01
11	43	1	1.9697831678e-01
11	44	1	1.9499725854e-01
11	45	1	1.9415869010e-01
11	46	1	1.9418827688e-01
11	47	1	1.9390041488e-01
11	48	1	1.9420590931e-01
11	49	1	1.9732448014e-01
11	50	1	1.9421973691e-01
11	51	1	1.9553651658e-01
11	52	1	1.9682257551e-01
11	53	1	1.9425577457e-01
11	54	1	1.9591842395e-01
11	55	1	1.9665169251e-01
11	56	1	1.9432726839e-01
11	57	1	1.9799986155e-01
11	58	1	1.9655962968e-01
11	59	1	1.9450481649e-01
11	60	1	1.9521175733e-01
11	61	1	1.9361786959e-01
11	62	1	1.9439780917e-01
11	63	1	1.9337639385e-01
11	64	1	1.9435195691e-01
11	65	1	1.9590914725e-01
11	66	1	1.9561508008e-01
11	67	1	1.9443706434e-01
11	68	1	1.9528873612e-01
11	69	1	1.9466023650e-01
11	70	1	1.9515809977e-01
11	71	1	1.9467889354e-01
11	72	1	1.9549816049e-01
11	73	1	1.9563323533e-01
11	74	1	1.9488851833e-01
11	75	1	1.9438580489e-01
11	76	1	1.9441050752e-01
11	77	1	1.9577971031e-01
11	78	1	1.9598674541e-01
11	79	1	1.9356629202e-01
11	80	1	1.9533410449e-01
11	81	1	1.9363176573e-01
11	82	1	1.9506814852e-01
11	83	1	1.9491611041e-01
11	84	1	1.9466067644e-01
11	85	1	1.9405056218e-01
11	86	1	1.9682967645e-01
11	87	1	1.9405686852e-01
11	88	1	1.9517841400e-01
11	89	1	1.9596129646e-01
11	90	1	1.9446519114e-01
11	91	1	1.9461266745e-01
11	92	1	1.9550164918e-01
11	93	1	1.9352187649e-01
11	94	1	1.9450086651e-01
11	95	1	1.9566904808e-01
11	96	1	1.9839671633e-01
11	97	1	1.9452990115e-01
11	98	1	1.9391740570e-01
11	99	1	1.9688960563e-01
11	100	1	1.9829475961e-01
11	101	1	1.9569035907e-01
11	102	1	1.9414547005e-01
11	103	1	1.9410513165e-01
11	104	1	1.9590356316e-01
11	105	1	1.9457394755e-01
11	106	1	1.9638677735e-01
11	107	1	1.9587661985e-01
11	108	1	1.9637960646e-01
11	109	1	1.9603028355e-01
11	110	1	1.9492253762e-01
11	111	1	1.9412371332e-01
11	112	1	1.9441910976e-01
11	113	1	1.9497290331e-01
11	114	1	1.9675348732e-01
11	115	1	1.9458363189e-01
11	116	1	1.9417694329e-01
11	117	1	1.9599299159e-01
11	118	1	1.9759939824e-01
11	119	1	1.9495480405e-01
11	120	1	1.9565298743e-01
11	121	1	1.9562258074e-01
11	122	1	1.9566313469e-01
11	123	1	1.9481613291e-01
11	124	1	1.9668898151e-01
11	125	1	1.9601540897e-01
11	126	1	1.9417506397e-01
11	127	1	1.9645792625e-01
11	128	1	1.9572853074e-01
11	129	1	1.9590332482e-01
11	130	1	1.9608269246e-01
11	131	1	1.9634583074e-01
11	132	1	1.9592006379e-01
11	133	1	1.9469865589e-01
11	134	1	1.9574494602e-01
11	135	1	1.9373566751e-01
11	136	1	1.9429563966e-01
11	137	1	1.9372455571e-01
11	138	1	1.9577601067e-01
11	139	1	1.9491400652e-01
11	140	1	1.9512760198e-01
11	141	1	1.9506119590e-01
11	142	1	1.9536843319e-01
11	143	1	1.9735320976e-01
11	144	1	1.9416672036e-01
11	145	1	1.9388321714e-01
11	146	1	1.9499129589e-01
11	147	1	1.9454255531e-01
11	148	1	1.9364251710e-01
11	149	1	1.9374714544e-01
11	150	1	1.9425203346e-01
11	151	1	1.9422965954e-01
11	152	1	1.9382077789e-01
11	153	1	1.9595626411e-01
11	154	1	1.9577201847e-01
11	155	1	1.9544462515e-01
11	156	1	1.9329039721e-01
11	157	1	1.9315986355e-01
11	158	1	1.9411541924e-01
11	159	1	1.9334398874e-01
11	160	1	1.9476884725e-01
11	161	1	1.9365071540e-01
11	162	1	1.9479020311e-01
11	163	1	1.9340930806e-01
11	164	1	1.9480414138e-01
11	165	1	1.9406239164e-01
11	166	1	1.9645639975e-01
11	167	1	1.9711971767e-01
11	168	1	1.9429587484e-01
11	169	1	1.9569846635e-01
11	170	1	1.9328080711e-01
11	171	1	1.9399550039e-01
11	172	1	1.9502508078e-01
11	173	1	1.9514894476e-01
11	174	1	1.9469595169e-01
11	175	1	1.9551197155e-01
11	176	1	1.9904002197e-01
11	177	1	1.9499771784e-01
11	178	1	1.9349774044e-01
11	179	1	1.9507894150e-01
11	180	1	1.9463573065e-01
11	181	1	1.9463399072e-01
11	182	1	1.9613730453e-01
11	183	1	1.9578602959e-01
11	184	1	1.9439466125e-01
11	185	1	1.9611103453e-01
11	186	1	1.9412212906e-01
11	187	1	1.9646847297e-01
11	188	1	1.9637799806e-01
11	189	1	1.9412102613e-01
11	190	1	1.9465577574e-01
11	191	1	1.9423374838e-01
11	192	1	1.9415176285e-01
11	193	1	1.9393135505e-01
11	194	1	1.9417707407e-01
11	195	1	1.9405673669e-01
11	196	1	1.9462040897e-01
11	197	1	1.9355180497e-01
11	198	1	1.9372282863e-01
11	199	1	1.9815342483e-01
12	0	1	1.5980049578e-01
12	1	1	1.6013409292e-01
12	2	1	1.5981335446e-01
12	3	1	1.5903245609e-01
12	4	1	1.5966415087e-01
12	5	1	1.5980375254e-01
12	6	1	1.6247300939e-01
12	7	1	1.5988092341e-01
12	8	1	1.5983684805e-01
12	9	1	1.5940581844e-01
12	10	1	1.6052505038e-01
12	11	1	1.5987820477e-01
12	12	1	1.5938848258e-01
12	13	1	1.6073120131e-01
12	14	1	1.5970434296e-01
12	15	1	1.5970245438e-01
12	16	1	1.6144681486e-01
12	17	1	1.6071226430e-01
12	18	1	1.5877923184e-01
12	19	1	1.5812859662e-01
12	20	1	1.5896551164e-01
12	21	1	1.5887993765e-01
12	22	1	1.6189686134e-01
12	23	1	1.5938663252e-01
12	24	1	1.6001381676e-01
12	25	1	1.5937384546e-01
12	26	1	1.6179338834e-01
12	27	1	1.5876418063e-01
12	28	1	1.5938414715e-01
12	29	1	1.5928619708e-01
12	30	1	1.6125972785e-01
12	31	1	1.5891992419e-01
12	32	1	1.6227525867e-01
12	33	1	1.6376696300e-01
12	34	1	1.6023918594e-01
12	35	1	1.6094461390e-01
12	36	1	1.5886540344e-01
12	37	1	1.6283787239e-01
12	38	1	1.5902755185e-01
12	39	1	1.5916447196e-01
12	40	1	1.6028510508e-01
12	41	1	1.5981000289e-01
12	42	1	1.5913818385e-01
12	43	1	1.6147356350e-01
12	44	1	1.5992995674e-01
12	45	1	1.5903470159e-01
12	46	1	1.5915136460e-01
12	47	1	1.5885587294e-01
12	48	1	1.5908494522e-01
12	49	1	1.6224828754e-01
12	50	1	1.5913363558e-01
12	51	1	1.6045574918e-01
12	52	1	1.6188253846e-01
12	53	1	1.5909333639e-01
12	54	1	1.6078025521e-01
12	55	1	1.6150748602e-01
12	56	1	1.5932249393e-01
12	57	1	1.6273037750e-01
12	58	1	1.6150698728e-01
12	59	1	1.5955885413e-01
12	60	1	1.6003265708e-01
12	61	1	1.5860502416e-01
12	62	1	1.5948400271e-01
12	63	1	1.5836407383e-01
12	64	1	1.5934131420e-01
12	65	1	1.6085011693e-01
12	66	1	1.6056787536e-01
12	67	1	1.5953294512e-01
12	68	1	1.6018433752e-01
12	69	1	1.5956478847e-01
12	70	1	1.6010011160e-01
12	71	1	1.5940507463e-01
12	72	1	1.6042662693e-01
12	73	1	1.6060452589e-01
12	74	1	1.5981216385e-01
12	75	1	1.5945856870e-01
12	76	1	1.5949990661e-01
12	77	1	1.6065965066e-01
12	78	1	1.6109463239e-01
12	79	1	1.5862094107e-01
12	80	1	1.6028324314e-01
12	81	1	1.5869700408e-01
12	82	1	1.6003891274e-01
12	83	1	1.5990317927e-01
12	84	1	1.5954103862e-01
12	85	1	1.5906175828e-01
12	86	1	1.6165672042e-01
12	87	1	1.5892629597e-01
12	88	1	1.5995367493e-01
12	89	1	1.6098875847e-01
12	90	1	1.5939754931e-01
12	91	1	1.5940216072e-01
12	92	1	1.6038520455e-01
12	93	1	1.5857776316e-01
12	94	1	1.5932733303e-01
12	95	1	1.6054635844e-01
12	96	1	1.6309373944e-01
12	97	1	1.5954364397e-01
12	98	1	1.5881599022e-01
12	99	1	1.6188877186e-01
12	100	1	1.6314115892e-01
12	101	1	1.6054782226e-01
12	102	1	1.5912296384e-01
12	103	1	1.5906244374e-01
12	104	1	1.6094679473e-01
12	105	1	1.5951685031e-01
12	106	1	1.6137871902e-01
12	107	1	1.6074626126e-01
12	108	1	1.6109157035e-01
12	109	1	1.6087620808e-01
12	110	1	1.5978886994e-01
12	111	1	1.5897350917e-01
12	112	1	1.5947855617e-01
12	113	1	1.5991812996e-01
12	114	1	1.6162144421e-01
12	115	1	1.5937964381e-01
12	116	1	1.5913348155e-01
12	117	1	1.6093773752e-01
12	118	1	1.6241628366e-01
12	119	1	1.5983108461e-01
12	120	1	1.6038952700e-01
12	121	1	1.6060405078e-01
12	122	1	1.6046264296e-01
12	123	1	1.5964645160e-01
12	124	1	1.6152672162e-01
12	125	1	1.6105122739e-01
12	126	1	1.5916704664e-01
12	127	1	1.6151401565e-01
12	128	1	1.6061335336e-01
12	129	1	1.6087098047e-01
12	130	1	1.6099197334e-01
12	131	1	1.6139827343e-01
12	132	1	1.6096724463e-01
12	133	1	1.5955794468e-01
12	134	1	1.6062274807e-01
12	135	1	1.5867221136e-01
12	136	1	1.5922610131e-01
12	137	1	1.5868601187e-01
12	138	1	1.6065079672e-01
12	139	1	1.5974387342e-01
12	140	1	1.6006802416e-01
12	141	1	1.5994449678e-01
12	142	1	1.6032123361e-01
12	143	1	1.6216928703e-01
12	144	1	1.5897891594e-01
12	145	1	1.5879911327e-01
12	146	1	1.5982322988e-01
12	147	1	1.5953392974e-01
12	148	1	1.5857460987e-01
12	149	1	1.5866791577e-01
12	150	1	1.5913571121e-01
12	151	1	1.5916943008e-01
12	152	1	1.5875105164e-01
12	153	1	1.6069439798e-01
12	154	1	1.6060871073e-01
12	155	1	1.6042077826e-01
12	156	1	1.5833802217e-01
12	157	1	1.5811775792e-01
12	158	1	1.5913177702e-01
12	159	1	1.5816903480e-01
12	160	1	1.5965721174e-01
12	161	1	1.5856080701e-01
12	162	1	1.5977463504e-01
12	163	1	1.5835379340e-01
12	164	1	1.5981974831e-01
12	165	1	1.5907463216e-01
12	166	1	1.6136367050e-01
12	167	1	1.6204407737e-01
12	168	1	1.5929605988e-01
12	169	1	1.6061433875e-01
12	170	1	1.5823037280e-01
12	171	1	1.5898453816e-01
12	172	1	1.5997706507e-01
12	173	1	1.6006447177e-01
12	174	1	1.5972021243e-01
12	175	1	1.6039254198e-01
12	176	1	1.6411280723e-01
12	177	1	1.5984505943e-01
12	178	1	1.5850171140e-01
12	179	1	1.5998047210e-01
12	180	1	1.5963281859e-01
12	181	1	1.5958901200e-01
12	182	1	1.6105576560e-01
12	183	1	1.6079181041e-01
12	184	1	1.5924847894e-01
12	185	1	1.6078436055e-01
12	186	1	1.5917424046e-01
12	187	1	1.6108633248e-01
12	188	1	1.6107449246e-01
12	189	1	1.5914196539e-01
12	190	1	1.5957571978e-01
12	191	1	1.5913841931e-01
12	192	1	1.5915611726e-01
12	193	1	1.5892746915e-01
12	194	1	1.5909437637e-01
12	195	1	1.5912495982e-01
12	196	1	1.5967099976e-01
12	197	1	1.5857688378e-01
12	198	1	1.5873410650e-01
12	199	1	1.6291320971e-01
13	0	1	1.3046664319e-01
13	1	1	1.3079199816e-01
13	2	1	1.3051389624e-01
13	3	1	1.2972783230e-01
13	4	1	1.3038447265e-01
13	5	1	1.3054040981e-01
13	6	1	1.3298990809e-01
13	7	1	1.3054885484e-01
13	8	1	1.3050097968e-01
13	9	1	1.3006273767e-01
13	10	1	1.3100793303e-01
13	11	1	1.3033607429e-01
13	12	1	1.3011416037e-01
13	13	1	1.3145716597e-01
13	14	1	1.3031074363e-01
13	15	1	1.3035580891e-01
13	16	1	1.3221753056e-01
13	17	1	1.3126555637e-01
13	18	1	1.2946521738e-01
13	19	1	1.2871314079e-01
13	20	1	1.2963046539e-01
13	21	1	1.2956536878e-01
13	22	1	1.3254473126e-01
13	23	1	1.2990128866e-01
13	24	1	1.3071561394e-01
13	25	1	1.2999907744e-01
13	26	1	1.3238288796e-01
13	27	1	1.2947755258e-01
13	28	1	1.2997617919e-01
13	29	1	1.3003604241e-01
13	30	1	1.3197297244e-01
13	31	1	1.2962984090e-01
13	32	1	1.3262321125e-01
13	33	1	1.3429206789e-01
13	34	1	1.3095898317e-01
13	35	1	1.3150218657e-01
13	36	1	1.2958993066e-01
13	37	1	1.3339705070e-01
13	38	1	1.2967425407e-01
13	39	1	1.2995725746e-01
13	40	1	1.3084588898e-01
13	41	1	1.3040687928e-01
13	42	1	1.2981434404e-01
13	43	1	1.3168886684e-01
13	44	1	1.3064740067e-01
13	45	1	1.2967088795e-01
13	46	1	1.2985932678e-01
13	47	1	1.2956752293e-01
13	48	1	1.2969490666e-01
13	49	1	1.3284096020e-01
13	50	1	1.2979707353e-01
13	51	1	1.3110374981e-01
13	52	1	1.3261086970e-01
13	53	1	1.2971444040e-01
13	54	1	1.3140569818e-01
13	55	1	1.3210637431e-01
13	56	1	1.3009693773e-01
13	57	1	1.3324236860e-01
13	58	1	1.3216069605e-01
13	59	1	1.3032315918e-01
13	60	1	1.3058833690e-01
13	61	1	1.2933199774e-01
13	62	1	1.3026687044e-01
13	63	1	1.2908753715e-01
13	64	1	1.3004597035e-01
13	65	1	1.3150834184e-01
13	66	1	1.3121262533e-01
13	67	1	1.3033826521e-01
13	68	1	1.3078190000e-01
13	69	1	1.3017014340e-01
13	70	1	1.3076151191e-01
13	71	1	1.2987450056e-01
13	72	1	1.3105491433e-01
13	73	1	1.3125611361e-01
13	74	1	1.3044761220e-01
13	75	1	1.3023395357e-01
13	76	1	1.3029819180e-01
13	77	1	1.3122970946e-01
13	78	1	1.3188874138e-01
13	79	1	1.2941965685e-01
13	80	1	1.3095221998e-01
13	81	1	1.2951549967e-01
13	82	1	1.3073132968e-01
13	83	1	1.3062370260e-01
13	84	1	1.3014606187e-01
13	85	1	1.2978637570e-01
13	86	1	1.3211458719e-01
13	87	1	1.2955557120e-01
13	88	1	1.3047292153e-01
13	89	1	1.3176115620e-01
13	90	1	1.3008180578e-01
13	91	1	1.2994998399e-01
13	92	1	1.3099243668e-01
13	93	1	1.2937632366e-01
13	94	1	1.2989678361e-01
13	95	1	1.3113896502e-01
13	96	1	1.3355560182e-01
13	97	1	1.3027040454e-01
13	98	1	1.2948618310e-01
13	99	1	1.3256725763e-01
13	100	1	1.3367561148e-01
13	101	1	1.3117048602e-01
13	102	1	1.2983344441e-01
13	103	1	1.2975603233e-01
13	104	1	1.3168814804e-01
13	105	1	1.3017053035e-01
13	106	1	1.3203437092e-01
13	107	1	1.3134687128e-01
13	108	1	1.3148632056e-01
13	109	1	1.3147945485e-01
13	110	1	1.3038394880e-01
13	111	1	1.2955036581e-01
13	112	1	1.3025134310e-01
13	113	1	1.3060187433e-01
13	114	1	1.3226099283e-01
13	115	1	1.2988807235e-01
13	116	1	1.2977498405e-01
13	117	1	1.3162051881e-01
13	118	1	1.3289057914e-01
13	119	1	1.3044087832e-01
13	120	1	1.3084478137e-01
13	121	1	1.3126662323e-01
13	122	1	1.3099168070e-01
13	123	1	1.3024799137e-01
13	124	1	1.3207669021e-01
13	125	1	1.3182961983e-01
13	126	1	1.2983522764e-01
13	127	1	1.3225206267e-01
13	128	1	1.3119211911e-01
13	129	1	1.3157172592e-01
13	130	1	1.3159707871e-01
13	131	1	1.3215310715e-01
13	132	1	1.3175141325e-01
13	133	1	1.3012820700e-01
13	134	1	1.3122290630e-01
13	135	1	1.2936255705e-01
13	136	1	1.2991639464e-01
13	137	1	1.2938370470e-01
13	138	1	1.3126113827e-01
13	139	1	1.3028159828e-01
13	140	1	1.3073956066e-01
13	141	1	1.3055833757e-01
13	142	1	1.3101625946e-01
13	143	1	1.3274464950e-01
13	144	1	1.2951695762e-01
13	145	1	1.2945647206e-01
13	146	1	1.3037715216e-01
13	147	1	1.3021935031e-01
13	148	1	1.2926679751e-01
13	149	1	1.2932067057e-01
13	150	1	1.2976582784e-01
13	151	1	1.2982179948e-01
13	152	1	1.2942451459e-01
13	153	1	1.3117120930e-01
13	154	1	1.3118645696e-01
13	155	1	1.3111981505e-01
13	156	1	1.2912704803e-01
13	157	1	1.2881459266e-01
13	158	1	1.2987067614e-01
13	159	1	1.2877792057e-01
13	160	1	1.3028054125e-01
13	161	1	1.2922011104e-01
13	162	1	1.3049062491e-01
13	163	1	1.2906168644e-01
13	164	1	1.3053221417e-01
13	165	1	1.2980531209e-01
13	166	1	1.3196568769e-01
13	167	1	1.3264389848e-01
13	168	1	1.3002652177e-01
13	169	1	1.3120933143e-01
13	170	1	1.2891135351e-01
13	171	1	1.2973415533e-01
13	172	1	1.3067176609e-01
13	173	1	1.3068380794e-01
13	174	1	1.3042628011e-01
13	175	1	1.3101569007e-01
13	176	1	1.3479422544e-01
13	177	1	1.3044506975e-01
13	178	1	1.2923479620e-01
13	179	1	1.3060628847e-01
13	180	1	1.3038879079e-01
13	181	1	1.3026961011e-01
13	182	1	1.3170051014e-01
13	183	1	1.3150349697e-01
13	184	1	1.2986230824e-01
13	185	1	1.3119632659e-01
13	186	1	1.2992318772e-01
13	187	1	1.3140653791e-01
13	188	1	1.3150588066e-01
13	189	1	1.2984399481e-01
13	190	1	1.3022139462e-01
13	191	1	1.2980749793e-01
13	192	1	1.2986576320e-01
13	193	1	1.2962724185e-01
13	194	1	1.2975128789e-01
13	195	1	1.2992207102e-01
13	196	1	1.3045547840e-01
13	197	1	1.2933207262e-01
13	198	1	1.2944926685e-01
13	199	1	1.3337589908e-01
14	0	1	1.0605856101e-01
14	1	1	1.0640133298e-01
14	2	1	1.0617150029e-01
14	3	1	1.0534354560e-01
14	4	1	1.0603487691e-01
14	5	1	1.0627227719e-01
14	6	1	1.0851762845e-01
14	7	1	1.0616830679e-01
14	8	1	1.0612893742e-01
14	9	1	1.0569573584e-01
14	10	1	1.0644321150e-01
14	11	1	1.0575747034e-01
14	12	1	1.0580303853e-01
14	13	1	1.0714062584e-01
14	14	1	1.0585018453e-01
14	15	1	1.0596447085e-01
14	16	1	1.0792210105e-01
14	17	1	1.0679836350e-01
14	18	1	1.0513201962e-01
14	19	1	1.0427810083e-01
14	20	1	1.0520331723e-01
14	21	1	1.0521901800e-01
14	22	1	1.0811283193e-01
14	23	1	1.0539841761e-01
14	24	1	1.0635416080e-01
14	25	1	1.0559081353e-01
14	26	1	1.0789709789e-01
14	27	1	1.0516654055e-01
14	28	1	1.0554944457e-01
14	29	1	1.0572158300e-01
14	30	1	1.0760020684e-01
14	31	1	1.0534797635e-01
14	32	1	1.0792334222e-01
14	33	1	1.0971363243e-01
14	34	1	1.0662290062e-01
14	35	1	1.0703023153e-01
14	36	1	1.0528882720e-01
14	37	1	1.0887901236e-01
14	38	1	1.0528676129e-01
14	39	1	1.0571364787e-01
14	40	1	1.0640038881e-01
14	41	1	1.0599155754e-01
14	42	1	1.0541756719e-01
14	43	1	1.0691782974e-01
14	44	1	1.0633829614e-01
14	45	1	1.0529380333e-01
14	46	1	1.0553746084e-01
14	47	1	1.0527387278e-01
14	48	1	1.0528332404e-01
14	49	1	1.0833193068e-01
14	50	1	1.0545258171e-01
14	51	1	1.0671605299e-01
14	52	1	1.0822850605e-01
14	53	1	1.0535365667e-01
14	54	1	1.0703606863e-01
14	55	1	1.0769343667e-01
14	56	1	1.0585744908e-01
14	57	1	1.0876514427e-01
14	58	1	1.0773732123e-01
14	59	1	1.0603408316e-01
14	60	1	1.0611011406e-01
14	61	1	1.0501100222e-01
14	62	1	1.0596704011e-01
14	63	1	1.0477290109e-01
14	64	1	1.0570399144e-01
14	65	1	1.0709741300e-01
14	66	1	1.0677855454e-01
14	67	1	1.0608745387e-01
14	68	1	1.0633044715e-01
14	69	1	1.0569559566e-01
14	70	1	1.0637815371e-01
14	71	1	1.0532557263e-01
14	72	1	1.0661243051e-01
14	73	1	1.0683030687e-01
14	74	1	1.0601505817e-01
14	75	1	1.0594318773e-01
14	76	1	1.0603278898e-01
14	77	1	1.0673713971e-01
14	78	1	1.0760067971e-01
14	79	1	1.0516978313e-01
14	80	1	1.0658867349e-01
14	81	1	1.0531824777e-01
14	82	1	1.0638248687e-01
14	83	1	1.0631752086e-01
14	84	1	1.0571976105e-01
14	85	1	1.0544594551e-01
14	86	1	1.0747114525e-01
14	87	1	1.0516004961e-01
14	88	1	1.0598388475e-01
14	89	1	1.0748003776e-01
14	90	1	1.0573058133e-01
14	91	1	1.0549773087e-01
14	92	1	1.0656478035e-01
14	93	1	1.0513458972e-01
14	94	1	1.0542223553e-01
14	95	1	1.0668835405e-01
14	96	1	1.0903548625e-01
14	97	1	1.0593184777e-01
14	98	1	1.0515833597e-01
14	99	1	1.0814782692e-01
14	100	1	1.0917642156e-01
14	101	1	1.0680731488e-01
14	102	1	1.0550328487e-01
14	103	1	1.0541548735e-01
14	104	1	1.0736007077e-01
14	105	1	1.0577381590e-01
14	106	1	1.0759657778e-01
14	107	1	1.0688355616e-01
14	108	1	1.0680840889e-01
14	109	1	1.0708968700e-01
14	110	1	1.0593718700e-01
14	111	1	1.0509935485e-01
14	112	1	1.0596956265e-01
14	113	1	1.0626016007e-01
14	114	1	1.0788053927e-01
14	115	1	1.0536525377e-01
14	116	1	1.0532708084e-01
14	117	1	1.0723780579e-01
14	118	1	1.0829396417e-01
14	119	1	1.0605195370e-01
14	120	1	1.0628297201e-01
14	121	1	1.0681605093e-01
14	122	1	1.0651195040e-01
14	123	1	1.0582772910e-01
14	124	1	1.0758363574e-01
14	125	1	1.0758953239e-01
14	126	1	1.0541857514e-01
14	127	1	1.0788208234e-01
14	128	1	1.0671837231e-01
14	129	1	1.0720787533e-01
14	130	1	1.0713072546e-01
14	131	1	1.0783709465e-01
14	132	1	1.0747805964e-01
14	133	1	1.0564815952e-01
14	134	1	1.0678767584e-01
14	135	1	1.0503759801e-01
14	136	1	1.0559614956e-01
14	137	1	1.0506594838e-01
14	138	1	1.0684941017e-01
14	139	1	1.0576352697e-01
14	140	1	1.0637430223e-01
14	141	1	1.0614433123e-01
14	142	1	1.0668136134e-01
14	143	1	1.0831750493e-01
14	144	1	1.0502706589e-01
14	145	1	1.0509788352e-01
14	146	1	1.0589080450e-01
14	147	1	1.0581911485e-01
14	148	1	1.0495756869e-01
14	149	1	1.0495503036e-01
14	150	1	1.0538298761e-01
14	151	1	1.0542392355e-01
14	152	1	1.0505141773e-01
14	153	1	1.0663794728e-01
14	154	1	1.0673281745e-01
14	155	1	1.0676160729e-01
14	156	1	1.0487310221e-01
14	157	1	1.0450243437e-01
14	158	1	1.0556956494e-01
14	159	1	1.0439501905e-01
14	160	1	1.0589983684e-01
14	161	1	1.0487067373e-01
14	162	1	1.0617898937e-01
14	163	1	1.0475179145e-01
14	164	1	1.0617414511e-01
14	165	1	1.0549143619e-01
14	166	1	1.0751902118e-01
14	167	1	1.0815821833e-01
14	168	1	1.0570741432e-01
14	169	1	1.0674824898e-01
14	170	1	1.0454048847e-01
14	171	1	1.0547592140e-01
14	172	1	1.0632932560e-01
14	173	1	1.0623337009e-01
14	174	1	1.0605887588e-01
14	175	1	1.0661504968e-01
14	176	1	1.1035621802e-01
14	177	1	1.0602728911e-01
14	178	1	1.0493370703e-01
14	179	1	1.0620542697e-01
14	180	1	1.0612002344e-01
14	181	1	1.0590320965e-01
14	182	1	1.0728782167e-01
14	183	1	1.0715799564e-01
14	184	1	1.0546071327e-01
14	185	1	1.0661432335e-01
14	186	1	1.0558513530e-01
14	187	1	1.0671572663e-01
14	188	1	1.0694277977e-01
14	189	1	1.0547882686e-01
14	190	1	1.0581774037e-01
14	191	1	1.0548920081e-01
14	192	1	1.0549507616e-01
14	193	1	1.0524291643e-01
14	194	1	1.0539017520e-01
14	195	1	1.0565926872e-01
14	196	1	1.0621137976e-01
14	197	1	1.0502906075e-01
14	198	1	1.0509708808e-01
14	199	1	1.0875435051e-01
15	0	1	8.5888886946e-02
15	1	1	8.6279356945e-02
15	2	1	8.6116052672e-02
15	3	1	8.5196800744e-02
15	4	1	8.5921713814e-02
15	5	1	8.6268701866e-02
15	6	1	8.8337089587e-02
15	7	1	8.6059696805e-02
15	8	1	8.6021537085e-02
15	9	1	8.5589020027e-02
15	10	1	8.6159326403e-02
15	11	1	8.5473640028e-02
15	12	1	8.5749099957e-02
15	13	1	8.7073628203e-02
15	14	1	8.5661374996e-02
15	15	1	8.5834714226e-02
15	16	1	8.7859108699e-02
15	17	1	8.6624388135e-02
15	18	1	8.5074365740e-02
15	19	1	8.4133375901e-02
15	20	1	8.5005049115e-02
15	21	1	8.5121345036e-02
15	22	1	8.7910717577e-02
15	23	1	8.5166206973e-02
15	24	1	8.6243274547e-02
15	25	1	8.5443303590e-02
15	26	1	8.7628511310e-02
15	27	1	8.5131577673e-02
15	28	1	8.5421010313e-02
15	29	1	8.5636663988e-02
15	30	1	8.7461283035e-02
15	31	1	8.5333260671e-02
15	32	1	8.7548310686e-02
15	33	1	8.9388030962e-02
15	34	1	8.6524572242e-02
15	35	1	8.6844479628e-02
15	36	1	8.5262605076e-02
15	37	1	8.8609253790e-02
15	38	1	8.5147908563e-02
15	39	1	8.5722037006e-02
15	40	1	8.6250242965e-02
15	41	1	8.5856397272e-02
15	42	1	8.5261098168e-02
15	43	1	8.6513192851e-02
15	44	1	8.6263531538e-02
15	45	1	8.5198235693e-02
15	46	1	8.5475789971e-02
15	47	1	8.5271730530e-02
15	48	1	8.5148081599e-02
15	49	1	8.8037964235e-02
15	50	1	8.5378040694e-02
15	51	1	8.6600294828e-02
15	52	1	8.8053652462e-02
15	53	1	8.5284210565e-02
15	54	1	8.6954978586e-02
15	55	1	8.7579389712e-02
15	56	1	8.5863371273e-02
15	57	1	8.8605735426e-02
15	58	1	8.7559322163e-02
15	59	1	8.5996242593e-02
15	60	1	8.5898295709e-02
15	61	1	8.4940348356e-02
15	62	1	8.5905539706e-02
15	63	1	8.4733137640e-02
15	64	1	8.5624156273e-02
15	65	1	8.6925451476e-02
15	66	1	8.6607781935e-02
15	67	1	8.6090923798e-02
15	68	1	8.6159929318e-02
15	69	1	8.5475289980e-02
15	70	1	8.6251823849e-02
15	71	1	8.5080754572e-02
15	72	1	8.6413930859e-02
15	73	1	8.6670614008e-02
15	74	1	8.5821000926e-02
15	75	1	8.5889850516e-02
15	76	1	8.5999336026e-02
15	77	1	8.6508268715e-02
15	78	1	8.7529165656e-02
15	79	1	8.5170417291e-02
15	80	1	8.6493428093e-02
15	81	1	8.5385271815e-02
15	82	1	8.6283173218e-02
15	83	1	8.6296668277e-02
15	84	1	8.5558921121e-02
15	85	1	8.5352132857e-02
15	86	1	8.7079820746e-02
15	87	1	8.5007326702e-02
15	88	1	8.5807747186e-02
15	89	1	8.7426772367e-02
15	90	1	8.5632528267e-02
15	91	1	8.5345237758e-02
15	92	1	8.6412499223e-02
15	93	1	8.5145993583e-02
15	94	1	8.5190037380e-02
15	95	1	8.6509770230e-02
15	96	1	8.8851135241e-02
15	97	1	8.5837222012e-02
15	98	1	8.5120653012e-02
15	99	1	8.7945468239e-02
15	100	1	8.8970827034e-02
15	101	1	8.6751946602e-02
15	102	1	8.5433057865e-02
15	103	1	8.5330738140e-02
15	104	1	8.7248638410e-02
15	105	1	8.5636861114e-02
15	106	1	8.7394360331e-02
15	107	1	8.6648282312e-02
15	108	1	8.6406031433e-02
15	109	1	8.6997949734e-02
15	110	1	8.5762087919e-02
15	111	1	8.4930442593e-02
15	112	1	8.5940611042e-02
15	113	1	8.6188163044e-02
15	114	1	8.7770146502e-02
15	115	1	8.5138838414e-02
15	116	1	8.5122133766e-02
15	117	1	8.7089054171e-02
15	118	1	8.7947751499e-02
15	119	1	8.5975722902e-02
15	120	1	8.6043212890e-02
15	121	1	8.6570362898e-02
15	122	1	8.6354454815e-02
15	123	1	8.5676824949e-02
15	124	1	8.7355254977e-02
15	125	1	8.7629439687e-02
15	126	1	8.5247899701e-02
15	127	1	8.7715470507e-02
15	128	1	8.6519046428e-02
15	129	1	8.7076513318e-02
15	130	1	8.6899116379e-02
15	131	1	8.7740042586e-02
15	132	1	8.7432866578e-02
15	133	1	8.5440589881e-02
15	134	1	8.6637966529e-02
15	135	1	8.4992441366e-02
15	136	1	8.5530924445e-02
15	137	1	8.5032011398e-02
15	138	1	8.6720929570e-02
15	139	1	8.5512656247e-02
15	140	1	8.6251656824e-02
15	141	1	8.6001710749e-02
15	142	1	8.6610588890e-02
15	143	1	8.8198549648e-02
15	144	1	8.4828137000e-02
15	145	1	8.5011012267e-02
15	146	1	8.5674742550e-02
15	147	1	8.5651971951e-02
15	148	1	8.4930868484e-02
15	149	1	8.4873208918e-02
15	150	1	8.5262494058e-02
15	151	1	8.5283682058e-02
15	152	1	8.4945890560e-02
15	153	1	8.6434795211e-02
15	154	1	8.6524436976e-02
15	155	1	8.6652143562e-02
15	156	1	8.4877669548e-02
15	157	1	8.4503828558e-02
15	158	1	8.5525037119e-02
15	159	1	8.4316222324e-02
15	160	1	8.5821140786e-02
15	161	1	8.4826995314e-02
15	162	1	8.6133762306e-02
15	163	1	8.4710538853e-02
15	164	1	8.6056748921e-02
15	165	1	8.5440213815e-02
15	166	1	8.7341087213e-02
15	167	1	8.7904207466e-02
15	168	1	8.5629801801e-02
15	169	1	8.6558031702e-02
15	170	1	8.4408144943e-02
15	171	1	8.5478678310e-02
15	172	1	8.6251288449e-02
15	173	1	8.6038317726e-02
15	174	1	8.5932267707e-02
15	175	1	8.6480150004e-02
15	176	1	9.0147432834e-02
15	177	1	8.5894361119e-02
15	178	1	8.4909580605e-02
15	179	1	8.6103832471e-02
15	180	1	8.6101618528e-02
15	181	1	8.5774180081e-02
15	182	1	8.7106320733e-02
15	183	1	8.7057683104e-02
15	184	1	8.5333331875e-02
15	185	1	8.6364808349e-02
15	186	1	8.5479125429e-02
15	187	1	8.6368919574e-02
15	188	1	8.6687324154e-02
15	189	1	8.5364170360e-02
15	190	1	8.5649399457e-02
15	191	1	8.5458096569e-02
15	192	1	8.5354287724e-02
15	193	1	8.5095654601e-02
15	194	1	8.5308922921e-02
15	195	1	8.5630233057e-02
15	196	1	8.6236693762e-02
15	197	1	8.4973983012e-02
15	198	1	8.4995448249e-02
15	199	1	8.8366498094e-02
16	0	1	6.9307144620e-02
16	1	1	6.9798184523e-02
16	2	1	6.9730403713e-02
16	3	1	6.8656739129e-02
16	4	1	6.9422898121e-02
16	5	1	6.9867678179e-02
16	6	1	7.1790261722e-02
16	7	1	6.9576715953e-02
16	8	1	6.9548488161e-02
16	9	1	6.9090222204e-02
16	10	1	6.9522592201e-02
16	11	1	6.8855251302e-02
16	12	1	6.9319488188e-02
16	13	1	7.0606670174e-02
16	14	1	6.9119191982e-02
16	15	1	6.9341434003e-02
16	16	1	7.1355356662e-02
16	17	1	7.0077157767e-02
16	18	1	6.8667291743e-02
16	19	1	6.7667644088e-02
16	20	1	6.8437908970e-02
16	21	1	6.8640925947e-02
16	22	1	7.1305265342e-02
16	23	1	6.8572469180e-02
16	24	1	6.9764180556e-02
16	25	1	6.8920939662e-02
16	26	1	7.0910023101e-02
16	27	1	6.8725916849e-02
16	28	1	6.8973174114e-02
16	29	1	6.9156341113e-02
16	30	1	7.0918745924e-02
16	31	1	6.8925315075e-02
16	32	1	7.0887742462e-02
16	33	1	7.2685291191e-02
16	34	1	7.0037833926e-02
16	35	1	7.0286766569e-02
16	36	1	6.8874700594e-02
16	37	1	7.1940478624e-02
16	38	1	6.8630510209e-02
16	39	1	6.9317726528e-02
16	40	1	6.9737730582e-02
16	41	1	6.9360158681e-02
16	42	1	6.8726219666e-02
16	43	1	6.9809377937e-02
16	44	1	6.9773009287e-02
16	45	1	6.8757716532e-02
16	46	1	6.9033432134e-02
16	47	1	6.8910990321e-02
16	48	1	6.8639514600e-02
16	49	1	7.1338886154e-02
16	50	1	6.8914722818e-02
16	51	1	7.0077949674e-02
16	52	1	7.1442170861e-02
16	53	1	6.8834302368e-02
16	54	1	7.0498005525e-02
16	55	1	7.1089207492e-02
16	56	1	6.9435518962e-02
16	57	1	7.2079606565e-02
16	58	1	7.1007290010e-02
16	59	1	6.9579543732e-02
16	60	1	6.9298480694e-02
16	61	1	6.8499082531e-02
16	62	1	6.9481597066e-02
16	63	1	6.8350106470e-02
16	64	1	6.9172566123e-02
16	65	1	7.0340407900e-02
16	66	1	7.0046249813e-02
16	67	1	6.9709109571e-02
16	68	1	6.9628739152e-02
16	69	1	6.8905059638e-02
16	70	1	6.9740733447e-02
16	71	1	6.8511833124e-02
16	72	1	6.9827739174e-02
16	73	1	7.0168185043e-02
16	74	1	6.9252791028e-02
16	75	1	6.9443843698e-02
16	76	1	6.9569670349e-02
16	77	1	6.9919079873e-02
16	78	1	7.1030331041e-02
16	79	1	6.8801783866e-02
16	80	1	7.0019028168e-02
16	81	1	6.9061513606e-02
16	82	1	6.9786451287e-02
16	83	1	6.9886409983e-02
16	84	1	6.9029402249e-02
16	85	1	6.8910568069e-02
16	86	1	7.0333565730e-02
16	87	1	6.8451442862e-02
16	88	1	6.9309478516e-02
16	89	1	7.0954121130e-02
16	90	1	6.9146673941e-02
16	91	1	6.8844785123e-02
16	92	1	6.9905832372e-02
16	93	1	6.8793181109e-02
16	94	1	6.8586392750e-02
16	95	1	6.9969368114e-02
16	96	1	7.2294117229e-02
16	97	1	6.9358593138e-02
16	98	1	6.8722344508e-02
16	99	1	7.1332641637e-02
16	100	1	7.2407218291e-02
16	101	1	7.0322592958e-02
16	102	1	6.8987043057e-02
16	103	1	6.8859546953e-02
16	104	1	7.0695484563e-02
16	105	1	6.9144401376e-02
16	106	1	7.0809966381e-02
16	107	1	7.0033659305e-02
16	108	1	6.9646000261e-02
16	109	1	7.0523431340e-02
16	110	1	6.9237097171e-02
16	111	1	6.8422591533e-02
16	112	1	6.9520161769e-02
16	113	1	6.9736521394e-02
16	114	1	7.1257574130e-02
16	115	1	6.8605173350e-02
16	116	1	6.8558846388e-02
16	117	1	7.0548081918e-02
16	118	1	7.1187382469e-02
16	119	1	6.9543903177e-02
16	120	1	6.9485676970e-02
16	121	1	6.9920124043e-02
16	122	1	6.9870650619e-02
16	123	1	6.9175548707e-02
16	124	1	7.0749476599e-02
16	125	1	7.1258162812e-02
16	126	1	6.8735048625e-02
16	127	1	7.1114548371e-02
16	128	1	6.9968491050e-02
16	129	1	7.0527383028e-02
16	130	1	7.0272463292e-02
16	131	1	7.1197043166e-02
16	132	1	7.0978561838e-02
16	133	1	6.8886845689e-02
16	134	1	7.0117181382e-02
16	135	1	6.8599358976e-02
16	136	1	6.9071307747e-02
16	137	1	6.8640413205e-02
16	138	1	7.0210389088e-02
16	139	1	6.8914835290e-02
16	140	1	6.9703518774e-02
16	141	1	6.9486515777e-02
16	142	1	7.0151011342e-02
16	143	1	7.1722882908e-02
16	144	1	6.8301484042e-02
16	145	1	6.8564002201e-02
16	146	1	6.9103837185e-02
16	147	1	6.9099355737e-02
16	148	1	6.8548443629e-02
16	149	1	6.8429189458e-02
16	150	1	6.8763995468e-02
16	151	1	6.8788935212e-02
16	152	1	6.8493716923e-02
16	153	1	6.9900577204e-02
16	154	1	6.9921471913e-02
16	155	1	7.0167790155e-02
16	156	1	6.8518236267e-02
16	157	1	6.8165686966e-02
16	158	1	6.9101696300e-02
16	159	1	6.7898228852e-02
16	160	1	6.9383134021e-02
16	161	1	6.8461794559e-02
16	162	1	6.9711609358e-02
16	163	1	6.8315582720e-02
16	164	1	6.9548572568e-02
16	165	1	6.9024823932e-02
16	166	1	7.0758579646e-02
16	167	1	7.1234003276e-02
16	168	1	6.9161353981e-02
16	169	1	6.9999566411e-02
16	170	1	6.7909043725e-02
16	171	1	6.9078197101e-02
16	172	1	6.9797120646e-02
16	173	1	6.9497447705e-02
16	174	1	6.9428634219e-02
16	175	1	6.9939659783e-02
16	176	1	7.3503942121e-02
16	177	1	6.9403058480e-02
16	178	1	6.8534994315e-02
16	179	1	6.9631813337e-02
16	180	1	6.9687305653e-02
16	181	1	6.9242447660e-02
16	182	1	7.0510116665e-02
16	183	1	7.0566739298e-02
16	184	1	6.8842059220e-02
16	185	1	6.9794289532e-02
16	186	1	6.9003620991e-02
16	187	1	6.9675787159e-02
16	188	1	7.0074044419e-02
16	189	1	6.8864015235e-02
16	190	1	6.9084110786e-02
16	191	1	6.9041957472e-02
16	192	1	6.8828566223e-02
16	193	1	6.8595633037e-02
16	194	1	6.8866651596e-02
16	195	1	6.9209090933e-02
16	196	1	6.9869279897e-02
16	197	1	6.8559938794e-02
16	198	1	6.8532591586e-02
16	199	1	7.1581411759e-02
17	0	1	5.5772754518e-02
17	1	1	5.6397275282e-02
17	2	1	5.6458665124e-02
17	3	1	5.5182649495e-02
17	4	1	5.5991233381e-02
17	5	1	5.6514409602e-02
17	6	1	5.8314461895e-02
17	7	1	5.6158078840e-02
17	8	1	5.6163876468e-02
17	9	1	5.5675728053e-02
17	10	1	5.5983520137e-02
17	11	1	5.5370800175e-02
17	12	1	5.5966292708e-02
17	13	1	5.7189329350e-02
17	14	1	5.5678254927e-02
17	15	1	5.5934367923e-02
17	16	1	5.7879873903e-02
17	17	1	5.6606774542e-02
17	18	1	5.5362624107e-02
17	19	1	5.4332809670e-02
17	20	1	5.4983753671e-02
17	21	1	5.5236799636e-02
17	22	1	5.7792946586e-02
17	23	1	5.5079625025e-02
17	24	1	5.6362440060e-02
17	25	1	5.5489692910e-02
17	26	1	5.7222232419e-02
17	27	1	5.5392468307e-02
17	28	1	5.5663384197e-02
17	29	1	5.5742764131e-02
17	30	1	5.7440433704e-02
17	31	1	5.5573375643e-02
17	32	1	5.7406862983e-02
17	33	1	5.9087024878e-02
17	34	1	5.6624800713e-02
17	35	1	5.6805223043e-02
17	36	1	5.5565635819e-02
17	37	1	5.8347590899e-02
17	38	1	5.5194491452e-02
17	39	1	5.5943547966e-02
17	40	1	5.6302199866e-02
17	41	1	5.5959322704e-02
17	42	1	5.5274881077e-02
17	43	1	5.6207301787e-02
17	44	1	5.6329205914e-02
17	45	1	5.5414030069e-02
17	46	1	5.5659767021e-02
17	47	1	5.5628518954e-02
17	48	1	5.5201788336e-02
17	49	1	5.7722315057e-02
17	50	1	5.5520636351e-02
17	51	1	5.6580281354e-02
17	52	1	5.7859669831e-02
17	53	1	5.5429617047e-02
17	54	1	5.7096113419e-02
17	55	1	5.7652553445e-02
17	56	1	5.6020073130e-02
17	57	1	5.8604408254e-02
17	58	1	5.7563366884e-02
17	59	1	5.6226518372e-02
17	60	1	5.5762498724e-02
17	61	1	5.5144825075e-02
17	62	1	5.6137257608e-02
17	63	1	5.5057733407e-02
17	64	1	5.5802900200e-02
17	65	1	5.6799320022e-02
17	66	1	5.6527621785e-02
17	67	1	5.6369834636e-02
17	68	1	5.6184979968e-02
17	69	1	5.5441033780e-02
17	70	1	5.6314652939e-02
17	71	1	5.5071847555e-02
17	72	1	5.6304468661e-02
17	73	1	5.6774888342e-02
17	74	1	5.5771151485e-02
17	75	1	5.6062751610e-02
17	76	1	5.6202677720e-02
17	77	1	5.6439802026e-02
17	78	1	5.7562798016e-02
17	79	1	5.5516340935e-02
17	80	1	5.6602146493e-02
17	81	1	5.5777517244e-02
17	82	1	5.6342325017e-02
17	83	1	5.6513254132e-02
17	84	1	5.5587895847e-02
17	85	1	5.5580652277e-02
17	86	1	5.6714825861e-02
17	87	1	5.4965075674e-02
17	88	1	5.5934748892e-02
17	89	1	5.7508797543e-02
17	90	1	5.5734696732e-02
17	91	1	5.5426108877e-02
17	92	1	5.6486262885e-02
17	93	1	5.5522751738e-02
17	94	1	5.5113775256e-02
17	95	1	5.6531389053e-02
17	96	1	5.8767492814e-02
17	97	1	5.5947521227e-02
17	98	1	5.5401480547e-02
17	99	1	5.7789785841e-02
17	100	1	5.8929514872e-02
17	101	1	5.6953251054e-02
17	102	1	5.5609975300e-02
17	103	1	5.5455063378e-02
17	104	1	5.7176466498e-02
17	105	1	5.5765195443e-02
17	106	1	5.7324477652e-02
17	107	1	5.6538860339e-02
17	108	1	5.5999303749e-02
17	109	1	5.7085311623e-02
17	110	1	5.5823771734e-02
17	111	1	5.5041978685e-02
17	112	1	5.6138210837e-02
17	113	1	5.6356242107e-02
17	114	1	5.7796304990e-02
17	115	1	5.5217775478e-02
17	116	1	5.5100314048e-02
17	117	1	5.7090468310e-02
17	118	1	5.7465074884e-02
17	119	1	5.6195597431e-02
17	120	1	5.6047913899e-02
17	121	1	5.6345928953e-02
17	122	1	5.6509269364e-02
17	123	1	5.5784227114e-02
17	124	1	5.7217561203e-02
17	125	1	5.7892768232e-02
17	126	1	5.5340942030e-02
17	127	1	5.7561561897e-02
17	128	1	5.6507719431e-02
17	129	1	5.7028548340e-02
17	130	1	5.6727278406e-02
17	131	1	5.7671600126e-02
17	132	1	5.7588547724e-02
17	133	1	5.5440619664e-02
17	134	1	5.6662435595e-02
17	135	1	5.5300570734e-02
17	136	1	5.5677250010e-02
17	137	1	5.5327769333e-02
17	138	1	5.6760059153e-02
17	139	1	5.5435133688e-02
17	140	1	5.6181924066e-02
17	141	1	5.6045056689e-02
17	142	1	5.6750773461e-02
17	143	1	5.8352636213e-02
17	144	1	5.4899626057e-02
17	145	1	5.5222935589e-02
17	146	1	5.5631481510e-02
17	147	1	5.5610585998e-02
17	148	1	5.5249637947e-02
17	149	1	5.5061605237e-02
17	150	1	5.5343606632e-02
17	151	1	5.5412943754e-02
17	152	1	5.5138568903e-02
17	153	1	5.6470456802e-02
17	154	1	5.6390538337e-02
17	155	1	5.6754251692e-02
17	156	1	5.5233173455e-02
17	157	1	5.4910558414e-02
17	158	1	5.5750893201e-02
17	159	1	5.4569123089e-02
17	160	1	5.6014893501e-02
17	161	1	5.5200893774e-02
17	162	1	5.6367498800e-02
17	163	1	5.5022501523e-02
17	164	1	5.6099014653e-02
17	165	1	5.5689958482e-02
17	166	1	5.7217044858e-02
17	167	1	5.7613361171e-02
17	168	1	5.5758946490e-02
17	169	1	5.6527893315e-02
17	170	1	5.4520236561e-02
17	171	1	5.5718038309e-02
17	172	1	5.6421985746e-02
17	173	1	5.6089294590e-02
17	174	1	5.5998525726e-02
17	175	1	5.6456437340e-02
17	176	1	5.9897319389e-02
17	177	1	5.5991937222e-02
17	178	1	5.5250093682e-02
17	179	1	5.6219530562e-02
17	180	1	5.6326074607e-02
17	181	1	5.5761155530e-02
17	182	1	5.6957144077e-02
17	183	1	5.7128871377e-02
17	184	1	5.5441865186e-02
17	185	1	5.6363096965e-02
17	186	1	5.5615642318e-02
17	187	1	5.6088308194e-02
17	188	1	5.6537008108e-02
17	189	1	5.5431260877e-02
17	190	1	5.5595806184e-02
17	191	1	5.5686283507e-02
17	192	1	5.5382689033e-02
17	193	1	5.5204535388e-02
17	194	1	5.5506763934e-02
17	195	1	5.5850800835e-02
17	196	1	5.6524743216e-02
17	197	1	5.5247966666e-02
17	198	1	5.5166489268e-02
17	199	1	5.7897459544e-02
18	0	1	4.4812306917e-02
18	1	1	4.5557830411e-02
18	2	1	4.5769081591e-02
18	3	1	4.4292201223e-02
18	4	1	4.5115676879e-02
18	5	1	4.5692034396e-02
18	6	1	4.7389603344e-02
18	7	1	4.5290115619e-02
18	8	1	4.5353310623e-02
18	9	1	4.4856815554e-02
18	10	1	4.5035759912e-02
18	11	1	4.4512040202e-02
18	12	1	4.5182190648e-02
18	13	1	4.6327042545e-02
18	14	1	4.4834502243e-02
18	15	1	4.5099194129e-02
18	16	1	4.6961285680e-02
18	17	1	4.5708810013e-02
18	18	1	4.4652891192e-02
18	19	1	4.3604850289e-02
18	20	1	4.4165901014e-02
18	21	1	4.4405082359e-02
18	22	1	4.6882708358e-02
18	23	1	4.4200079216e-02
18	24	1	4.5524741296e-02
18	25	1	4.4635046399e-02
18	26	1	4.6091148411e-02
18	27	1	4.4625275879e-02
18	28	1	4.4955718582e-02
18	29	1	4.4893683937e-02
18	30	1	4.6534907140e-02
18	31	1	4.4773879623e-02
18	32	1	4.6585236350e-02
18	33	1	4.8126466587e-02
18	34	1	4.5783190584e-02
18	35	1	4.5901224418e-02
18	36	1	4.4810641675e-02
18	37	1	4.7324534244e-02
18	38	1	4.4327542153e-02
18	39	1	4.5094696309e-02
18	40	1	4.5434967780e-02
18	41	1	4.5142327393e-02
18	42	1	4.4406638460e-02
18	43	1	4.5175818122e-02
18	44	1	4.5429230711e-02
18	45	1	4.4635579672e-02
18	46	1	4.4850699488e-02
18	47	1	4.4902389227e-02
18	48	1	4.4334952420e-02
18	49	1	4.6699702133e-02
18	50	1	4.4692556832e-02
18	51	1	4.5635987859e-02
18	52	1	4.6809603167e-02
18	53	1	4.4557256754e-02
18	54	1	4.6229398875e-02
18	55	1	4.6773537106e-02
18	56	1	4.5125471133e-02
18	57	1	4.7643191850e-02
18	58	1	4.6714128387e-02
18	59	1	4.5425328670e-02
18	60	1	4.4791059007e-02
18	61	1	4.4365255321e-02
18	62	1	4.5347808811e-02
18	63	1	4.4324599243e-02
18	64	1	4.4998386018e-02
18	65	1	4.5820609237e-02
18	66	1	4.5536685521e-02
18	67	1	4.5561275909e-02
18	68	1	4.5317924166e-02
18	69	1	4.4576563233e-02
18	70	1	4.5481070117e-02
18	71	1	4.4237348235e-02
18	72	1	4.5356782104e-02
18	73	1	4.5961293159e-02
18	74	1	4.4848530142e-02
18	75	1	4.5251829160e-02
18	76	1	4.5378541078e-02
18	77	1	4.5573612313e-02
18	78	1	4.6647116609e-02
18	79	1	4.4793207900e-02
18	80	1	4.5718997909e-02
18	81	1	4.5010429524e-02
18	82	1	4.5450497651e-02
18	83	1	4.5688601094e-02
18	84	1	4.4735033124e-02
18	85	1	4.4836885395e-02
18	86	1	4.5714520514e-02
18	87	1	4.4065960916e-02
18	88	1	4.5163031775e-02
18	89	1	4.6578818074e-02
18	90	1	4.4904995072e-02
18	91	1	4.4574059288e-02
18	92	1	4.5631064585e-02
18	93	1	4.4822809803e-02
18	94	1	4.4262307092e-02
18	95	1	4.5697036352e-02
18	96	1	4.7729718238e-02
18	97	1	4.5103070023e-02
18	98	1	4.4640390894e-02
18	99	1	4.6823577400e-02
18	100	1	4.8023899983e-02
18	101	1	4.6152841299e-02
18	102	1	4.4790519625e-02
18	103	1	4.4613772602e-02
18	104	1	4.6233533699e-02
18	105	1	4.4996055634e-02
18	106	1	4.6447620624e-02
18	107	1	4.5683402110e-02
18	108	1	4.4956057581e-02
18	109	1	4.6152324007e-02
18	110	1	4.5022869227e-02
18	111	1	4.4275759179e-02
18	112	1	4.5281262613e-02
18	113	1	4.5546091862e-02
18	114	1	4.6879525078e-02
18	115	1	4.4433658677e-02
18	116	1	4.4239714275e-02
18	117	1	4.6221391140e-02
18	118	1	4.6324765734e-02
18	119	1	4.5412528249e-02
18	120	1	4.5235948241e-02
18	121	1	4.5379389771e-02
18	122	1	4.5751985001e-02
18	123	1	4.4976937692e-02
18	124	1	4.6266098928e-02
18	125	1	4.7012412984e-02
18	126	1	4.4547597275e-02
18	127	1	4.6589445286e-02
18	128	1	4.5626848529e-02
18	129	1	4.6106887787e-02
18	130	1	4.5794630575e-02
18	131	1	4.6683049403e-02
18	132	1	4.6766756576e-02
18	133	1	4.4582590081e-02
18	134	1	4.5766388639e-02
18	135	1	4.4582406727e-02
18	136	1	4.4856785350e-02
18	137	1	4.4573435221e-02
18	138	1	4.5862131924e-02
18	139	1	4.4576934367e-02
18	140	1	4.5204393178e-02
18	141	1	4.5177937550e-02
18	142	1	4.5899478829e-02
18	143	1	4.7584190379e-02
18	144	1	4.4098358309e-02
18	145	1	4.4483017777e-02
18	146	1	4.4742369946e-02
18	147	1	4.4681537448e-02
18	148	1	4.4501861451e-02
18	149	1	4.4266149378e-02
18	150	1	4.4498856049e-02
18	151	1	4.4645473616e-02
18	152	1	4.4358778232e-02
18	153	1	4.5636552034e-02
18	154	1	4.5432668722e-02
18	155	1	4.5902259301e-02
18	156	1	4.4502330188e-02
18	157	1	4.4217441712e-02
18	158	1	4.4980090593e-02
18	159	1	4.3796949529e-02
18	160	1	4.5213009599e-02
18	161	1	4.4496269601e-02
18	162	1	4.5591532833e-02
18	163	1	4.4312199711e-02
18	164	1	4.5211183198e-02
18	165	1	4.4925177408e-02
18	166	1	4.6251124850e-02
18	167	1	4.6544295730e-02
18	168	1	4.4904787999e-02
18	169	1	4.5640700689e-02
18	170	1	4.3737516911e-02
18	171	1	4.4888916942e-02
18	172	1	4.5630339980e-02
18	173	1	4.5311329336e-02
18	174	1	4.5131249394e-02
18	175	1	4.5526609300e-02
18	176	1	4.8827210013e-02
18	177	1	4.5136798753e-02
18	178	1	4.4536156539e-02
18	179	1	4.5393147477e-02
18	180	1	4.5521001235e-02
18	181	1	4.4836163734e-02
18	182	1	4.5944434910e-02
18	183	1	4.6222018130e-02
18	184	1	4.4612357777e-02
18	185	1	4.5558089389e-02
18	186	1	4.4795110066e-02
18	187	1	4.5124426588e-02
18	188	1	4.5568820713e-02
18	189	1	4.4580245786e-02
18	190	1	4.4689896223e-02
18	191	1	4.4885854348e-02
18	192	1	4.4533811580e-02
18	193	1	4.4400485572e-02
18	194	1	4.4714686586e-02
18	195	1	4.5053142702e-02
18	196	1	4.5685723297e-02
18	197	1	4.4521834881e-02
18	198	1	4.4395050744e-02
18	199	1	4.6831300344e-02
19	0	1	3.5979187705e-02
19	1	1	3.6827437984e-02
19	2	1	3.7175586801e-02
19	3	1	3.5543735232e-02
19	4	1	3.6341406625e-02
19	5	1	3.6941314354e-02
19	6	1	3.8552076237e-02
19	7	1	3.6520322180e-02
19	8	1	3.6663173645e-02
19	9	1	3.6176268440e-02
19	10	1	3.6213837266e-02
19	11	1	3.5797589852e-02
19	12	1	3.6501281002e-02
19	13	1	3.7566370615e-02
19	14	1	3.6118766904e-02
19	15	1	3.6374522494e-02
19	16	1	3.8146854284e-02
19	17	1	3.6928460181e-02
19	18	1	3.6067957840e-02
19	19	1	3.5003964646e-02
19	20	1	3.5525449623e-02
19	21	1	3.5701444260e-02
19	22	1	3.8101713754e-02
19	23	1	3.5465423873e-02
19	24	1	3.6801441357e-02
19	25	1	3.5886996502e-02
19	26	1	3.7080598442e-02
19	27	1	3.5967666157e-02
19	28	1	3.6352657402e-02
19	29	1	3.6145784222e-02
19	30	1	3.7756747364e-02
19	31	1	3.6066109738e-02
19	32	1	3.7910030380e-02
19	33	1	3.9347634956e-02
19	34	1	3.7060961751e-02
19	35	1	3.7117780035e-02
19	36	1	3.6150478869e-02
19	37	1	3.8393366109e-02
19	38	1	3.5580380403e-02
19	39	1	3.6314678226e-02
19	40	1	3.6682628120e-02
19	41	1	3.6435627879e-02
19	42	1	3.5663788735e-02
19	43	1	3.6244669536e-02
19	44	1	3.6624460296e-02
19	45	1	3.5945069268e-02
19	46	1	3.6156574625e-02
19	47	1	3.6258867692e-02
19	48	1	3.5587145673e-02
19	49	1	3.7815940889e-02
19	50	1	3.5972936463e-02
19	51	1	3.6817935374e-02
19	52	1	3.7852387570e-02
19	53	1	3.5778463901e-02
19	54	1	3.7453414304e-02
19	55	1	3.8004316116e-02
19	56	1	3.6320292699e-02
19	57	1	3.8685434466e-02
19	58	1	3.7963967035e-02
19	59	1	3.6719214257e-02
19	60	1	3.5933608126e-02
19	61	1	3.5698019908e-02
19	62	1	3.6652822144e-02
19	63	1	3.5683402227e-02
19	64	1	3.6296396371e-02
19	65	1	3.6968361969e-02
19	66	1	3.6626678307e-02
19	67	1	3.6843373354e-02
19	68	1	3.6550905292e-02
19	69	1	3.5852120682e-02
19	70	1	3.6769043419e-02
19	71	1	3.5526829546e-02
19	72	1	3.6545712178e-02
19	73	1	3.7236513651e-02
19	74	1	3.6021756979e-02
19	75	1	3.6555967290e-02
19	76	1	3.6633053775e-02
19	77	1	3.6856681814e-02
19	78	1	3.7829579605e-02
19	79	1	3.6161280009e-02
19	80	1	3.6915922982e-02
19	81	1	3.6304698136e-02
19	82	1	3.6649140189e-02
19	83	1	3.6970379626e-02
19	84	1	3.6019858892e-02
19	85	1	3.6192225145e-02
19	86	1	3.6833610296e-02
19	87	1	3.5307835617e-02
19	88	1	3.6498107317e-02
19	89	1	3.7739098205e-02
19	90	1	3.6203147990e-02
19	91	1	3.5846634813e-02
19	92	1	3.6881452741e-02
19	93	1	3.6233191792e-02
19	94	1	3.5539233299e-02
19	95	1	3.6994809564e-02
19	96	1	3.8707537975e-02
19	97	1	3.6369301914e-02
19	98	1	3.5974917575e-02
19	99	1	3.7973582189e-02
19	100	1	3.9213738805e-02
19	101	1	3.7449322888e-02
19	102	1	3.6084077108e-02
19	103	1	3.5889284262e-02
19	104	1	3.7434996042e-02
19	105	1	3.6357584327e-02
19	106	1	3.7707932122e-02
19	107	1	3.6984542842e-02
19	108	1	3.6021143790e-02
19	109	1	3.7243846035e-02
19	110	1	3.6378171578e-02
19	111	1	3.5641204531e-02
19	112	1	3.6509405199e-02
19	113	1	3.6856616776e-02
19	114	1	3.8053123887e-02
19	115	1	3.5762496961e-02
19	116	1	3.5505928752e-02
19	117	1	3.7481472993e-02
19	118	1	3.7343341328e-02
19	119	1	3.6710948166e-02
19	120	1	3.6563329716e-02
19	121	1	3.6552969731e-02
19	122	1	3.7098326264e-02
19	123	1	3.6281812830e-02
19	124	1	3.7431207143e-02
19	125	1	3.8164444707e-02
19	126	1	3.5881208404e-02
19	127	1	3.7747387396e-02
19	128	1	3.6873399916e-02
19	129	1	3.7328949745e-02
19	130	1	3.7025773812e-02
19	131	1	3.7792028852e-02
19	132	1	3.8049942231e-02
19	133	1	3.5845276252e-02
19	134	1	3.6974983136e-02
19	135	1	3.5973395715e-02
19	136	1	3.6159015330e-02
19	137	1	3.5917593907e-02
19	138	1	3.7058277052e-02
19	139	1	3.5882331761e-02
19	140	1	3.6343077064e-02
19	141	1	3.6429281076e-02
19	142	1	3.7146262086e-02
19	143	1	3.8889814376e-02
19	144	1	3.5423402513e-02
19	145	1	3.5868144676e-02
19	146	1	3.5972778424e-02
19	147	1	3.5872004339e-02
19	148	1	3.5830381690e-02
19	149	1	3.5595188984e-02
19	150	1	3.5777450657e-02
19	151	1	3.6002349831e-02
19	152	1	3.5683509797e-02
19	153	1	3.6919574974e-02
19	154	1	3.6593533487e-02
19	155	1	3.7156096886e-02
19	156	1	3.5861257507e-02
19	157	1	3.5611410241e-02
19	158	1	3.6336983304e-02
19	159	1	3.5113956304e-02
19	160	1	3.6522284947e-02
19	161	1	3.5870782681e-02
19	162	1	3.6920164354e-02
19	163	1	3.5712644928e-02
19	164	1	3.6444516571e-02
19	165	1	3.6275441558e-02
19	166	1	3.7440011511e-02
19	167	1	3.7555510507e-02
19	168	1	3.6146942997e-02
19	169	1	3.6885020548e-02
19	170	1	3.5090277873e-02
19	171	1	3.6148612781e-02
19	172	1	3.6954552810e-02
19	173	1	3.6690509094e-02
19	174	1	3.6375728052e-02
19	175	1	3.6689027581e-02
19	176	1	3.9808588731e-02
19	177	1	3.6382419071e-02
19	178	1	3.5916486382e-02
19	179	1	3.6709199929e-02
19	180	1	3.6817802813e-02
19	181	1	3.6030236717e-02
19	182	1	3.7043732747e-02
19	183	1	3.7392750539e-02
19	184	1	3.5886767135e-02
19	185	1	3.6861454958e-02
19	186	1	3.6083780439e-02
19	187	1	3.6285887973e-02
19	188	1	3.6725444101e-02
19	189	1	3.5865427093e-02
19	190	1	3.5913921017e-02
19	191	1	3.6183579507e-02
19	192	1	3.5832289373e-02
19	193	1	3.5713466746e-02
19	194	1	3.6019712246e-02
19	195	1	3.6362198321e-02
19	196	1	3.6913858847e-02
19	197	1	3.5906837338e-02
19	198	1	3.5761534070e-02
19	199	1	3.7913184339e-02
20	0	1	2.8884466869e-02
20	1	1	2.9811306431e-02
20	2	1	3.0260788334e-02
20	3	1	2.8529978169e-02
20	4	1	2.9276809403e-02
20	5	1	2.9889895797e-02
20	6	1	3.1416580832e-02
20	7	1	2.9452565990e-02
20	8	1	2.9693364092e-02
20	9	1	2.9226072479e-02
20	10	1	2.9110606390e-02
20	11	1	2.8806880468e-02
20	12	1	2.9516576470e-02
20	13	1	3.0522430291e-02
20	14	1	2.9126935679e-02
20	15	1	2.9363017420e-02
20	16	1	3.1048860618e-02
20	17	1	2.9869608043e-02
20	18	1	2.9200583323e-02
20	19	1	2.8113134417e-02
20	20	1	2.8637530727e-02
20	21	1	2.8739539499e-02
20	22	1	3.1054350178e-02
20	23	1	2.8451004135e-02
20	24	1	2.9799612173e-02
20	25	1	2.8855939395e-02
20	26	1	2.9806526568e-02
20	27	1	2.9024863320e-02
20	28	1	2.9429711870e-02
20	29	1	2.9098581909e-02
20	30	1	3.0701713762e-02
20	31	1	2.9061095279e-02
20	32	1	3.0926224571e-02
20	33	1	3.2336093942e-02
20	34	1	3.0063799581e-02
20	35	1	3.0049069700e-02
20	36	1	2.9189719659e-02
20	37	1	3.1159684761e-02
20	38	1	2.8561723080e-02
20	39	1	2.9220222149e-02
20	40	1	2.9644571827e-02
20	41	1	2.9427563568e-02
20	42	1	2.8633506314e-02
20	43	1	2.9041544435e-02
20	44	1	2.9534879311e-02
20	45	1	2.8937762636e-02
20	46	1	2.9180735709e-02
20	47	1	2.9289478439e-02
20	48	1	2.8569563197e-02
20	49	1	3.0671590984e-02
20	50	1	2.8972665994e-02
20	51	1	2.9732833061e-02
20	52	1	3.0618963659e-02
20	53	1	2.8716498677e-02
20	54	1	3.0387146670e-02
20	55	1	3.0949941136e-02
20	56	1	2.9246353060e-02
20	57	1	3.1335457030e-02
20	58	1	3.0894038719e-02
20	59	1	2.9711014664e-02
20	60	1	2.8813122230e-02
20	61	1	2.8738937348e-02
20	62	1	2.9646619467e-02
20	63	1	2.8732856597e-02
20	64	1	2.9305015683e-02
20	65	1	2.9856960916e-02
20	66	1	2.9433386624e-02
20	67	1	2.9824548625e-02
20	68	1	2.9479440771e-02
20	69	1	2.8860527048e-02
20	70	1	2.9763460605e-02
20	71	1	2.8529869865e-02
20	72	1	2.9473699857e-02
20	73	1	3.0189813518e-02
20	74	1	2.8904354521e-02
20	75	1	2.9566133213e-02
20	76	1	2.9574248367e-02
20	77	1	2.9882888288e-02
20	78	1	3.0718252436e-02
20	79	1	2.9227538151e-02
20	80	1	2.9826836528e-02
20	81	1	2.9277752411e-02
20	82	1	2.9537499029e-02
20	83	1	2.9984881776e-02
20	84	1	2.9053745723e-02
20	85	1	2.9230272852e-02
20	86	1	2.9662494982e-02
20	87	1	2.8293224528e-02
20	88	1	2.9520721032e-02
20	89	1	3.0639752883e-02
20	90	1	2.9230043359e-02
20	91	1	2.8858292758e-02
20	92	1	2.9847183355e-02
20	93	1	2.9344448355e-02
20	94	1	2.8516464786e-02
20	95	1	3.0003749331e-02
20	96	1	3.1344128761e-02
20	97	1	2.9354924074e-02
20	98	1	2.9008435923e-02
20	99	1	3.0831233151e-02
20	100	1	3.2110138540e-02
20	101	1	3.0440618425e-02
20	102	1	2.9092077757e-02
20	103	1	2.8886360666e-02
20	104	1	3.0380701422e-02
20	105	1	2.9414887032e-02
20	106	1	3.0689931476e-02
20	107	1	3.0020456651e-02
20	108	1	2.8782114993e-02
20	109	1	3.0022214198e-02
20	110	1	2.9487867382e-02
20	111	1	2.8721104798e-02
20	112	1	2.9437473962e-02
20	113	1	2.9885037371e-02
20	114	1	3.0966919902e-02
20	115	1	2.8777601564e-02
20	116	1	2.8485907905e-02
20	117	1	3.0475295345e-02
20	118	1	3.0130309199e-02
20	119	1	2.9692657173e-02
20	120	1	2.9614937290e-02
20	121	1	2.9453753818e-02
20	122	1	3.0132700828e-02
20	123	1	2.9294394406e-02
20	124	1	3.0306509918e-02
20	125	1	3.0989927707e-02
20	126	1	2.8915791487e-02
20	127	1	3.0646000923e-02
20	128	1	2.9846659909e-02
20	129	1	3.0310103266e-02
20	130	1	3.0016766781e-02
20	131	1	3.0612951120e-02
20	132	1	3.1042665241e-02
20	133	1	2.8816227354e-02
20	134	1	2.9899919623e-02
20	135	1	2.9056296038e-02
20	136	1	2.9182404552e-02
20	137	1	2.8956750424e-02
20	138	1	2.9955912377e-02
20	139	1	2.8944669037e-02
20	140	1	2.9220329920e-02
20	141	1	2.9398790761e-02
20	142	1	3.0089330058e-02
20	143	1	3.1857434115e-02
20	144	1	2.8460655092e-02
20	145	1	2.8967177818e-02
20	146	1	2.8921919842e-02
20	147	1	2.8799311918e-02
20	148	1	2.8831992491e-02
20	149	1	2.8645475757e-02
20	150	1	2.8784678996e-02
20	151	1	2.9050354823e-02
20	152	1	2.8716932236e-02
20	153	1	2.9892031810e-02
20	154	1	2.9477275447e-02
20	155	1	3.0125889316e-02
20	156	1	2.8911296188e-02
20	157	1	2.8682001128e-02
20	158	1	2.9409494499e-02
20	159	1	2.8114724764e-02
20	160	1	2.9538022700e-02
20	161	1	2.8930514794e-02
20	162	1	2.9957389268e-02
20	163	1	2.8805170828e-02
20	164	1	2.9410982423e-02
20	165	1	2.9345984014e-02
20	166	1	3.0398406473e-02
20	167	1	3.0256669053e-02
20	168	1	2.9090691048e-02
20	169	1	2.9866617024e-02
20	170	1	2.8156643216e-02
20	171	1	2.9122330281e-02
20	172	1	2.9994739949e-02
20	173	1	2.9808247682e-02
20	174	1	2.9327216691e-02
20	175	1	2.9553852838e-02
20	176	1	3.2481066956e-02
20	177	1	2.9338310089e-02
20	178	1	2.8978765265e-02
20	179	1	2.9761395826e-02
20	180	1	2.9814412799e-02
20	181	1	2.8956117619e-02
20	182	1	2.9888931767e-02
20	183	1	3.0268372078e-02
20	184	1	2.8866034443e-02
20	185	1	2.9816922043e-02
20	186	1	2.9068466732e-02
20	187	1	2.9142124141e-02
20	188	1	2.9621018757e-02
20	189	1	2.8885923681e-02
20	190	1	2.8863187321e-02
20	191	1	2.9190026624e-02
20	192	1	2.8862772490e-02
20	193	1	2.8739678569e-02
20	194	1	2.9016067536e-02
20	195	1	2.9379268328e-02
20	196	1	2.9830997809e-02
20	197	1	2.8980484656e-02
20	198	1	2.8869151735e-02
20	199	1	3.0722409726e-02
