normalization_mode mode3
title l64c64a076_m140_fit_pz7
gm T5
eta eta0
pz 7
bT 0
component real
nstates 2
normalization_sample_domain complex
input_fit_table /Users/xiang/Desktop/codes/lat-hadron-analysis-DA/examples/l64c64a076_m140/analysis/2-bm/results_fit_nst2/l64c64a076_m140_fit_pz7/tables/l64c64a076_m140_fit_pz7_T5_eta0_bT0_real_2state_fit.txt
input_sample_table /Users/xiang/Desktop/codes/lat-hadron-analysis-DA/examples/l64c64a076_m140/analysis/2-bm/results_fit_nst2/l64c64a076_m140_fit_pz7/samples/l64c64a076_m140_fit_pz7_T5_eta0_bT0_real_2state_samples.txt
reference_same_pz_bT0_bz0 l64c64a076_m140_fit_pz7 T5 eta0 pz=7 bT=0 bz=0
reference_pz0_same_bT_bz0 l64c64a076_m140_fit_pz0 T5 eta0 pz=0 bT=0 bz=0
reference_pz0_bT0_bz0 l64c64a076_m140_fit_pz0 T5 eta0 pz=0 bT=0 bz=0
bz	sample_id	success	m0
0	0	1	1.0000000000e+00
0	1	1	1.0000000000e+00
0	2	1	1.0000000000e+00
0	3	1	1.0000000000e+00
0	4	1	1.0000000000e+00
0	5	1	1.0000000000e+00
0	6	1	1.0000000000e+00
0	7	1	1.0000000000e+00
0	8	1	1.0000000000e+00
0	9	1	1.0000000000e+00
0	10	1	1.0000000000e+00
0	11	1	1.0000000000e+00
0	12	1	1.0000000000e+00
0	13	1	1.0000000000e+00
0	14	1	1.0000000000e+00
0	15	1	1.0000000000e+00
0	16	1	1.0000000000e+00
0	17	1	1.0000000000e+00
0	18	1	1.0000000000e+00
0	19	1	1.0000000000e+00
0	20	1	1.0000000000e+00
0	21	1	1.0000000000e+00
0	22	1	1.0000000000e+00
0	23	1	1.0000000000e+00
0	24	1	1.0000000000e+00
0	25	1	1.0000000000e+00
0	26	1	1.0000000000e+00
0	27	1	1.0000000000e+00
0	28	1	1.0000000000e+00
0	29	1	1.0000000000e+00
0	30	1	1.0000000000e+00
0	31	1	1.0000000000e+00
0	32	1	1.0000000000e+00
0	33	1	1.0000000000e+00
0	34	1	1.0000000000e+00
0	35	1	1.0000000000e+00
0	36	1	1.0000000000e+00
0	37	1	1.0000000000e+00
0	38	1	1.0000000000e+00
0	39	1	1.0000000000e+00
0	40	1	1.0000000000e+00
0	41	1	1.0000000000e+00
0	42	1	1.0000000000e+00
0	43	1	1.0000000000e+00
0	44	1	1.0000000000e+00
0	45	1	1.0000000000e+00
0	46	1	1.0000000000e+00
0	47	1	1.0000000000e+00
0	48	1	1.0000000000e+00
0	49	1	1.0000000000e+00
0	50	1	1.0000000000e+00
0	51	1	1.0000000000e+00
0	52	1	1.0000000000e+00
0	53	1	1.0000000000e+00
0	54	1	1.0000000000e+00
0	55	1	1.0000000000e+00
0	56	1	1.0000000000e+00
0	57	1	1.0000000000e+00
0	58	1	1.0000000000e+00
0	59	1	1.0000000000e+00
0	60	1	1.0000000000e+00
0	61	1	1.0000000000e+00
0	62	1	1.0000000000e+00
0	63	1	1.0000000000e+00
0	64	1	1.0000000000e+00
0	65	1	1.0000000000e+00
0	66	1	1.0000000000e+00
0	67	1	1.0000000000e+00
0	68	1	1.0000000000e+00
0	69	1	1.0000000000e+00
0	70	1	1.0000000000e+00
0	71	1	1.0000000000e+00
0	72	1	1.0000000000e+00
0	73	1	1.0000000000e+00
0	74	1	1.0000000000e+00
0	75	1	1.0000000000e+00
0	76	1	1.0000000000e+00
0	77	1	1.0000000000e+00
0	78	1	1.0000000000e+00
0	79	1	1.0000000000e+00
0	80	1	1.0000000000e+00
0	81	1	1.0000000000e+00
0	82	1	1.0000000000e+00
0	83	1	1.0000000000e+00
0	84	1	1.0000000000e+00
0	85	1	1.0000000000e+00
0	86	1	1.0000000000e+00
0	87	1	1.0000000000e+00
0	88	1	1.0000000000e+00
0	89	1	1.0000000000e+00
0	90	1	1.0000000000e+00
0	91	1	1.0000000000e+00
0	92	1	1.0000000000e+00
0	93	1	1.0000000000e+00
0	94	1	1.0000000000e+00
0	95	1	1.0000000000e+00
0	96	1	1.0000000000e+00
0	97	1	1.0000000000e+00
0	98	1	1.0000000000e+00
0	99	1	1.0000000000e+00
0	100	1	1.0000000000e+00
0	101	1	1.0000000000e+00
0	102	1	1.0000000000e+00
0	103	1	1.0000000000e+00
0	104	1	1.0000000000e+00
0	105	1	1.0000000000e+00
0	106	1	1.0000000000e+00
0	107	1	1.0000000000e+00
0	108	1	1.0000000000e+00
0	109	1	1.0000000000e+00
0	110	1	1.0000000000e+00
0	111	1	1.0000000000e+00
0	112	1	1.0000000000e+00
0	113	1	1.0000000000e+00
0	114	1	1.0000000000e+00
0	115	1	1.0000000000e+00
0	116	1	1.0000000000e+00
0	117	1	1.0000000000e+00
0	118	1	1.0000000000e+00
0	119	1	1.0000000000e+00
0	120	1	1.0000000000e+00
0	121	1	1.0000000000e+00
0	122	1	1.0000000000e+00
0	123	1	1.0000000000e+00
0	124	1	1.0000000000e+00
0	125	1	1.0000000000e+00
0	126	1	1.0000000000e+00
0	127	1	1.0000000000e+00
0	128	1	1.0000000000e+00
0	129	1	1.0000000000e+00
0	130	1	1.0000000000e+00
0	131	1	1.0000000000e+00
0	132	1	1.0000000000e+00
0	133	1	1.0000000000e+00
0	134	1	1.0000000000e+00
0	135	1	1.0000000000e+00
0	136	1	1.0000000000e+00
0	137	1	1.0000000000e+00
0	138	1	1.0000000000e+00
0	139	1	1.0000000000e+00
0	140	1	1.0000000000e+00
0	141	1	1.0000000000e+00
0	142	1	1.0000000000e+00
0	143	1	1.0000000000e+00
0	144	1	1.0000000000e+00
0	145	1	1.0000000000e+00
0	146	1	1.0000000000e+00
0	147	1	1.0000000000e+00
0	148	1	1.0000000000e+00
0	149	1	1.0000000000e+00
0	150	1	1.0000000000e+00
0	151	1	1.0000000000e+00
0	152	1	1.0000000000e+00
0	153	1	1.0000000000e+00
0	154	1	1.0000000000e+00
0	155	1	1.0000000000e+00
0	156	1	1.0000000000e+00
0	157	1	1.0000000000e+00
0	158	1	1.0000000000e+00
0	159	1	1.0000000000e+00
0	160	1	1.0000000000e+00
0	161	1	1.0000000000e+00
0	162	1	1.0000000000e+00
0	163	1	1.0000000000e+00
0	164	1	1.0000000000e+00
0	165	1	1.0000000000e+00
0	166	1	1.0000000000e+00
0	167	1	1.0000000000e+00
0	168	1	1.0000000000e+00
0	169	1	1.0000000000e+00
0	170	1	1.0000000000e+00
0	171	1	1.0000000000e+00
0	172	1	1.0000000000e+00
0	173	1	1.0000000000e+00
0	174	1	1.0000000000e+00
0	175	1	1.0000000000e+00
0	176	1	1.0000000000e+00
0	177	1	1.0000000000e+00
0	178	1	1.0000000000e+00
0	179	1	1.0000000000e+00
0	180	1	1.0000000000e+00
0	181	1	1.0000000000e+00
0	182	1	1.0000000000e+00
0	183	1	1.0000000000e+00
0	184	1	1.0000000000e+00
0	185	1	1.0000000000e+00
0	186	1	1.0000000000e+00
0	187	1	1.0000000000e+00
0	188	1	1.0000000000e+00
0	189	1	1.0000000000e+00
0	190	1	1.0000000000e+00
0	191	1	1.0000000000e+00
0	192	1	1.0000000000e+00
0	193	1	1.0000000000e+00
0	194	1	1.0000000000e+00
0	195	1	1.0000000000e+00
0	196	1	1.0000000000e+00
0	197	1	1.0000000000e+00
0	198	1	1.0000000000e+00
0	199	1	1.0000000000e+00
1	0	1	9.2529045714e-01
1	1	1	9.2600066279e-01
1	2	1	9.2532489790e-01
1	3	1	9.2576717881e-01
1	4	1	9.2542727039e-01
1	5	1	9.2565023985e-01
1	6	1	9.2501785761e-01
1	7	1	9.2492406014e-01
1	8	1	9.2582913264e-01
1	9	1	9.2534432584e-01
1	10	1	9.2525612022e-01
1	11	1	9.2561777491e-01
1	12	1	9.2541128228e-01
1	13	1	9.2570414043e-01
1	14	1	9.2538526759e-01
1	15	1	9.2530095735e-01
1	16	1	9.2506202831e-01
1	17	1	9.2528517218e-01
1	18	1	9.2500304757e-01
1	19	1	9.2463854423e-01
1	20	1	9.2546870612e-01
1	21	1	9.2642980118e-01
1	22	1	9.2504108455e-01
1	23	1	9.2542167215e-01
1	24	1	9.2505915877e-01
1	25	1	9.2527085434e-01
1	26	1	9.2509297203e-01
1	27	1	9.2552727441e-01
1	28	1	9.2490206205e-01
1	29	1	9.2564912968e-01
1	30	1	9.2577456065e-01
1	31	1	9.2548182834e-01
1	32	1	9.2619740415e-01
1	33	1	9.2508496712e-01
1	34	1	9.2555482958e-01
1	35	1	9.2586121599e-01
1	36	1	9.2571696423e-01
1	37	1	9.2567573144e-01
1	38	1	9.2585543644e-01
1	39	1	9.2603984264e-01
1	40	1	9.2501392341e-01
1	41	1	9.2579226475e-01
1	42	1	9.2529368190e-01
1	43	1	9.2634385285e-01
1	44	1	9.2548413524e-01
1	45	1	9.2574055270e-01
1	46	1	9.2597482288e-01
1	47	1	9.2514229127e-01
1	48	1	9.2559428478e-01
1	49	1	9.2552045169e-01
1	50	1	9.2521411103e-01
1	51	1	9.2511081439e-01
1	52	1	9.2537212259e-01
1	53	1	9.2584753859e-01
1	54	1	9.2542447495e-01
1	55	1	9.2624941910e-01
1	56	1	9.2603383569e-01
1	57	1	9.2524387503e-01
1	58	1	9.2576063688e-01
1	59	1	9.2541003331e-01
1	60	1	9.2592178445e-01
1	61	1	9.2595084719e-01
1	62	1	9.2535294798e-01
1	63	1	9.2563212993e-01
1	64	1	9.2558212899e-01
1	65	1	9.2599036630e-01
1	66	1	9.2525015366e-01
1	67	1	9.2503567642e-01
1	68	1	9.2464304354e-01
1	69	1	9.2561491600e-01
1	70	1	9.2480777000e-01
1	71	1	9.2583514315e-01
1	72	1	9.2539923458e-01
1	73	1	9.2511111831e-01
1	74	1	9.2586068941e-01
1	75	1	9.2519077192e-01
1	76	1	9.2535460490e-01
1	77	1	9.2597097945e-01
1	78	1	9.2541735699e-01
1	79	1	9.2548890124e-01
1	80	1	9.2580282043e-01
1	81	1	9.2540776528e-01
1	82	1	9.2538684988e-01
1	83	1	9.2487032819e-01
1	84	1	9.2568159404e-01
1	85	1	9.2501141431e-01
1	86	1	9.2516794654e-01
1	87	1	9.2568086453e-01
1	88	1	9.2536735678e-01
1	89	1	9.2548794925e-01
1	90	1	9.2634948581e-01
1	91	1	9.2541304835e-01
1	92	1	9.2519609534e-01
1	93	1	9.2581049167e-01
1	94	1	9.2650112834e-01
1	95	1	9.2584103518e-01
1	96	1	9.2602073006e-01
1	97	1	9.2517430546e-01
1	98	1	9.2533267174e-01
1	99	1	9.2535141079e-01
1	100	1	9.2455172749e-01
1	101	1	9.2573531495e-01
1	102	1	9.2551308597e-01
1	103	1	9.2584919474e-01
1	104	1	9.2634384241e-01
1	105	1	9.2545674294e-01
1	106	1	9.2497206033e-01
1	107	1	9.2520827466e-01
1	108	1	9.2606358740e-01
1	109	1	9.2552516927e-01
1	110	1	9.2534930658e-01
1	111	1	9.2528384367e-01
1	112	1	9.2605198241e-01
1	113	1	9.2525115843e-01
1	114	1	9.2537391504e-01
1	115	1	9.2522824940e-01
1	116	1	9.2545881261e-01
1	117	1	9.2518487294e-01
1	118	1	9.2559501807e-01
1	119	1	9.2504962453e-01
1	120	1	9.2585089622e-01
1	121	1	9.2504611710e-01
1	122	1	9.2498075612e-01
1	123	1	9.2562037443e-01
1	124	1	9.2614606226e-01
1	125	1	9.2575887004e-01
1	126	1	9.2464021427e-01
1	127	1	9.2518455382e-01
1	128	1	9.2516098134e-01
1	129	1	9.2644866412e-01
1	130	1	9.2542188270e-01
1	131	1	9.2571525454e-01
1	132	1	9.2484391695e-01
1	133	1	9.2575977731e-01
1	134	1	9.2555165052e-01
1	135	1	9.2506805198e-01
1	136	1	9.2571095694e-01
1	137	1	9.2531417597e-01
1	138	1	9.2516542459e-01
1	139	1	9.2550780909e-01
1	140	1	9.2589534542e-01
1	141	1	9.2615081855e-01
1	142	1	9.2563569635e-01
1	143	1	9.2486139992e-01
1	144	1	9.2518604097e-01
1	145	1	9.2549291187e-01
1	146	1	9.2653093295e-01
1	147	1	9.2549463808e-01
1	148	1	9.2503422324e-01
1	149	1	9.2575458416e-01
1	150	1	9.2560103072e-01
1	151	1	9.2523572998e-01
1	152	1	9.2538807945e-01
1	153	1	9.2541150826e-01
1	154	1	9.2532565560e-01
1	155	1	9.2525545472e-01
1	156	1	9.2531111639e-01
1	157	1	9.2502367181e-01
1	158	1	9.2547174497e-01
1	159	1	9.2525071214e-01
1	160	1	9.2588630463e-01
1	161	1	9.2575353504e-01
1	162	1	9.2519270448e-01
1	163	1	9.2548115275e-01
1	164	1	9.2600281277e-01
1	165	1	9.2518713656e-01
1	166	1	9.2583245635e-01
1	167	1	9.2581229518e-01
1	168	1	9.2537135166e-01
1	169	1	9.2524165286e-01
1	170	1	9.2516107111e-01
1	171	1	9.2516423702e-01
1	172	1	9.2545166706e-01
1	173	1	9.2499942631e-01
1	174	1	9.2565189195e-01
1	175	1	9.2586937947e-01
1	176	1	9.2503346015e-01
1	177	1	9.2530302781e-01
1	178	1	9.2572631145e-01
1	179	1	9.2556999750e-01
1	180	1	9.2559479511e-01
1	181	1	9.2560287992e-01
1	182	1	9.2592403266e-01
1	183	1	9.2478389190e-01
1	184	1	9.2575880735e-01
1	185	1	9.2588393926e-01
1	186	1	9.2505915133e-01
1	187	1	9.2591130726e-01
1	188	1	9.2602510696e-01
1	189	1	9.2504990616e-01
1	190	1	9.2550285786e-01
1	191	1	9.2512107344e-01
1	192	1	9.2584218230e-01
1	193	1	9.2536781073e-01
1	194	1	9.2530978538e-01
1	195	1	9.2649133263e-01
1	196	1	9.2634586097e-01
1	197	1	9.2591063648e-01
1	198	1	9.2498740532e-01
1	199	1	9.2522004317e-01
2	0	1	7.8016804379e-01
2	1	1	7.8202913569e-01
2	2	1	7.8008420371e-01
2	3	1	7.8166677792e-01
2	4	1	7.8075988087e-01
2	5	1	7.8121959525e-01
2	6	1	7.7864781390e-01
2	7	1	7.7916980332e-01
2	8	1	7.8125146240e-01
2	9	1	7.8045147746e-01
2	10	1	7.7986120396e-01
2	11	1	7.8083103281e-01
2	12	1	7.8066276959e-01
2	13	1	7.8137030278e-01
2	14	1	7.8055585601e-01
2	15	1	7.8017371061e-01
2	16	1	7.7928518035e-01
2	17	1	7.8031474366e-01
2	18	1	7.7875048669e-01
2	19	1	7.7809929214e-01
2	20	1	7.8073859237e-01
2	21	1	7.8237115791e-01
2	22	1	7.7922191006e-01
2	23	1	7.8015978379e-01
2	24	1	7.7944047658e-01
2	25	1	7.8062752817e-01
2	26	1	7.7955655328e-01
2	27	1	7.8047711777e-01
2	28	1	7.7875003889e-01
2	29	1	7.8074612743e-01
2	30	1	7.8152998654e-01
2	31	1	7.8077929493e-01
2	32	1	7.8326913499e-01
2	33	1	7.7946097825e-01
2	34	1	7.8065277184e-01
2	35	1	7.8175438954e-01
2	36	1	7.8147812462e-01
2	37	1	7.8124582702e-01
2	38	1	7.8203467301e-01
2	39	1	7.8245706109e-01
2	40	1	7.7916362704e-01
2	41	1	7.8110388594e-01
2	42	1	7.8025810297e-01
2	43	1	7.8344450984e-01
2	44	1	7.8068054567e-01
2	45	1	7.8170216593e-01
2	46	1	7.8201101555e-01
2	47	1	7.7859516982e-01
2	48	1	7.8084002123e-01
2	49	1	7.8051795162e-01
2	50	1	7.7972233217e-01
2	51	1	7.7933252021e-01
2	52	1	7.7998973328e-01
2	53	1	7.8132410961e-01
2	54	1	7.8066127397e-01
2	55	1	7.8243738249e-01
2	56	1	7.8219080528e-01
2	57	1	7.8029951179e-01
2	58	1	7.8137301241e-01
2	59	1	7.8028283642e-01
2	60	1	7.8148067497e-01
2	61	1	7.8209906643e-01
2	62	1	7.8040615688e-01
2	63	1	7.8113140273e-01
2	64	1	7.8072395057e-01
2	65	1	7.8215660608e-01
2	66	1	7.8022860397e-01
2	67	1	7.7921796253e-01
2	68	1	7.7795261791e-01
2	69	1	7.8136919379e-01
2	70	1	7.7882623511e-01
2	71	1	7.8212192910e-01
2	72	1	7.8043815837e-01
2	73	1	7.7969751678e-01
2	74	1	7.8170816921e-01
2	75	1	7.7994985632e-01
2	76	1	7.8023220821e-01
2	77	1	7.8201106027e-01
2	78	1	7.8027723534e-01
2	79	1	7.8068274939e-01
2	80	1	7.8169755012e-01
2	81	1	7.8066600389e-01
2	82	1	7.8003803501e-01
2	83	1	7.7845101784e-01
2	84	1	7.8080998171e-01
2	85	1	7.7911624451e-01
2	86	1	7.8029478349e-01
2	87	1	7.8098943697e-01
2	88	1	7.7997603354e-01
2	89	1	7.8044596043e-01
2	90	1	7.8263710837e-01
2	91	1	7.8036779378e-01
2	92	1	7.7906602509e-01
2	93	1	7.8084173273e-01
2	94	1	7.8357602155e-01
2	95	1	7.8169893831e-01
2	96	1	7.8205109901e-01
2	97	1	7.7971181899e-01
2	98	1	7.8011165381e-01
2	99	1	7.7992011519e-01
2	100	1	7.7760519839e-01
2	101	1	7.8124268983e-01
2	102	1	7.8048290576e-01
2	103	1	7.8150017253e-01
2	104	1	7.8244175621e-01
2	105	1	7.8065765586e-01
2	106	1	7.7899256860e-01
2	107	1	7.7975273934e-01
2	108	1	7.8187690381e-01
2	109	1	7.8039302462e-01
2	110	1	7.8041143651e-01
2	111	1	7.8001968363e-01
2	112	1	7.8224055957e-01
2	113	1	7.7975190167e-01
2	114	1	7.7988150561e-01
2	115	1	7.7987283564e-01
2	116	1	7.8044317784e-01
2	117	1	7.7965518777e-01
2	118	1	7.8089151579e-01
2	119	1	7.7916154922e-01
2	120	1	7.8101072745e-01
2	121	1	7.7913278118e-01
2	122	1	7.7913440222e-01
2	123	1	7.8097069775e-01
2	124	1	7.8253590195e-01
2	125	1	7.8162767515e-01
2	126	1	7.7817849868e-01
2	127	1	7.7981041384e-01
2	128	1	7.7962340576e-01
2	129	1	7.8267989407e-01
2	130	1	7.8022516375e-01
2	131	1	7.8118190592e-01
2	132	1	7.7895748833e-01
2	133	1	7.8122865197e-01
2	134	1	7.8112176338e-01
2	135	1	7.7934291864e-01
2	136	1	7.8104849802e-01
2	137	1	7.8030756631e-01
2	138	1	7.7985478935e-01
2	139	1	7.8081860875e-01
2	140	1	7.8110325843e-01
2	141	1	7.8219075877e-01
2	142	1	7.8101339740e-01
2	143	1	7.7873370216e-01
2	144	1	7.7975331424e-01
2	145	1	7.8058880160e-01
2	146	1	7.8330769366e-01
2	147	1	7.8057413466e-01
2	148	1	7.7927533299e-01
2	149	1	7.8147135428e-01
2	150	1	7.8027508065e-01
2	151	1	7.8002628024e-01
2	152	1	7.8054379968e-01
2	153	1	7.8065072791e-01
2	154	1	7.8027521019e-01
2	155	1	7.7988505875e-01
2	156	1	7.8023016035e-01
2	157	1	7.7991983113e-01
2	158	1	7.8089389840e-01
2	159	1	7.8030439591e-01
2	160	1	7.8136117671e-01
2	161	1	7.8086046792e-01
2	162	1	7.7993653081e-01
2	163	1	7.8091967800e-01
2	164	1	7.8217100564e-01
2	165	1	7.7936522500e-01
2	166	1	7.8110922118e-01
2	167	1	7.8150413334e-01
2	168	1	7.8048335706e-01
2	169	1	7.8001624243e-01
2	170	1	7.7979956156e-01
2	171	1	7.7971105001e-01
2	172	1	7.8044897034e-01
2	173	1	7.7965855652e-01
2	174	1	7.8117877741e-01
2	175	1	7.8209237293e-01
2	176	1	7.7943385547e-01
2	177	1	7.8001965379e-01
2	178	1	7.8136127941e-01
2	179	1	7.8045759684e-01
2	180	1	7.8083856277e-01
2	181	1	7.8064063585e-01
2	182	1	7.8162489539e-01
2	183	1	7.7857424394e-01
2	184	1	7.8187419671e-01
2	185	1	7.8164827323e-01
2	186	1	7.7925903487e-01
2	187	1	7.8209515117e-01
2	188	1	7.8212302221e-01
2	189	1	7.7934468820e-01
2	190	1	7.8047458432e-01
2	191	1	7.7973109331e-01
2	192	1	7.8130292682e-01
2	193	1	7.7992951719e-01
2	194	1	7.7990019670e-01
2	195	1	7.8378908441e-01
2	196	1	7.8242580202e-01
2	197	1	7.8174950916e-01
2	198	1	7.7889095298e-01
2	199	1	7.7937860613e-01
3	0	1	6.2002243029e-01
3	1	1	6.2236181023e-01
3	2	1	6.1955512218e-01
3	3	1	6.2247032146e-01
3	4	1	6.2098040860e-01
3	5	1	6.2185416917e-01
3	6	1	6.1603321728e-01
3	7	1	6.1871699583e-01
3	8	1	6.2084888425e-01
3	9	1	6.2060177917e-01
3	10	1	6.1875116135e-01
3	11	1	6.2045849936e-01
3	12	1	6.2107488961e-01
3	13	1	6.2182741599e-01
3	14	1	6.2066930743e-01
3	15	1	6.1954547574e-01
3	16	1	6.1853027042e-01
3	17	1	6.2042136470e-01
3	18	1	6.1673963532e-01
3	19	1	6.1641575838e-01
3	20	1	6.2082375225e-01
3	21	1	6.2164700353e-01
3	22	1	6.1815343283e-01
3	23	1	6.1913952127e-01
3	24	1	6.1865300846e-01
3	25	1	6.2150824045e-01
3	26	1	6.1887563524e-01
3	27	1	6.1982416774e-01
3	28	1	6.1716340874e-01
3	29	1	6.1984813095e-01
3	30	1	6.2203358212e-01
3	31	1	6.2095884533e-01
3	32	1	6.2548384296e-01
3	33	1	6.1866453582e-01
3	34	1	6.2014043773e-01
3	35	1	6.2212588129e-01
3	36	1	6.2217843641e-01
3	37	1	6.2154882249e-01
3	38	1	6.2324153082e-01
3	39	1	6.2361540230e-01
3	40	1	6.1766066170e-01
3	41	1	6.2011748663e-01
3	42	1	6.2017406345e-01
3	43	1	6.2503960691e-01
3	44	1	6.2045307101e-01
3	45	1	6.2256385204e-01
3	46	1	6.2249965691e-01
3	47	1	6.1502322748e-01
3	48	1	6.2057135582e-01
3	49	1	6.2021579231e-01
3	50	1	6.1879310609e-01
3	51	1	6.1818315806e-01
3	52	1	6.1914215152e-01
3	53	1	6.2106208417e-01
3	54	1	6.2056301862e-01
3	55	1	6.2246035267e-01
3	56	1	6.2301624361e-01
3	57	1	6.2053400853e-01
3	58	1	6.2161199806e-01
3	59	1	6.1985914502e-01
3	60	1	6.2069635304e-01
3	61	1	6.2284556833e-01
3	62	1	6.2037802592e-01
3	63	1	6.2132506779e-01
3	64	1	6.2026607549e-01
3	65	1	6.2272790476e-01
3	66	1	6.2028988160e-01
3	67	1	6.1811801139e-01
3	68	1	6.1598026310e-01
3	69	1	6.2197137756e-01
3	70	1	6.1802885893e-01
3	71	1	6.2346232184e-01
3	72	1	6.2001835899e-01
3	73	1	6.1922071618e-01
3	74	1	6.2218037251e-01
3	75	1	6.1972808759e-01
3	76	1	6.2002432504e-01
3	77	1	6.2262562135e-01
3	78	1	6.1954993310e-01
3	79	1	6.2057502291e-01
3	80	1	6.2246224914e-01
3	81	1	6.2096492826e-01
3	82	1	6.1884585867e-01
3	83	1	6.1642458104e-01
3	84	1	6.2007737199e-01
3	85	1	6.1772218335e-01
3	86	1	6.2093601471e-01
3	87	1	6.2064409371e-01
3	88	1	6.1858783062e-01
3	89	1	6.1992269139e-01
3	90	1	6.2276305434e-01
3	91	1	6.1972180228e-01
3	92	1	6.1736382254e-01
3	93	1	6.1968692086e-01
3	94	1	6.2476776789e-01
3	95	1	6.2203360842e-01
3	96	1	6.2238640640e-01
3	97	1	6.1917216589e-01
3	98	1	6.1959345810e-01
3	99	1	6.1874461973e-01
3	100	1	6.1513293034e-01
3	101	1	6.2104984178e-01
3	102	1	6.1986859946e-01
3	103	1	6.2167530279e-01
3	104	1	6.2226428244e-01
3	105	1	6.2051573804e-01
3	106	1	6.1792013697e-01
3	107	1	6.1899825615e-01
3	108	1	6.2191315823e-01
3	109	1	6.1923424085e-01
3	110	1	6.2036026275e-01
3	111	1	6.1969230544e-01
3	112	1	6.2309943942e-01
3	113	1	6.1850384545e-01
3	114	1	6.1880115846e-01
3	115	1	6.1906656811e-01
3	116	1	6.2011421712e-01
3	117	1	6.1882736645e-01
3	118	1	6.2123960352e-01
3	119	1	6.1798619868e-01
3	120	1	6.1963236179e-01
3	121	1	6.1771263411e-01
3	122	1	6.1783789092e-01
3	123	1	6.2093189473e-01
3	124	1	6.2358126844e-01
3	125	1	6.2245612294e-01
3	126	1	6.1650722785e-01
3	127	1	6.1923737103e-01
3	128	1	6.1895219345e-01
3	129	1	6.2225862807e-01
3	130	1	6.1965823567e-01
3	131	1	6.2135599809e-01
3	132	1	6.1825982148e-01
3	133	1	6.2103765729e-01
3	134	1	6.2151534705e-01
3	135	1	6.1827355394e-01
3	136	1	6.2004437758e-01
3	137	1	6.1994341847e-01
3	138	1	6.1950118444e-01
3	139	1	6.2106598311e-01
3	140	1	6.2024669319e-01
3	141	1	6.2206968906e-01
3	142	1	6.2104216405e-01
3	143	1	6.1743958831e-01
3	144	1	6.1856597359e-01
3	145	1	6.2029245496e-01
3	146	1	6.2387219944e-01
3	147	1	6.2034568826e-01
3	148	1	6.1790369705e-01
3	149	1	6.2196268124e-01
3	150	1	6.1848951572e-01
3	151	1	6.1957054800e-01
3	152	1	6.2024571283e-01
3	153	1	6.2087176962e-01
3	154	1	6.1988187706e-01
3	155	1	6.1916702897e-01
3	156	1	6.1980831481e-01
3	157	1	6.2023092012e-01
3	158	1	6.2125767355e-01
3	159	1	6.2032410415e-01
3	160	1	6.2106378844e-01
3	161	1	6.1994837044e-01
3	162	1	6.1964124401e-01
3	163	1	6.2140250191e-01
3	164	1	6.2295800922e-01
3	165	1	6.1820465459e-01
3	166	1	6.2053711228e-01
3	167	1	6.2182218992e-01
3	168	1	6.2038684522e-01
3	169	1	6.1962344407e-01
3	170	1	6.1898036786e-01
3	171	1	6.1931768868e-01
3	172	1	6.2020188160e-01
3	173	1	6.1985908918e-01
3	174	1	6.2154513955e-01
3	175	1	6.2310929785e-01
3	176	1	6.1893663092e-01
3	177	1	6.1973143823e-01
3	178	1	6.2147024977e-01
3	179	1	6.1940597400e-01
3	180	1	6.2037588464e-01
3	181	1	6.1971726838e-01
3	182	1	6.2172040184e-01
3	183	1	6.1732530058e-01
3	184	1	6.2279300147e-01
3	185	1	6.2153440291e-01
3	186	1	6.1798035268e-01
3	187	1	6.2328634852e-01
3	188	1	6.2270735042e-01
3	189	1	6.1887197021e-01
3	190	1	6.1980454883e-01
3	191	1	6.1918393426e-01
3	192	1	6.2079838813e-01
3	193	1	6.1855920505e-01
3	194	1	6.1875246939e-01
3	195	1	6.2615575598e-01
3	196	1	6.2240528820e-01
3	197	1	6.2200036714e-01
3	198	1	6.1734327895e-01
3	199	1	6.1748150202e-01
4	0	1	4.6495309929e-01
4	1	1	4.6715207518e-01
4	2	1	4.6353691709e-01
4	3	1	4.6764700866e-01
4	4	1	4.6588559574e-01
4	5	1	4.6755418954e-01
4	6	1	4.5807416484e-01
4	7	1	4.6344566433e-01
4	8	1	4.6477335231e-01
4	9	1	4.6596504355e-01
4	10	1	4.6227404799e-01
4	11	1	4.6485024506e-01
4	12	1	4.6614962767e-01
4	13	1	4.6682013626e-01
4	14	1	4.6525755060e-01
4	15	1	4.6315858347e-01
4	16	1	4.6313466415e-01
4	17	1	4.6517322352e-01
4	18	1	4.5937241296e-01
4	19	1	4.5993599629e-01
4	20	1	4.6589601673e-01
4	21	1	4.6545252413e-01
4	22	1	4.6216646604e-01
4	23	1	4.6285120894e-01
4	24	1	4.6281117955e-01
4	25	1	4.6750513090e-01
4	26	1	4.6329635862e-01
4	27	1	4.6379385143e-01
4	28	1	4.6046937866e-01
4	29	1	4.6332752684e-01
4	30	1	4.6680262823e-01
4	31	1	4.6554265666e-01
4	32	1	4.7185621944e-01
4	33	1	4.6265945486e-01
4	34	1	4.6383957401e-01
4	35	1	4.6668815317e-01
4	36	1	4.6731318636e-01
4	37	1	4.6661063875e-01
4	38	1	4.6908823987e-01
4	39	1	4.6953968745e-01
4	40	1	4.6088970151e-01
4	41	1	4.6311819313e-01
4	42	1	4.6465536429e-01
4	43	1	4.7060885572e-01
4	44	1	4.6474396780e-01
4	45	1	4.6756908107e-01
4	46	1	4.6725602798e-01
4	47	1	4.5577520038e-01
4	48	1	4.6525371733e-01
4	49	1	4.6473409159e-01
4	50	1	4.6268030542e-01
4	51	1	4.6198895109e-01
4	52	1	4.6347851225e-01
4	53	1	4.6561095888e-01
4	54	1	4.6460958643e-01
4	55	1	4.6648596763e-01
4	56	1	4.6858012819e-01
4	57	1	4.6560080324e-01
4	58	1	4.6658118089e-01
4	59	1	4.6400014803e-01
4	60	1	4.6405360026e-01
4	61	1	4.6748693880e-01
4	62	1	4.6511463639e-01
4	63	1	4.6602219405e-01
4	64	1	4.6441517745e-01
4	65	1	4.6738907394e-01
4	66	1	4.6551736863e-01
4	67	1	4.6181980016e-01
4	68	1	4.5932383998e-01
4	69	1	4.6685804191e-01
4	70	1	4.6243726172e-01
4	71	1	4.6941839375e-01
4	72	1	4.6395213784e-01
4	73	1	4.6346378371e-01
4	74	1	4.6728748769e-01
4	75	1	4.6444126240e-01
4	76	1	4.6469486710e-01
4	77	1	4.6765306366e-01
4	78	1	4.6359783151e-01
4	79	1	4.6505965101e-01
4	80	1	4.6768551052e-01
4	81	1	4.6583183651e-01
4	82	1	4.6235329547e-01
4	83	1	4.5926379359e-01
4	84	1	4.6405518311e-01
4	85	1	4.6102037869e-01
4	86	1	4.6691295227e-01
4	87	1	4.6472702124e-01
4	88	1	4.6171391238e-01
4	89	1	4.6432083116e-01
4	90	1	4.6687202941e-01
4	91	1	4.6354969954e-01
4	92	1	4.6139374478e-01
4	93	1	4.6277471408e-01
4	94	1	4.6989295280e-01
4	95	1	4.6654019284e-01
4	96	1	4.6694985947e-01
4	97	1	4.6352930158e-01
4	98	1	4.6392576295e-01
4	99	1	4.6259075028e-01
4	100	1	4.5734319305e-01
4	101	1	4.6529722878e-01
4	102	1	4.6408379527e-01
4	103	1	4.6669701337e-01
4	104	1	4.6641736180e-01
4	105	1	4.6512239400e-01
4	106	1	4.6204434762e-01
4	107	1	4.6335418451e-01
4	108	1	4.6665414983e-01
4	109	1	4.6262882054e-01
4	110	1	4.6520947936e-01
4	111	1	4.6459994101e-01
4	112	1	4.6849481628e-01
4	113	1	4.6193712289e-01
4	114	1	4.6252952833e-01
4	115	1	4.6302538914e-01
4	116	1	4.6479338891e-01
4	117	1	4.6278179230e-01
4	118	1	4.6682536560e-01
4	119	1	4.6225867284e-01
4	120	1	4.6235998170e-01
4	121	1	4.6088678515e-01
4	122	1	4.6117865656e-01
4	123	1	4.6570936092e-01
4	124	1	4.6901274616e-01
4	125	1	4.6827684056e-01
4	126	1	4.6016965449e-01
4	127	1	4.6351416104e-01
4	128	1	4.6341751114e-01
4	129	1	4.6629692001e-01
4	130	1	4.6379213412e-01
4	131	1	4.6624653942e-01
4	132	1	4.6252965828e-01
4	133	1	4.6535572078e-01
4	134	1	4.6634754675e-01
4	135	1	4.6216075153e-01
4	136	1	4.6327057992e-01
4	137	1	4.6406119184e-01
4	138	1	4.6398382390e-01
4	139	1	4.6594545696e-01
4	140	1	4.6396378150e-01
4	141	1	4.6622652190e-01
4	142	1	4.6595768623e-01
4	143	1	4.6146568568e-01
4	144	1	4.6198906717e-01
4	145	1	4.6467213498e-01
4	146	1	4.6833872861e-01
4	147	1	4.6489486980e-01
4	148	1	4.6136744334e-01
4	149	1	4.6715290320e-01
4	150	1	4.6111534370e-01
4	151	1	4.6379310515e-01
4	152	1	4.6446492956e-01
4	153	1	4.6600294753e-01
4	154	1	4.6394754593e-01
4	155	1	4.6337762300e-01
4	156	1	4.6413303905e-01
4	157	1	4.6576947898e-01
4	158	1	4.6621922262e-01
4	159	1	4.6488994854e-01
4	160	1	4.6524087963e-01
4	161	1	4.6371825623e-01
4	162	1	4.6419932104e-01
4	163	1	4.6646362321e-01
4	164	1	4.6871677593e-01
4	165	1	4.6251821311e-01
4	166	1	4.6480918138e-01
4	167	1	4.6680118863e-01
4	168	1	4.6480448984e-01
4	169	1	4.6420191388e-01
4	170	1	4.6279857953e-01
4	171	1	4.6406248240e-01
4	172	1	4.6491817608e-01
4	173	1	4.6512244064e-01
4	174	1	4.6660200238e-01
4	175	1	4.6873278412e-01
4	176	1	4.6353648917e-01
4	177	1	4.6482479206e-01
4	178	1	4.6599987929e-01
4	179	1	4.6254834748e-01
4	180	1	4.6401472568e-01
4	181	1	4.6329483323e-01
4	182	1	4.6666061628e-01
4	183	1	4.6139639534e-01
4	184	1	4.6795858562e-01
4	185	1	4.6560898987e-01
4	186	1	4.6135178983e-01
4	187	1	4.6922297227e-01
4	188	1	4.6744992329e-01
4	189	1	4.6384962621e-01
4	190	1	4.6392673464e-01
4	191	1	4.6372899727e-01
4	192	1	4.6450562979e-01
4	193	1	4.6180987798e-01
4	194	1	4.6224373349e-01
4	195	1	4.7296447518e-01
4	196	1	4.6699032570e-01
4	197	1	4.6666143390e-01
4	198	1	4.6113076774e-01
4	199	1	4.6036026580e-01
5	0	1	3.2672433042e-01
5	1	1	3.2867574281e-01
5	2	1	3.2393253084e-01
5	3	1	3.2865007850e-01
5	4	1	3.2732728364e-01
5	5	1	3.3005753189e-01
5	6	1	3.1772388262e-01
5	7	1	3.2502708800e-01
5	8	1	3.2533981419e-01
5	9	1	3.2847143931e-01
5	10	1	3.2258517482e-01
5	11	1	3.2619345936e-01
5	12	1	3.2779886129e-01
5	13	1	3.2819111292e-01
5	14	1	3.2633779246e-01
5	15	1	3.2320881681e-01
5	16	1	3.2477649605e-01
5	17	1	3.2632640184e-01
5	18	1	3.1909445926e-01
5	19	1	3.2076837960e-01
5	20	1	3.2791213005e-01
5	21	1	3.2669736098e-01
5	22	1	3.2338515056e-01
5	23	1	3.2383420476e-01
5	24	1	3.2381060832e-01
5	25	1	3.3014984041e-01
5	26	1	3.2485597961e-01
5	27	1	3.2411350955e-01
5	28	1	3.2087911164e-01
5	29	1	3.2352441768e-01
5	30	1	3.2770391784e-01
5	31	1	3.2630483809e-01
5	32	1	3.3390795738e-01
5	33	1	3.2340033200e-01
5	34	1	3.2393461322e-01
5	35	1	3.2759582986e-01
5	36	1	3.2859952739e-01
5	37	1	3.2826232295e-01
5	38	1	3.3116238129e-01
5	39	1	3.3222735933e-01
5	40	1	3.2152850426e-01
5	41	1	3.2263890597e-01
5	42	1	3.2551861817e-01
5	43	1	3.3254343762e-01
5	44	1	3.2579324895e-01
5	45	1	3.2839590230e-01
5	46	1	3.2820466725e-01
5	47	1	3.1442874606e-01
5	48	1	3.2708892089e-01
5	49	1	3.2599281698e-01
5	50	1	3.2357751210e-01
5	51	1	3.2303072395e-01
5	52	1	3.2527303179e-01
5	53	1	3.2751057776e-01
5	54	1	3.2490086550e-01
5	55	1	3.2712432923e-01
5	56	1	3.3091310555e-01
5	57	1	3.2727829686e-01
5	58	1	3.2820610555e-01
5	59	1	3.2470179284e-01
5	60	1	3.2440283711e-01
5	61	1	3.2784271907e-01
5	62	1	3.2665829470e-01
5	63	1	3.2742099915e-01
5	64	1	3.2531485724e-01
5	65	1	3.2813337283e-01
5	66	1	3.2761134591e-01
5	67	1	3.2241236239e-01
5	68	1	3.2039153022e-01
5	69	1	3.2775275989e-01
5	70	1	3.2365272238e-01
5	71	1	3.3155442645e-01
5	72	1	3.2427909767e-01
5	73	1	3.2415239960e-01
5	74	1	3.2902786724e-01
5	75	1	3.2612696133e-01
5	76	1	3.2592211448e-01
5	77	1	3.2899952545e-01
5	78	1	3.2472809213e-01
5	79	1	3.2614766152e-01
5	80	1	3.2912901531e-01
5	81	1	3.2713374849e-01
5	82	1	3.2292225906e-01
5	83	1	3.1934848308e-01
5	84	1	3.2530661328e-01
5	85	1	3.2123484286e-01
5	86	1	3.2950806252e-01
5	87	1	3.2549399774e-01
5	88	1	3.2194894094e-01
5	89	1	3.2539227396e-01
5	90	1	3.2732299703e-01
5	91	1	3.2438208902e-01
5	92	1	3.2354561498e-01
5	93	1	3.2238412415e-01
5	94	1	3.3125312427e-01
5	95	1	3.2726682244e-01
5	96	1	3.2794693804e-01
5	97	1	3.2477197634e-01
5	98	1	3.2545284829e-01
5	99	1	3.2374602863e-01
5	100	1	3.1676488919e-01
5	101	1	3.2613512762e-01
5	102	1	3.2551340115e-01
5	103	1	3.2852981138e-01
5	104	1	3.2741368157e-01
5	105	1	3.2650636823e-01
5	106	1	3.2340637944e-01
5	107	1	3.2469212972e-01
5	108	1	3.2834961554e-01
5	109	1	3.2318446736e-01
5	110	1	3.2688671018e-01
5	111	1	3.2659673355e-01
5	112	1	3.3008323610e-01
5	113	1	3.2229720710e-01
5	114	1	3.2341174634e-01
5	115	1	3.2397230760e-01
5	116	1	3.2656331844e-01
5	117	1	3.2377233060e-01
5	118	1	3.2929466283e-01
5	119	1	3.2427414362e-01
5	120	1	3.2257879334e-01
5	121	1	3.2073748927e-01
5	122	1	3.2173171015e-01
5	123	1	3.2760823403e-01
5	124	1	3.3068416380e-01
5	125	1	3.3075534587e-01
5	126	1	3.2128042344e-01
5	127	1	3.2464533940e-01
5	128	1	3.2506081292e-01
5	129	1	3.2767293203e-01
5	130	1	3.2455831632e-01
5	131	1	3.2770511473e-01
5	132	1	3.2367671442e-01
5	133	1	3.2668932306e-01
5	134	1	3.2752515766e-01
5	135	1	3.2329101918e-01
5	136	1	3.2350704171e-01
5	137	1	3.2486882225e-01
5	138	1	3.2503645777e-01
5	139	1	3.2729744922e-01
5	140	1	3.2449965789e-01
5	141	1	3.2735625535e-01
5	142	1	3.2792230805e-01
5	143	1	3.2266432698e-01
5	144	1	3.2241806625e-01
5	145	1	3.2569938376e-01
5	146	1	3.2914407355e-01
5	147	1	3.2638443162e-01
5	148	1	3.2222619296e-01
5	149	1	3.2891905636e-01
5	150	1	3.2111287010e-01
5	151	1	3.2478487964e-01
5	152	1	3.2571781477e-01
5	153	1	3.2772501229e-01
5	154	1	3.2471698251e-01
5	155	1	3.2486646642e-01
5	156	1	3.2521784663e-01
5	157	1	3.2808467351e-01
5	158	1	3.2776060543e-01
5	159	1	3.2598596618e-01
5	160	1	3.2614940181e-01
5	161	1	3.2480166198e-01
5	162	1	3.2564886510e-01
5	163	1	3.2767883915e-01
5	164	1	3.3145078769e-01
5	165	1	3.2437746342e-01
5	166	1	3.2611389089e-01
5	167	1	3.2814644984e-01
5	168	1	3.2573730425e-01
5	169	1	3.2576077308e-01
5	170	1	3.2352911293e-01
5	171	1	3.2581634081e-01
5	172	1	3.2655591677e-01
5	173	1	3.2699559075e-01
5	174	1	3.2816698524e-01
5	175	1	3.3074370806e-01
5	176	1	3.2501601867e-01
5	177	1	3.2709411172e-01
5	178	1	3.2746939762e-01
5	179	1	3.2275212292e-01
5	180	1	3.2387973566e-01
5	181	1	3.2394710527e-01
5	182	1	3.2830403271e-01
5	183	1	3.2279332303e-01
5	184	1	3.2916114451e-01
5	185	1	3.2649476679e-01
5	186	1	3.2186756760e-01
5	187	1	3.3144168868e-01
5	188	1	3.2840357508e-01
5	189	1	3.2621362039e-01
5	190	1	3.2506573694e-01
5	191	1	3.2558499675e-01
5	192	1	3.2458715645e-01
5	193	1	3.2198509743e-01
5	194	1	3.2255815904e-01
5	195	1	3.3558007211e-01
5	196	1	3.2863545212e-01
5	197	1	3.2753061869e-01
5	198	1	3.2251626285e-01
5	199	1	3.2061424118e-01
6	0	1	2.1192346205e-01
6	1	1	2.1378013323e-01
6	2	1	2.0760181814e-01
6	3	1	2.1225712572e-01
6	4	1	2.1169206949e-01
6	5	1	2.1539664524e-01
6	6	1	2.0197794352e-01
6	7	1	2.1006561203e-01
6	8	1	2.0930418425e-01
6	9	1	2.1438070746e-01
6	10	1	2.0647563012e-01
6	11	1	2.1094180135e-01
6	12	1	2.1265311542e-01
6	13	1	2.1250113805e-01
6	14	1	2.1076938757e-01
6	15	1	2.0685818999e-01
6	16	1	2.0986249192e-01
6	17	1	2.1052575020e-01
6	18	1	2.0303441365e-01
6	19	1	2.0560230917e-01
6	20	1	2.1333151358e-01
6	21	1	2.1166825194e-01
6	22	1	2.0829423648e-01
6	23	1	2.0879450924e-01
6	24	1	2.0821478933e-01
6	25	1	2.1565549507e-01
6	26	1	2.1004693587e-01
6	27	1	2.0768198215e-01
6	28	1	2.0517801528e-01
6	29	1	2.0735913960e-01
6	30	1	2.1159537201e-01
6	31	1	2.1004904137e-01
6	32	1	2.1841125153e-01
6	33	1	2.0773475647e-01
6	34	1	2.0744318703e-01
6	35	1	2.1175320537e-01
6	36	1	2.1293153849e-01
6	37	1	2.1280055476e-01
6	38	1	2.1585611536e-01
6	39	1	2.1774063133e-01
6	40	1	2.0640397896e-01
6	41	1	2.0585547870e-01
6	42	1	2.0966920346e-01
6	43	1	2.1743307757e-01
6	44	1	2.1018480211e-01
6	45	1	2.1203306838e-01
6	46	1	2.1212337279e-01
6	47	1	1.9832020906e-01
6	48	1	2.1234828866e-01
6	49	1	2.1049041932e-01
6	50	1	2.0821605663e-01
6	51	1	2.0798622522e-01
6	52	1	2.1080437353e-01
6	53	1	2.1341242647e-01
6	54	1	2.0861757285e-01
6	55	1	2.1115695928e-01
6	56	1	2.1620808701e-01
6	57	1	2.1227742420e-01
6	58	1	2.1293632207e-01
6	59	1	2.0867232959e-01
6	60	1	2.0847770972e-01
6	61	1	2.1066816536e-01
6	62	1	2.1132696991e-01
6	63	1	2.1218437437e-01
6	64	1	2.0946441813e-01
6	65	1	2.1174889101e-01
6	66	1	2.1309076413e-01
6	67	1	2.0670578589e-01
6	68	1	2.0590880934e-01
6	69	1	2.1151132741e-01
6	70	1	2.0828909699e-01
6	71	1	2.1620247805e-01
6	72	1	2.0789864886e-01
6	73	1	2.0815046287e-01
6	74	1	2.1398206826e-01
6	75	1	2.1124626558e-01
6	76	1	2.1002040611e-01
6	77	1	2.1334000965e-01
6	78	1	2.0950706727e-01
6	79	1	2.1032634332e-01
6	80	1	2.1333635415e-01
6	81	1	2.1157919019e-01
6	82	1	2.0742699921e-01
6	83	1	2.0355744048e-01
6	84	1	2.1019897219e-01
6	85	1	2.0526523656e-01
6	86	1	2.1501442479e-01
6	87	1	2.0977062518e-01
6	88	1	2.0600618263e-01
6	89	1	2.0952056867e-01
6	90	1	2.1087363586e-01
6	91	1	2.0927688546e-01
6	92	1	2.0993020053e-01
6	93	1	2.0574669921e-01
6	94	1	2.1543276267e-01
6	95	1	2.1107443598e-01
6	96	1	2.1189800003e-01
6	97	1	2.0939623011e-01
6	98	1	2.1055869972e-01
6	99	1	2.0853274560e-01
6	100	1	2.0061838242e-01
6	101	1	2.1039819648e-01
6	102	1	2.1063164159e-01
6	103	1	2.1365635421e-01
6	104	1	2.1183613730e-01
6	105	1	2.1127269694e-01
6	106	1	2.0845847438e-01
6	107	1	2.0927057470e-01
6	108	1	2.1359789510e-01
6	109	1	2.0745002067e-01
6	110	1	2.1176100265e-01
6	111	1	2.1203066356e-01
6	112	1	2.1430085896e-01
6	113	1	2.0645271305e-01
6	114	1	2.0808249984e-01
6	115	1	2.0873875944e-01
6	116	1	2.1186404553e-01
6	117	1	2.0837320440e-01
6	118	1	2.1509624364e-01
6	119	1	2.1050495197e-01
6	120	1	2.0728714581e-01
6	121	1	2.0411190370e-01
6	122	1	2.0643217757e-01
6	123	1	2.1291362741e-01
6	124	1	2.1519104091e-01
6	125	1	2.1603533719e-01
6	126	1	2.0630772479e-01
6	127	1	2.0926420486e-01
6	128	1	2.1023976668e-01
6	129	1	2.1244180406e-01
6	130	1	2.0870611299e-01
6	131	1	2.1237571581e-01
6	132	1	2.0834306179e-01
6	133	1	2.1177078804e-01
6	134	1	2.1179917763e-01
6	135	1	2.0839298120e-01
6	136	1	2.0781228074e-01
6	137	1	2.0943218778e-01
6	138	1	2.0950314841e-01
6	139	1	2.1169764551e-01
6	140	1	2.0852632245e-01
6	141	1	2.1237201209e-01
6	142	1	2.1345359542e-01
6	143	1	2.0759880455e-01
6	144	1	2.0673772814e-01
6	145	1	2.1030054827e-01
6	146	1	2.1302592702e-01
6	147	1	2.1114220593e-01
6	148	1	2.0723073544e-01
6	149	1	2.1384653957e-01
6	150	1	2.0561793087e-01
6	151	1	2.0939281346e-01
6	152	1	2.1046796584e-01
6	153	1	2.1270346540e-01
6	154	1	2.0894467412e-01
6	155	1	2.1020682427e-01
6	156	1	2.0948189231e-01
6	157	1	2.1348840290e-01
6	158	1	2.1259848644e-01
6	159	1	2.1046511370e-01
6	160	1	2.1067610739e-01
6	161	1	2.0972329125e-01
6	162	1	2.1065533713e-01
6	163	1	2.1147278934e-01
6	164	1	2.1729150419e-01
6	165	1	2.0997354930e-01
6	166	1	2.1079800959e-01
6	167	1	2.1225856418e-01
6	168	1	2.0987046686e-01
6	169	1	2.1104348081e-01
6	170	1	2.0797118485e-01
6	171	1	2.1086128136e-01
6	172	1	2.1146485580e-01
6	173	1	2.1203105305e-01
6	174	1	2.1287131198e-01
6	175	1	2.1544329081e-01
6	176	1	2.0995336541e-01
6	177	1	2.1290336782e-01
6	178	1	2.1250304918e-01
6	179	1	2.0710793673e-01
6	180	1	2.0702399311e-01
6	181	1	2.0825395240e-01
6	182	1	2.1303996473e-01
6	183	1	2.0785216004e-01
6	184	1	2.1303937201e-01
6	185	1	2.1099759371e-01
6	186	1	2.0627253385e-01
6	187	1	2.1637872418e-01
6	188	1	2.1256722459e-01
6	189	1	2.1239157278e-01
6	190	1	2.0984510948e-01
6	191	1	2.1113308633e-01
6	192	1	2.0806022078e-01
6	193	1	2.0568144639e-01
6	194	1	2.0655262724e-01
6	195	1	2.2031180773e-01
6	196	1	2.1392832247e-01
6	197	1	2.1120388188e-01
6	198	1	2.0781040148e-01
6	199	1	2.0511001172e-01
7	0	1	1.2224635637e-01
7	1	1	1.2435464723e-01
7	2	1	1.1668357038e-01
7	3	1	1.2070861965e-01
7	4	1	1.2090895227e-01
7	5	1	1.2528272343e-01
7	6	1	1.1268237938e-01
7	7	1	1.2038030246e-01
7	8	1	1.1833157253e-01
7	9	1	1.2507847889e-01
7	10	1	1.1576655508e-01
7	11	1	1.2061914929e-01
7	12	1	1.2269372842e-01
7	13	1	1.2185097642e-01
7	14	1	1.2025829259e-01
7	15	1	1.1626983834e-01
7	16	1	1.2018821069e-01
7	17	1	1.1964784529e-01
7	18	1	1.1317176469e-01
7	19	1	1.1605559910e-01
7	20	1	1.2330463391e-01
7	21	1	1.2148867080e-01
7	22	1	1.1856537309e-01
7	23	1	1.1889425861e-01
7	24	1	1.1802040785e-01
7	25	1	1.2576675918e-01
7	26	1	1.2053553325e-01
7	27	1	1.1691458391e-01
7	28	1	1.1512550809e-01
7	29	1	1.1700510619e-01
7	30	1	1.2072412907e-01
7	31	1	1.1902545525e-01
7	32	1	1.2744719952e-01
7	33	1	1.1764651049e-01
7	34	1	1.1666789132e-01
7	35	1	1.2125439796e-01
7	36	1	1.2232637356e-01
7	37	1	1.2228330989e-01
7	38	1	1.2503128638e-01
7	39	1	1.2768921502e-01
7	40	1	1.1696927116e-01
7	41	1	1.1495311209e-01
7	42	1	1.1913847972e-01
7	43	1	1.2719852027e-01
7	44	1	1.1987920727e-01
7	45	1	1.2097429893e-01
7	46	1	1.2104698496e-01
7	47	1	1.0906181885e-01
7	48	1	1.2271451645e-01
7	49	1	1.1997635881e-01
7	50	1	1.1837360836e-01
7	51	1	1.1837417003e-01
7	52	1	1.2144505527e-01
7	53	1	1.2473613836e-01
7	54	1	1.1816369023e-01
7	55	1	1.2064410529e-01
7	56	1	1.2599718472e-01
7	57	1	1.2253075086e-01
7	58	1	1.2276388582e-01
7	59	1	1.1775088475e-01
7	60	1	1.1787341445e-01
7	61	1	1.1854500569e-01
7	62	1	1.2109407948e-01
7	63	1	1.2192681841e-01
7	64	1	1.1853963509e-01
7	65	1	1.2027754826e-01
7	66	1	1.2366141695e-01
7	67	1	1.1642972764e-01
7	68	1	1.1735780436e-01
7	69	1	1.2025144668e-01
7	70	1	1.1839983168e-01
7	71	1	1.2528925607e-01
7	72	1	1.1683529130e-01
7	73	1	1.1751951239e-01
7	74	1	1.2430148678e-01
7	75	1	1.2152523803e-01
7	76	1	1.1869063008e-01
7	77	1	1.2267424524e-01
7	78	1	1.1952868388e-01
7	79	1	1.1938164665e-01
7	80	1	1.2262179462e-01
7	81	1	1.2099381325e-01
7	82	1	1.1791441030e-01
7	83	1	1.1390804182e-01
7	84	1	1.2022391944e-01
7	85	1	1.1508984655e-01
7	86	1	1.2524085077e-01
7	87	1	1.1947947922e-01
7	88	1	1.1553282261e-01
7	89	1	1.1876359532e-01
7	90	1	1.1967172418e-01
7	91	1	1.1991775260e-01
7	92	1	1.2155507124e-01
7	93	1	1.1494676177e-01
7	94	1	1.2455906882e-01
7	95	1	1.1985930469e-01
7	96	1	1.2072237837e-01
7	97	1	1.1913301443e-01
7	98	1	1.2082193852e-01
7	99	1	1.1841490167e-01
7	100	1	1.1122053206e-01
7	101	1	1.2015618767e-01
7	102	1	1.2073350246e-01
7	103	1	1.2385165282e-01
7	104	1	1.2118753982e-01
7	105	1	1.2106334251e-01
7	106	1	1.1872248334e-01
7	107	1	1.1881417133e-01
7	108	1	1.2383408770e-01
7	109	1	1.1727732736e-01
7	110	1	1.2111547071e-01
7	111	1	1.2255122152e-01
7	112	1	1.2317008607e-01
7	113	1	1.1606570593e-01
7	114	1	1.1859304467e-01
7	115	1	1.1926365272e-01
7	116	1	1.2229542920e-01
7	117	1	1.1844807757e-01
7	118	1	1.2564037391e-01
7	119	1	1.2232695620e-01
7	120	1	1.1766989593e-01
7	121	1	1.1318528473e-01
7	122	1	1.1696589866e-01
7	123	1	1.2273242085e-01
7	124	1	1.2456768782e-01
7	125	1	1.2572387465e-01
7	126	1	1.1677144419e-01
7	127	1	1.1943149242e-01
7	128	1	1.2055111568e-01
7	129	1	1.2141061445e-01
7	130	1	1.1787837327e-01
7	131	1	1.2188481465e-01
7	132	1	1.1846212822e-01
7	133	1	1.2233222673e-01
7	134	1	1.2110872486e-01
7	135	1	1.1899117816e-01
7	136	1	1.1814212891e-01
7	137	1	1.1984878487e-01
7	138	1	1.1938853585e-01
7	139	1	1.2110268198e-01
7	140	1	1.1791250187e-01
7	141	1	1.2300389677e-01
7	142	1	1.2420029196e-01
7	143	1	1.1768907437e-01
7	144	1	1.1690174036e-01
7	145	1	1.2053291938e-01
7	146	1	1.2210119236e-01
7	147	1	1.2078340825e-01
7	148	1	1.1808073633e-01
7	149	1	1.2369179155e-01
7	150	1	1.1647775860e-01
7	151	1	1.1958027880e-01
7	152	1	1.2026212420e-01
7	153	1	1.2269801577e-01
7	154	1	1.1851947196e-01
7	155	1	1.2105556157e-01
7	156	1	1.1884753081e-01
7	157	1	1.2349777785e-01
7	158	1	1.2251283908e-01
7	159	1	1.2046431391e-01
7	160	1	1.2024490465e-01
7	161	1	1.1983012013e-01
7	162	1	1.2109424020e-01
7	163	1	1.1977559919e-01
7	164	1	1.2766156633e-01
7	165	1	1.2051706384e-01
7	166	1	1.2007855645e-01
7	167	1	1.2132956890e-01
7	168	1	1.1903778764e-01
7	169	1	1.2171331307e-01
7	170	1	1.1788351444e-01
7	171	1	1.2068431692e-01
7	172	1	1.2119277183e-01
7	173	1	1.2191838113e-01
7	174	1	1.2233260861e-01
7	175	1	1.2472297406e-01
7	176	1	1.2009980387e-01
7	177	1	1.2383449739e-01
7	178	1	1.2257794911e-01
7	179	1	1.1716691943e-01
7	180	1	1.1576132178e-01
7	181	1	1.1772955347e-01
7	182	1	1.2252696059e-01
7	183	1	1.1838257727e-01
7	184	1	1.2177115041e-01
7	185	1	1.2078285556e-01
7	186	1	1.1612035263e-01
7	187	1	1.2584975172e-01
7	188	1	1.2200231395e-01
7	189	1	1.2378923361e-01
7	190	1	1.1991508234e-01
7	191	1	1.2177686890e-01
7	192	1	1.1713855873e-01
7	193	1	1.1498553767e-01
7	194	1	1.1623701359e-01
7	195	1	1.2929315116e-01
7	196	1	1.2432968323e-01
7	197	1	1.1955580100e-01
7	198	1	1.1830309665e-01
7	199	1	1.1551998990e-01
8	0	1	5.6664901034e-02
8	1	1	5.9055610250e-02
8	2	1	5.0571186689e-02
8	3	1	5.3648388131e-02
8	4	1	5.4541201494e-02
8	5	1	5.8837152330e-02
8	6	1	4.8800018093e-02
8	7	1	5.4872171703e-02
8	8	1	5.1771667258e-02
8	9	1	5.9378628574e-02
8	10	1	4.9835597654e-02
8	11	1	5.4006417360e-02
8	12	1	5.7230124513e-02
8	13	1	5.5733827456e-02
8	14	1	5.3912245985e-02
8	15	1	5.0720362425e-02
8	16	1	5.4913330847e-02
8	17	1	5.3019541015e-02
8	18	1	4.8420848865e-02
8	19	1	5.1081518304e-02
8	20	1	5.6811994526e-02
8	21	1	5.4911186708e-02
8	22	1	5.3174620758e-02
8	23	1	5.2894444436e-02
8	24	1	5.2814914170e-02
8	25	1	5.9616923234e-02
8	26	1	5.5348995850e-02
8	27	1	5.1157353829e-02
8	28	1	4.9675048132e-02
8	29	1	5.1737922174e-02
8	30	1	5.4484726355e-02
8	31	1	5.2617542361e-02
8	32	1	6.0509913877e-02
8	33	1	5.2246711764e-02
8	34	1	5.1039971770e-02
8	35	1	5.5040274859e-02
8	36	1	5.5880738327e-02
8	37	1	5.5961037782e-02
8	38	1	5.8024450414e-02
8	39	1	6.0994397796e-02
8	40	1	5.2004829402e-02
8	41	1	4.9322937997e-02
8	42	1	5.3157989094e-02
8	43	1	6.1045543668e-02
8	44	1	5.4075814860e-02
8	45	1	5.4852908973e-02
8	46	1	5.4172279272e-02
8	47	1	4.5173567983e-02
8	48	1	5.7126050191e-02
8	49	1	5.3605563280e-02
8	50	1	5.2968744288e-02
8	51	1	5.3195229982e-02
8	52	1	5.5963541178e-02
8	53	1	6.0007626286e-02
8	54	1	5.2975198946e-02
8	55	1	5.5133998191e-02
8	56	1	5.9410002514e-02
8	57	1	5.6953904663e-02
8	58	1	5.6726007295e-02
8	59	1	5.1274511892e-02
8	60	1	5.1932670942e-02
8	61	1	5.1483053761e-02
8	62	1	5.5359184130e-02
8	63	1	5.5713354043e-02
8	64	1	5.1580296876e-02
8	65	1	5.3062267458e-02
8	66	1	5.8387731600e-02
8	67	1	5.0508047692e-02
8	68	1	5.3360438334e-02
8	69	1	5.3402369074e-02
8	70	1	5.3036401309e-02
8	71	1	5.8206242158e-02
8	72	1	5.0404322791e-02
8	73	1	5.1455366531e-02
8	74	1	5.9093999503e-02
8	75	1	5.6058659852e-02
8	76	1	5.1212752132e-02
8	77	1	5.6087309265e-02
8	78	1	5.3791363887e-02
8	79	1	5.2682349309e-02
8	80	1	5.6348678901e-02
8	81	1	5.4523491888e-02
8	82	1	5.3339198683e-02
8	83	1	4.9461072291e-02
8	84	1	5.4407723199e-02
8	85	1	4.9923884660e-02
8	86	1	5.9578739655e-02
8	87	1	5.3652741141e-02
8	88	1	4.9768303126e-02
8	89	1	5.2487649344e-02
8	90	1	5.3057542521e-02
8	91	1	5.4865468057e-02
8	92	1	5.6725409125e-02
8	93	1	4.9345092606e-02
8	94	1	5.8418929548e-02
8	95	1	5.3064231818e-02
8	96	1	5.3717221692e-02
8	97	1	5.3145162513e-02
8	98	1	5.5322874119e-02
8	99	1	5.2458608987e-02
8	100	1	4.7533438111e-02
8	101	1	5.4447956055e-02
8	102	1	5.4360935970e-02
8	103	1	5.8069849349e-02
8	104	1	5.4539734981e-02
8	105	1	5.5057824515e-02
8	106	1	5.3123429797e-02
8	107	1	5.2486209948e-02
8	108	1	5.7904454963e-02
8	109	1	5.2187664101e-02
8	110	1	5.3933859459e-02
8	111	1	5.7464185651e-02
8	112	1	5.6022996348e-02
8	113	1	5.0140817860e-02
8	114	1	5.3946171466e-02
8	115	1	5.4747009321e-02
8	116	1	5.6775609455e-02
8	117	1	5.3324654832e-02
8	118	1	5.9694385014e-02
8	119	1	5.8096084425e-02
8	120	1	5.2172885111e-02
8	121	1	4.7746553907e-02
8	122	1	5.1891957539e-02
8	123	1	5.6200249742e-02
8	124	1	5.8113165837e-02
8	125	1	5.9179532599e-02
8	126	1	5.1774269036e-02
8	127	1	5.4346629015e-02
8	128	1	5.5117306000e-02
8	129	1	5.3635350720e-02
8	130	1	5.1132203018e-02
8	131	1	5.5348688172e-02
8	132	1	5.3181559667e-02
8	133	1	5.7287386756e-02
8	134	1	5.4780179475e-02
8	135	1	5.3975957873e-02
8	136	1	5.3467175443e-02
8	137	1	5.5044588930e-02
8	138	1	5.3636858746e-02
8	139	1	5.4828243239e-02
8	140	1	5.2133391777e-02
8	141	1	5.8089270960e-02
8	142	1	5.8942666000e-02
8	143	1	5.2088865271e-02
8	144	1	5.1904824676e-02
8	145	1	5.5340849812e-02
8	146	1	5.5412817146e-02
8	147	1	5.4305634591e-02
8	148	1	5.3483899865e-02
8	149	1	5.7573100405e-02
8	150	1	5.2244551371e-02
8	151	1	5.4397105248e-02
8	152	1	5.4175308105e-02
8	153	1	5.6720757162e-02
8	154	1	5.2734183400e-02
8	155	1	5.6547033586e-02
8	156	1	5.2831917765e-02
8	157	1	5.7047360816e-02
8	158	1	5.6407745008e-02
8	159	1	5.5381364769e-02
8	160	1	5.3825076073e-02
8	161	1	5.4136992432e-02
8	162	1	5.6152262532e-02
8	163	1	5.2370628597e-02
8	164	1	6.1740983832e-02
8	165	1	5.5159970619e-02
8	166	1	5.2776862882e-02
8	167	1	5.5157780075e-02
8	168	1	5.2715042919e-02
8	169	1	5.6609440105e-02
8	170	1	5.2582237950e-02
8	171	1	5.4223453460e-02
8	172	1	5.4703925437e-02
8	173	1	5.5681665707e-02
8	174	1	5.6025999323e-02
8	175	1	5.7742347719e-02
8	176	1	5.4452153467e-02
8	177	1	5.8762201273e-02
8	178	1	5.6655639293e-02
8	179	1	5.1837935740e-02
8	180	1	4.9468514076e-02
8	181	1	5.1407853920e-02
8	182	1	5.5986263141e-02
8	183	1	5.3185658717e-02
8	184	1	5.5141118212e-02
8	185	1	5.4802766113e-02
8	186	1	5.0330423971e-02
8	187	1	5.9403865058e-02
8	188	1	5.5818793979e-02
8	189	1	5.9104202294e-02
8	190	1	5.4128242568e-02
8	191	1	5.6378335284e-02
8	192	1	5.1336468969e-02
8	193	1	4.9604923667e-02
8	194	1	5.0822012061e-02
8	195	1	6.1985477605e-02
8	196	1	5.8477791412e-02
8	197	1	5.1875512762e-02
8	198	1	5.2948499683e-02
8	199	1	5.0836832619e-02
9	0	1	1.2774925042e-02
9	1	1	1.5446047599e-02
9	2	1	6.9038093919e-03
9	3	1	9.0304163616e-03
9	4	1	1.0419612450e-02
9	5	1	1.4029347888e-02
9	6	1	7.2847916423e-03
9	7	1	1.0895220638e-02
9	8	1	7.6765353629e-03
9	9	1	1.5095156802e-02
9	10	1	6.7762315600e-03
9	11	1	9.2047553796e-03
9	12	1	1.3798735947e-02
9	13	1	1.1697586423e-02
9	14	1	9.6702092379e-03
9	15	1	7.9697472954e-03
9	16	1	1.1420732064e-02
9	17	1	8.2998714495e-03
9	18	1	6.0910174490e-03
9	19	1	8.0318282778e-03
9	20	1	1.2100975648e-02
9	21	1	1.0106719266e-02
9	22	1	9.6318985927e-03
9	23	1	8.6879506403e-03
9	24	1	1.0250471180e-02
9	25	1	1.5117038618e-02
9	26	1	1.2261791992e-02
9	27	1	8.0000606942e-03
9	28	1	6.5450266173e-03
9	29	1	8.8813496087e-03
9	30	1	1.0562483020e-02
9	31	1	8.6402854102e-03
9	32	1	1.5099216290e-02
9	33	1	9.0365905307e-03
9	34	1	7.9863588338e-03
9	35	1	1.0838654417e-02
9	36	1	1.1185221126e-02
9	37	1	1.1408893149e-02
9	38	1	1.2571706259e-02
9	39	1	1.5219092482e-02
9	40	1	9.1659759664e-03
9	41	1	6.4693487311e-03
9	42	1	9.2380939013e-03
9	43	1	1.6751322740e-02
9	44	1	1.0342802721e-02
9	45	1	1.1294530002e-02
9	46	1	9.2893052181e-03
9	47	1	3.4358351927e-03
9	48	1	1.3533866614e-02
9	49	1	9.2056803168e-03
9	50	1	9.5961540321e-03
9	51	1	1.0093505580e-02
9	52	1	1.2424545677e-02
9	53	1	1.6337144675e-02
9	54	1	1.0265221206e-02
9	55	1	1.2091316898e-02
9	56	1	1.4344797273e-02
9	57	1	1.2853377802e-02
9	58	1	1.2067042811e-02
9	59	1	7.1322794682e-03
9	60	1	8.7657163170e-03
9	61	1	7.6128384481e-03
9	62	1	1.1709736606e-02
9	63	1	1.1142725237e-02
9	64	1	6.8668778009e-03
9	65	1	8.2954905892e-03
9	66	1	1.4814138425e-02
9	67	1	6.6836538930e-03
9	68	1	1.1047023761e-02
9	69	1	8.7427772283e-03
9	70	1	9.5164520296e-03
9	71	1	1.2832891041e-02
9	72	1	6.7570194068e-03
9	73	1	7.5206002363e-03
9	74	1	1.5268532023e-02
9	75	1	1.2522190806e-02
9	76	1	5.8373415097e-03
9	77	1	1.1392871119e-02
9	78	1	9.9878469069e-03
9	79	1	8.0108683118e-03
9	80	1	1.2287872560e-02
9	81	1	1.0054673646e-02
9	82	1	1.0724240373e-02
9	83	1	7.5590264422e-03
9	84	1	1.0842908289e-02
9	85	1	7.3161790810e-03
9	86	1	1.5751397010e-02
9	87	1	9.8030671165e-03
9	88	1	6.4609376936e-03
9	89	1	8.4568858125e-03
9	90	1	8.6368813194e-03
9	91	1	1.1453433485e-02
9	92	1	1.2951456331e-02
9	93	1	6.6044925837e-03
9	94	1	1.4915339649e-02
9	95	1	8.7240969937e-03
9	96	1	8.8049434259e-03
9	97	1	9.3294288580e-03
9	98	1	1.1699198549e-02
9	99	1	8.1244851494e-03
9	100	1	6.4382977637e-03
9	101	1	1.0877904780e-02
9	102	1	9.6268435000e-03
9	103	1	1.3863728392e-02
9	104	1	1.0083395431e-02
9	105	1	1.0920373407e-02
9	106	1	9.5131886289e-03
9	107	1	8.1167593773e-03
9	108	1	1.3337271707e-02
9	109	1	9.8297391858e-03
9	110	1	8.6525856995e-03
9	111	1	1.4451460043e-02
9	112	1	1.0485771720e-02
9	113	1	6.5471325622e-03
9	114	1	1.1324357193e-02
9	115	1	1.2440353455e-02
9	116	1	1.2736693836e-02
9	117	1	1.0785397056e-02
9	118	1	1.5087502719e-02
9	119	1	1.4935272066e-02
9	120	1	8.3319196700e-03
9	121	1	5.1398930599e-03
9	122	1	8.6551608012e-03
9	123	1	1.1348898435e-02
9	124	1	1.3679974270e-02
9	125	1	1.4319397978e-02
9	126	1	9.0260643347e-03
9	127	1	1.1131659391e-02
9	128	1	1.1394833858e-02
9	129	1	8.1964134969e-03
9	130	1	6.5893947914e-03
9	131	1	1.0711762435e-02
9	132	1	1.0196951969e-02
9	133	1	1.3985974220e-02
9	134	1	1.0495073938e-02
9	135	1	1.1136453136e-02
9	136	1	1.1260532841e-02
9	137	1	1.2159951025e-02
9	138	1	9.6417660223e-03
9	139	1	1.0846528505e-02
9	140	1	9.1674588161e-03
9	141	1	1.5158063682e-02
9	142	1	1.5160944847e-02
9	143	1	8.3941165408e-03
9	144	1	9.2999532290e-03
9	145	1	1.2095398902e-02
9	146	1	1.0849626324e-02
9	147	1	9.4256968480e-03
9	148	1	1.0922991140e-02
9	149	1	1.3527888300e-02
9	150	1	1.0170755328e-02
9	151	1	1.1348117517e-02
9	152	1	9.9070107169e-03
9	153	1	1.2457202748e-02
9	154	1	9.4201747961e-03
9	155	1	1.3687977783e-02
9	156	1	9.2202456746e-03
9	157	1	1.2158891763e-02
9	158	1	1.2128151092e-02
9	159	1	1.2472457170e-02
9	160	1	9.5445454144e-03
9	161	1	1.0442259242e-02
9	162	1	1.3332354055e-02
9	163	1	7.6288796252e-03
9	164	1	1.7365168468e-02
9	165	1	1.1538852274e-02
9	166	1	7.1513346534e-03
9	167	1	1.1573999903e-02
9	168	1	8.8193169783e-03
9	169	1	1.3426008680e-02
9	170	1	9.6776064882e-03
9	171	1	9.5254601324e-03
9	172	1	9.9989437628e-03
9	173	1	1.1180743741e-02
9	174	1	1.2248367409e-02
9	175	1	1.2409631760e-02
9	176	1	1.0720836570e-02
9	177	1	1.4726342237e-02
9	178	1	1.2605790507e-02
9	179	1	8.7973950690e-03
9	180	1	5.7323811920e-03
9	181	1	7.5091247612e-03
9	182	1	1.1424728129e-02
9	183	1	9.6990956974e-03
9	184	1	1.0907857331e-02
9	185	1	1.0996409554e-02
9	186	1	6.6613865385e-03
9	187	1	1.5186944895e-02
9	188	1	1.1440286904e-02
9	189	1	1.5645366948e-02
9	190	1	1.0101566268e-02
9	191	1	1.2673937551e-02
9	192	1	8.7012602939e-03
9	193	1	6.9793625029e-03
9	194	1	7.9543076076e-03
9	195	1	1.6244470148e-02
9	196	1	1.3888918171e-02
9	197	1	6.7668189579e-03
9	198	1	9.5981274355e-03
9	199	1	8.3205618962e-03
10	0	1	-1.2577107786e-02
10	1	1	-9.8465050805e-03
10	2	1	-1.8303111479e-02
10	3	1	-1.6633872949e-02
10	4	1	-1.5122770834e-02
10	5	1	-1.2593433890e-02
10	6	1	-1.6448608433e-02
10	7	1	-1.5024681141e-02
10	8	1	-1.7773925698e-02
10	9	1	-1.0871386910e-02
10	10	1	-1.7245507434e-02
10	11	1	-1.6618869883e-02
10	12	1	-1.1648525296e-02
10	13	1	-1.3991683048e-02
10	14	1	-1.5964314152e-02
10	15	1	-1.6029259324e-02
10	16	1	-1.3932048282e-02
10	17	1	-1.7974409946e-02
10	18	1	-1.7782179864e-02
10	19	1	-1.6964928187e-02
10	20	1	-1.3955668868e-02
10	21	1	-1.6134842222e-02
10	22	1	-1.5596888500e-02
10	23	1	-1.7128676583e-02
10	24	1	-1.3805951717e-02
10	25	1	-1.0934248343e-02
10	26	1	-1.2555099499e-02
10	27	1	-1.6381077295e-02
10	28	1	-1.8004998511e-02
10	29	1	-1.5642392702e-02
10	30	1	-1.4686478713e-02
10	31	1	-1.6684600813e-02
10	32	1	-1.2557811916e-02
10	33	1	-1.5645343270e-02
10	34	1	-1.6438466570e-02
10	35	1	-1.4730373403e-02
10	36	1	-1.5265669390e-02
10	37	1	-1.4944401774e-02
10	38	1	-1.4687154822e-02
10	39	1	-1.2301680490e-02
10	40	1	-1.5099381360e-02
10	41	1	-1.7646943148e-02
10	42	1	-1.6305629426e-02
10	43	1	-9.2869625501e-03
10	44	1	-1.5050284637e-02
10	45	1	-1.3763867188e-02
10	46	1	-1.7104964584e-02
10	47	1	-2.0004319338e-02
10	48	1	-1.1509674011e-02
10	49	1	-1.6977338329e-02
10	50	1	-1.5438191037e-02
10	51	1	-1.4549327352e-02
10	52	1	-1.2850894429e-02
10	53	1	-1.0026025680e-02
10	54	1	-1.4240130254e-02
10	55	1	-1.2570884507e-02
10	56	1	-1.2037726323e-02
10	57	1	-1.3400318033e-02
10	58	1	-1.4625598583e-02
10	59	1	-1.8375352464e-02
10	60	1	-1.5530212639e-02
10	61	1	-1.6906433192e-02
10	62	1	-1.3692417102e-02
10	63	1	-1.5365464549e-02
10	64	1	-1.8649124281e-02
10	65	1	-1.7156155651e-02
10	66	1	-1.0446398608e-02
10	67	1	-1.8557030391e-02
10	68	1	-1.3425763593e-02
10	69	1	-1.7207376670e-02
10	70	1	-1.5853690455e-02
10	71	1	-1.4067312757e-02
10	72	1	-1.7539874113e-02
10	73	1	-1.7860336227e-02
10	74	1	-1.1170365945e-02
10	75	1	-1.2457879223e-02
10	76	1	-2.0407736028e-02
10	77	1	-1.4485557414e-02
10	78	1	-1.5449618500e-02
10	79	1	-1.7891116543e-02
10	80	1	-1.3401044266e-02
10	81	1	-1.5950404621e-02
10	82	1	-1.3714176019e-02
10	83	1	-1.5573590909e-02
10	84	1	-1.4114806856e-02
10	85	1	-1.6629085346e-02
10	86	1	-9.8263344764e-03
10	87	1	-1.5774444199e-02
10	88	1	-1.8023000798e-02
10	89	1	-1.6950030367e-02
10	90	1	-1.6835439264e-02
10	91	1	-1.3796834689e-02
10	92	1	-1.3175144354e-02
10	93	1	-1.7365885784e-02
10	94	1	-1.0033892454e-02
10	95	1	-1.6923682397e-02
10	96	1	-1.7536148431e-02
10	97	1	-1.5996315479e-02
10	98	1	-1.3768348894e-02
10	99	1	-1.8248976629e-02
10	100	1	-1.6655866703e-02
10	101	1	-1.3872182071e-02
10	102	1	-1.6429490267e-02
10	103	1	-1.2072486221e-02
10	104	1	-1.5284136387e-02
10	105	1	-1.4990931435e-02
10	106	1	-1.5667377152e-02
10	107	1	-1.7652415262e-02
10	108	1	-1.3477357048e-02
10	109	1	-1.3793237385e-02
10	110	1	-1.7601223838e-02
10	111	1	-1.0661133250e-02
10	112	1	-1.6606434740e-02
10	113	1	-1.8315367280e-02
10	114	1	-1.3258066345e-02
10	115	1	-1.2112962409e-02
10	116	1	-1.3280405782e-02
10	117	1	-1.3357143218e-02
10	118	1	-1.1674055571e-02
10	119	1	-1.0605545214e-02
10	120	1	-1.7097261615e-02
10	121	1	-1.8936883478e-02
10	122	1	-1.6320145660e-02
10	123	1	-1.5415098173e-02
10	124	1	-1.2398130626e-02
10	125	1	-1.2174915330e-02
10	126	1	-1.5377429218e-02
10	127	1	-1.3699696055e-02
10	128	1	-1.4246952276e-02
10	129	1	-1.7297631744e-02
10	130	1	-1.9143074601e-02
10	131	1	-1.5797985749e-02
10	132	1	-1.4558193629e-02
10	133	1	-1.1234611583e-02
10	134	1	-1.5302694429e-02
10	135	1	-1.3328510346e-02
10	136	1	-1.2187026871e-02
10	137	1	-1.2934853170e-02
10	138	1	-1.6228890678e-02
10	139	1	-1.4343912087e-02
10	140	1	-1.5002276319e-02
10	141	1	-9.3978956162e-03
10	142	1	-1.0959751935e-02
10	143	1	-1.7207883991e-02
10	144	1	-1.4811142566e-02
10	145	1	-1.3017892089e-02
10	146	1	-1.4998970964e-02
10	147	1	-1.7158055294e-02
10	148	1	-1.3536765841e-02
10	149	1	-1.1723101162e-02
10	150	1	-1.3711033243e-02
10	151	1	-1.3188583176e-02
10	152	1	-1.6131514394e-02
10	153	1	-1.3542045540e-02
10	154	1	-1.5518419458e-02
10	155	1	-1.1655443103e-02
10	156	1	-1.5750203237e-02
10	157	1	-1.4122933980e-02
10	158	1	-1.3684780179e-02
10	159	1	-1.2484422039e-02
10	160	1	-1.6170469650e-02
10	161	1	-1.4964768426e-02
10	162	1	-1.1512880540e-02
10	163	1	-1.7918014182e-02
10	164	1	-8.6187738683e-03
10	165	1	-1.4043970271e-02
10	166	1	-1.9343383980e-02
10	167	1	-1.3286056532e-02
10	168	1	-1.6409872975e-02
10	169	1	-1.1496402611e-02
10	170	1	-1.4780756849e-02
10	171	1	-1.6376444925e-02
10	172	1	-1.5988576403e-02
10	173	1	-1.5072011000e-02
10	174	1	-1.3064789186e-02
10	175	1	-1.4523288057e-02
10	176	1	-1.4731377294e-02
10	177	1	-1.1993374859e-02
10	178	1	-1.3045443925e-02
10	179	1	-1.5556889968e-02
10	180	1	-1.9276459093e-02
10	181	1	-1.7197763427e-02
10	182	1	-1.4554358446e-02
10	183	1	-1.5775180082e-02
10	184	1	-1.4519902367e-02
10	185	1	-1.4029716916e-02
10	186	1	-1.8737818137e-02
10	187	1	-1.0464791741e-02
10	188	1	-1.5052434937e-02
10	189	1	-1.0236368584e-02
10	190	1	-1.5853971405e-02
10	191	1	-1.2572970118e-02
10	192	1	-1.4854469216e-02
10	193	1	-1.7114036529e-02
10	194	1	-1.6368712584e-02
10	195	1	-1.1144830670e-02
10	196	1	-1.2815792424e-02
10	197	1	-1.9081475793e-02
10	198	1	-1.5334825708e-02
10	199	1	-1.5959703768e-02
11	0	1	-2.4177099212e-02
11	1	1	-2.1692551825e-02
11	2	1	-3.0211201053e-02
11	3	1	-2.8568167827e-02
11	4	1	-2.6987164542e-02
11	5	1	-2.6078187996e-02
11	6	1	-2.7707896142e-02
11	7	1	-2.7573833884e-02
11	8	1	-2.9889135431e-02
11	9	1	-2.3301109347e-02
11	10	1	-2.7604547530e-02
11	11	1	-2.8695952200e-02
11	12	1	-2.4154009656e-02
11	13	1	-2.6186759149e-02
11	14	1	-2.8054703047e-02
11	15	1	-2.6833002203e-02
11	16	1	-2.5902003680e-02
11	17	1	-3.0491127091e-02
11	18	1	-2.8631812487e-02
11	19	1	-2.8668703154e-02
11	20	1	-2.6470124190e-02
11	21	1	-2.8591574047e-02
11	22	1	-2.7493294300e-02
11	23	1	-2.9661347949e-02
11	24	1	-2.4685738786e-02
11	25	1	-2.3515125746e-02
11	26	1	-2.4058898657e-02
11	27	1	-2.6848145837e-02
11	28	1	-2.9261661691e-02
11	29	1	-2.6927455271e-02
11	30	1	-2.6394774892e-02
11	31	1	-2.8318701464e-02
11	32	1	-2.6935248444e-02
11	33	1	-2.6917443915e-02
11	34	1	-2.7452721848e-02
11	35	1	-2.6771061127e-02
11	36	1	-2.8310457240e-02
11	37	1	-2.7944636790e-02
11	38	1	-2.8328510986e-02
11	39	1	-2.5568210609e-02
11	40	1	-2.6062515182e-02
11	41	1	-2.8167316609e-02
11	42	1	-2.8447914392e-02
11	43	1	-2.2205439925e-02
11	44	1	-2.7334476471e-02
11	45	1	-2.5314962897e-02
11	46	1	-3.0014545625e-02
11	47	1	-3.0219645563e-02
11	48	1	-2.3231567293e-02
11	49	1	-2.9841218751e-02
11	50	1	-2.7154629332e-02
11	51	1	-2.5831919874e-02
11	52	1	-2.5258235602e-02
11	53	1	-2.3600523395e-02
11	54	1	-2.5793922349e-02
11	55	1	-2.4300601051e-02
11	56	1	-2.4253474125e-02
11	57	1	-2.6532145429e-02
11	58	1	-2.7820341217e-02
11	59	1	-3.0639814227e-02
11	60	1	-2.6408369899e-02
11	61	1	-2.7781068012e-02
11	62	1	-2.5950561340e-02
11	63	1	-2.8681206932e-02
11	64	1	-3.0071410785e-02
11	65	1	-2.8465699561e-02
11	66	1	-2.2380966129e-02
11	67	1	-3.0554256931e-02
11	68	1	-2.5112893224e-02
11	69	1	-2.9432727684e-02
11	70	1	-2.7902274164e-02
11	71	1	-2.7207476013e-02
11	72	1	-2.8079079333e-02
11	73	1	-2.9658533096e-02
11	74	1	-2.4602521770e-02
11	75	1	-2.3769482012e-02
11	76	1	-3.2779163079e-02
11	77	1	-2.6512899205e-02
11	78	1	-2.7523058545e-02
11	79	1	-2.9802207486e-02
11	80	1	-2.5868783397e-02
11	81	1	-2.8429277743e-02
11	82	1	-2.4611981335e-02
11	83	1	-2.5226827915e-02
11	84	1	-2.5548886072e-02
11	85	1	-2.7172727710e-02
11	86	1	-2.1716164403e-02
11	87	1	-2.7998743678e-02
11	88	1	-2.8698240008e-02
11	89	1	-2.8924482092e-02
11	90	1	-2.8390259843e-02
11	91	1	-2.5844193180e-02
11	92	1	-2.6549845780e-02
11	93	1	-2.8023976296e-02
11	94	1	-2.1630114784e-02
11	95	1	-2.9047232078e-02
11	96	1	-3.0359740678e-02
11	97	1	-2.7943621682e-02
11	98	1	-2.6059973934e-02
11	99	1	-3.0947686812e-02
11	100	1	-2.7296304378e-02
11	101	1	-2.4738040056e-02
11	102	1	-2.9005833891e-02
11	103	1	-2.4521477094e-02
11	104	1	-2.6413466785e-02
11	105	1	-2.7536333762e-02
11	106	1	-2.7490175638e-02
11	107	1	-2.9616628613e-02
11	108	1	-2.6969608654e-02
11	109	1	-2.4197978090e-02
11	110	1	-2.9836251219e-02
11	111	1	-2.2755897838e-02
11	112	1	-2.9641003371e-02
11	113	1	-2.9794311125e-02
11	114	1	-2.4909923743e-02
11	115	1	-2.4020432850e-02
11	116	1	-2.5979046944e-02
11	117	1	-2.4664438447e-02
11	118	1	-2.5490728776e-02
11	119	1	-2.3161449210e-02
11	120	1	-2.9310156662e-02
11	121	1	-2.9810465648e-02
11	122	1	-2.7993637804e-02
11	123	1	-2.8869802156e-02
11	124	1	-2.5206735563e-02
11	125	1	-2.4965284809e-02
11	126	1	-2.6484982498e-02
11	127	1	-2.5000747431e-02
11	128	1	-2.6650759823e-02
11	129	1	-2.8111675250e-02
11	130	1	-3.1250688991e-02
11	131	1	-2.9134549069e-02
11	132	1	-2.6648933410e-02
11	133	1	-2.3398690474e-02
11	134	1	-2.7407595112e-02
11	135	1	-2.4776894297e-02
11	136	1	-2.2182709081e-02
11	137	1	-2.5117565198e-02
11	138	1	-2.8971618823e-02
11	139	1	-2.5960179147e-02
11	140	1	-2.5953186901e-02
11	141	1	-2.0664631089e-02
11	142	1	-2.4180878910e-02
11	143	1	-2.9419711804e-02
11	144	1	-2.5698817890e-02
11	145	1	-2.5067520569e-02
11	146	1	-2.7197386017e-02
11	147	1	-3.0256140497e-02
11	148	1	-2.5069398084e-02
11	149	1	-2.3270209011e-02
11	150	1	-2.4413581369e-02
11	151	1	-2.4296443943e-02
11	152	1	-2.8760704969e-02
11	153	1	-2.6251446196e-02
11	154	1	-2.7443534973e-02
11	155	1	-2.4184362756e-02
11	156	1	-2.7140083715e-02
11	157	1	-2.6423551850e-02
11	158	1	-2.6084011822e-02
11	159	1	-2.4521930240e-02
11	160	1	-2.8432088490e-02
11	161	1	-2.7477170973e-02
11	162	1	-2.3439285585e-02
11	163	1	-2.9778232387e-02
11	164	1	-2.0768492698e-02
11	165	1	-2.6437676216e-02
11	166	1	-3.1640686348e-02
11	167	1	-2.4312956270e-02
11	168	1	-2.8356941254e-02
11	169	1	-2.3166276060e-02
11	170	1	-2.6039024737e-02
11	171	1	-2.8655325112e-02
11	172	1	-2.8283011312e-02
11	173	1	-2.7942041013e-02
11	174	1	-2.5554596903e-02
11	175	1	-2.7557094378e-02
11	176	1	-2.6953320272e-02
11	177	1	-2.5696005154e-02
11	178	1	-2.5280073572e-02
11	179	1	-2.6501742418e-02
11	180	1	-3.0798481256e-02
11	181	1	-2.7984476642e-02
11	182	1	-2.7075689843e-02
11	183	1	-2.8081429364e-02
11	184	1	-2.6082650365e-02
11	185	1	-2.5326434022e-02
11	186	1	-3.1164016113e-02
11	187	1	-2.2778198878e-02
11	188	1	-2.8494466888e-02
11	189	1	-2.3053753450e-02
11	190	1	-2.8454458285e-02
11	191	1	-2.4148583376e-02
11	192	1	-2.4908167885e-02
11	193	1	-2.7704775217e-02
11	194	1	-2.7537680824e-02
11	195	1	-2.4820919732e-02
11	196	1	-2.6307726473e-02
11	197	1	-3.1394376219e-02
11	198	1	-2.6706075311e-02
11	199	1	-2.7113911683e-02
12	0	1	-2.6860279027e-02
12	1	1	-2.4995042660e-02
12	2	1	-3.3076825880e-02
12	3	1	-3.1320642962e-02
12	4	1	-2.9666312442e-02
12	5	1	-3.0771133505e-02
12	6	1	-3.0413263009e-02
12	7	1	-3.1072981117e-02
12	8	1	-3.2953014061e-02
12	9	1	-2.6773928952e-02
12	10	1	-2.8900751048e-02
12	11	1	-3.2013683643e-02
12	12	1	-2.7816484510e-02
12	13	1	-2.9445236860e-02
12	14	1	-3.0926809752e-02
12	15	1	-2.9010419684e-02
12	16	1	-2.9115910536e-02
12	17	1	-3.3329620299e-02
12	18	1	-3.1043929224e-02
12	19	1	-3.1377031678e-02
12	20	1	-2.9907087164e-02
12	21	1	-3.1682796315e-02
12	22	1	-3.0660412121e-02
12	23	1	-3.2802953201e-02
12	24	1	-2.6886299021e-02
12	25	1	-2.7260826739e-02
12	26	1	-2.6485565106e-02
12	27	1	-2.8081751524e-02
12	28	1	-3.1800070745e-02
12	29	1	-2.9396675271e-02
12	30	1	-2.9135571571e-02
12	31	1	-3.0858879545e-02
12	32	1	-3.1849507513e-02
12	33	1	-2.9452828176e-02
12	34	1	-2.9550884282e-02
12	35	1	-2.9784773390e-02
12	36	1	-3.2187378628e-02
12	37	1	-3.1706578956e-02
12	38	1	-3.2510943938e-02
12	39	1	-2.9315385818e-02
12	40	1	-2.8276553554e-02
12	41	1	-2.9683136585e-02
12	42	1	-3.1429109426e-02
12	43	1	-2.6360756334e-02
12	44	1	-3.0895262237e-02
12	45	1	-2.7722054158e-02
12	46	1	-3.3540445395e-02
12	47	1	-3.1599191392e-02
12	48	1	-2.6137358009e-02
12	49	1	-3.3455201030e-02
12	50	1	-2.9741270863e-02
12	51	1	-2.8336211480e-02
12	52	1	-2.9260598786e-02
12	53	1	-2.8299625915e-02
12	54	1	-2.8803060407e-02
12	55	1	-2.7621759159e-02
12	56	1	-2.7282909375e-02
12	57	1	-3.0728573289e-02
12	58	1	-3.1445699761e-02
12	59	1	-3.4035502473e-02
12	60	1	-2.8350945178e-02
12	61	1	-2.9814036936e-02
12	62	1	-2.9185845212e-02
12	63	1	-3.2767136576e-02
12	64	1	-3.2287509657e-02
12	65	1	-3.0569201766e-02
12	66	1	-2.5864085609e-02
12	67	1	-3.3865615767e-02
12	68	1	-2.8230062056e-02
12	69	1	-3.2408654201e-02
12	70	1	-3.0853031583e-02
12	71	1	-3.0922634660e-02
12	72	1	-2.9882095358e-02
12	73	1	-3.2237450328e-02
12	74	1	-2.9036920959e-02
12	75	1	-2.5907838641e-02
12	76	1	-3.5925645741e-02
12	77	1	-2.9292611576e-02
12	78	1	-3.0554800520e-02
12	79	1	-3.2453062274e-02
12	80	1	-2.9092710747e-02
12	81	1	-3.1721482548e-02
12	82	1	-2.6374011369e-02
12	83	1	-2.6625909272e-02
12	84	1	-2.7859373742e-02
12	85	1	-2.8939299996e-02
12	86	1	-2.4409069432e-02
12	87	1	-3.1065304810e-02
12	88	1	-3.0314360123e-02
12	89	1	-3.2128287383e-02
12	90	1	-3.0737462882e-02
12	91	1	-2.8874133744e-02
12	92	1	-3.1387812632e-02
12	93	1	-2.9911118375e-02
12	94	1	-2.4354766815e-02
12	95	1	-3.1898760707e-02
12	96	1	-3.3946529676e-02
12	97	1	-3.1059207492e-02
12	98	1	-2.9478470498e-02
12	99	1	-3.3984895616e-02
12	100	1	-2.9725695311e-02
12	101	1	-2.6607286335e-02
12	102	1	-3.2764723452e-02
12	103	1	-2.7933992778e-02
12	104	1	-2.7990025142e-02
12	105	1	-3.0917415635e-02
12	106	1	-3.0355118833e-02
12	107	1	-3.2067369155e-02
12	108	1	-3.1110873925e-02
12	109	1	-2.6306778348e-02
12	110	1	-3.2664068970e-02
12	111	1	-2.6012528717e-02
12	112	1	-3.2970501540e-02
12	113	1	-3.2771099279e-02
12	114	1	-2.8142311003e-02
12	115	1	-2.7393294673e-02
12	116	1	-2.9562842146e-02
12	117	1	-2.7666816301e-02
12	118	1	-3.0410021018e-02
12	119	1	-2.6924730161e-02
12	120	1	-3.2762099060e-02
12	121	1	-3.1825080122e-02
12	122	1	-3.0619455835e-02
12	123	1	-3.3056022199e-02
12	124	1	-2.8974854520e-02
12	125	1	-2.8717124068e-02
12	126	1	-2.8603288448e-02
12	127	1	-2.7357187556e-02
12	128	1	-2.9905220735e-02
12	129	1	-2.9665703550e-02
12	130	1	-3.4230032939e-02
12	131	1	-3.3339112639e-02
12	132	1	-3.0342393800e-02
12	133	1	-2.6856564694e-02
12	134	1	-3.0251629594e-02
12	135	1	-2.7515566404e-02
12	136	1	-2.3409055070e-02
12	137	1	-2.8722406239e-02
12	138	1	-3.2783631082e-02
12	139	1	-2.8649902345e-02
12	140	1	-2.8077913342e-02
12	141	1	-2.3247373453e-02
12	142	1	-2.8172042128e-02
12	143	1	-3.2578740530e-02
12	144	1	-2.8145530148e-02
12	145	1	-2.8316263670e-02
12	146	1	-2.9871046247e-02
12	147	1	-3.4284026660e-02
12	148	1	-2.7856066536e-02
12	149	1	-2.6002602738e-02
12	150	1	-2.6268446014e-02
12	151	1	-2.6520622226e-02
12	152	1	-3.2097534433e-02
12	153	1	-2.9898427491e-02
12	154	1	-3.0528239650e-02
12	155	1	-2.7812042184e-02
12	156	1	-2.9406072849e-02
12	157	1	-2.9355258487e-02
12	158	1	-2.9681775325e-02
12	159	1	-2.8048667491e-02
12	160	1	-3.1492317840e-02
12	161	1	-3.1454918533e-02
12	162	1	-2.6970087028e-02
12	163	1	-3.2560628400e-02
12	164	1	-2.3654343763e-02
12	165	1	-2.9749231558e-02
12	166	1	-3.4642411661e-02
12	167	1	-2.6218772141e-02
12	168	1	-3.1783352291e-02
12	169	1	-2.6027270363e-02
12	170	1	-2.8562377783e-02
12	171	1	-3.2085921856e-02
12	172	1	-3.1292035910e-02
12	173	1	-3.1591819784e-02
12	174	1	-2.9387362821e-02
12	175	1	-3.0902927744e-02
12	176	1	-3.0593286944e-02
12	177	1	-3.0272276633e-02
12	178	1	-2.8555127990e-02
12	179	1	-2.8719168848e-02
12	180	1	-3.3233979069e-02
12	181	1	-2.9611583028e-02
12	182	1	-3.0775307937e-02
12	183	1	-3.1573547046e-02
12	184	1	-2.8260030633e-02
12	185	1	-2.7444770743e-02
12	186	1	-3.4761660292e-02
12	187	1	-2.6212773455e-02
12	188	1	-3.2873052411e-02
12	189	1	-2.6800920303e-02
12	190	1	-3.1651430891e-02
12	191	1	-2.6660010254e-02
12	192	1	-2.6237561045e-02
12	193	1	-2.9241298321e-02
12	194	1	-2.9858712613e-02
12	195	1	-2.9182618140e-02
12	196	1	-3.0888417379e-02
12	197	1	-3.4807679275e-02
12	198	1	-2.9002851722e-02
12	199	1	-2.9581905417e-02
13	0	1	-2.4190479486e-02
13	1	1	-2.3285243878e-02
13	2	1	-3.0155763845e-02
13	3	1	-2.8321531211e-02
13	4	1	-2.6758066537e-02
13	5	1	-2.9496253831e-02
13	6	1	-2.7544054204e-02
13	7	1	-2.8853097583e-02
13	8	1	-3.0251165899e-02
13	9	1	-2.4621053805e-02
13	10	1	-2.4797977185e-02
13	11	1	-2.9820444559e-02
13	12	1	-2.5785845105e-02
13	13	1	-2.7459759075e-02
13	14	1	-2.7825211869e-02
13	15	1	-2.5956573330e-02
13	16	1	-2.7021490622e-02
13	17	1	-2.9856253449e-02
13	18	1	-2.8284076850e-02
13	19	1	-2.8462693028e-02
13	20	1	-2.7566754010e-02
13	21	1	-2.8946667074e-02
13	22	1	-2.8384044692e-02
13	23	1	-2.9593650337e-02
13	24	1	-2.3960921755e-02
13	25	1	-2.5413248372e-02
13	26	1	-2.3321606539e-02
13	27	1	-2.3993883797e-02
13	28	1	-2.8868833617e-02
13	29	1	-2.6310801666e-02
13	30	1	-2.6228456958e-02
13	31	1	-2.7951718996e-02
13	32	1	-3.0520494631e-02
13	33	1	-2.6637217680e-02
13	34	1	-2.6129963199e-02
13	35	1	-2.7111090758e-02
13	36	1	-3.0229137417e-02
13	37	1	-2.9423124487e-02
13	38	1	-3.0494432593e-02
13	39	1	-2.7351591057e-02
13	40	1	-2.4951742718e-02
13	41	1	-2.5872683303e-02
13	42	1	-2.8333818035e-02
13	43	1	-2.4791918484e-02
13	44	1	-2.8819524734e-02
13	45	1	-2.4518990727e-02
13	46	1	-3.0947333261e-02
13	47	1	-2.7615806670e-02
13	48	1	-2.3492389046e-02
13	49	1	-3.1036531113e-02
13	50	1	-2.6312316000e-02
13	51	1	-2.5483011252e-02
13	52	1	-2.7865866727e-02
13	53	1	-2.7075982232e-02
13	54	1	-2.6453769652e-02
13	55	1	-2.5669357159e-02
13	56	1	-2.4832952624e-02
13	57	1	-2.9053136430e-02
13	58	1	-2.8769215194e-02
13	59	1	-3.1424503140e-02
13	60	1	-2.4844288145e-02
13	61	1	-2.6480496452e-02
13	62	1	-2.6510963525e-02
13	63	1	-3.0512747858e-02
13	64	1	-2.9119963980e-02
13	65	1	-2.7155788479e-02
13	66	1	-2.4405632066e-02
13	67	1	-3.1737434202e-02
13	68	1	-2.5936266248e-02
13	69	1	-2.9691321146e-02
13	70	1	-2.7769924218e-02
13	71	1	-2.8581669751e-02
13	72	1	-2.6547263436e-02
13	73	1	-2.8994462380e-02
13	74	1	-2.7900643688e-02
13	75	1	-2.2386994401e-02
13	76	1	-3.2956404204e-02
13	77	1	-2.6093990497e-02
13	78	1	-2.7884807046e-02
13	79	1	-2.9424807808e-02
13	80	1	-2.6224900955e-02
13	81	1	-2.9191035910e-02
13	82	1	-2.2674255012e-02
13	83	1	-2.3607566699e-02
13	84	1	-2.4585921587e-02
13	85	1	-2.5305788261e-02
13	86	1	-2.1458561324e-02
13	87	1	-2.8216571475e-02
13	88	1	-2.6499412608e-02
13	89	1	-2.9892726671e-02
13	90	1	-2.7438965968e-02
13	91	1	-2.6127720296e-02
13	92	1	-3.0731674141e-02
13	93	1	-2.6485449141e-02
13	94	1	-2.1720403005e-02
13	95	1	-2.8754260831e-02
13	96	1	-3.1416112386e-02
13	97	1	-2.8656091742e-02
13	98	1	-2.7372000613e-02
13	99	1	-3.1029132566e-02
13	100	1	-2.6979659331e-02
13	101	1	-2.3400744282e-02
13	102	1	-3.0898962486e-02
13	103	1	-2.5672102553e-02
13	104	1	-2.4030748818e-02
13	105	1	-2.8328773084e-02
13	106	1	-2.7422954795e-02
13	107	1	-2.8467866613e-02
13	108	1	-2.9506031330e-02
13	109	1	-2.3566948322e-02
13	110	1	-2.9586617065e-02
13	111	1	-2.3808007473e-02
13	112	1	-3.0280096515e-02
13	113	1	-3.0661899570e-02
13	114	1	-2.6262844135e-02
13	115	1	-2.5300952240e-02
13	116	1	-2.7260525143e-02
13	117	1	-2.5679079500e-02
13	118	1	-2.9324010335e-02
13	119	1	-2.4970604060e-02
13	120	1	-3.0692165768e-02
13	121	1	-2.8265372704e-02
13	122	1	-2.7619356401e-02
13	123	1	-3.0882205288e-02
13	124	1	-2.6840210793e-02
13	125	1	-2.6893865633e-02
13	126	1	-2.5204397088e-02
13	127	1	-2.4077853337e-02
13	128	1	-2.7244218028e-02
13	129	1	-2.5978900100e-02
13	130	1	-3.1506450343e-02
13	131	1	-3.1500611233e-02
13	132	1	-2.8543823250e-02
13	133	1	-2.4589498460e-02
13	134	1	-2.7415311748e-02
13	135	1	-2.4578557271e-02
13	136	1	-1.9426162665e-02
13	137	1	-2.6896628552e-02
13	138	1	-3.0634386230e-02
13	139	1	-2.6025447190e-02
13	140	1	-2.4592005716e-02
13	141	1	-2.0584210375e-02
13	142	1	-2.5833845380e-02
13	143	1	-3.0122597063e-02
13	144	1	-2.5439876841e-02
13	145	1	-2.5672343457e-02
13	146	1	-2.6493743513e-02
13	147	1	-3.2482974733e-02
13	148	1	-2.5131226592e-02
13	149	1	-2.3493472435e-02
13	150	1	-2.2539132627e-02
13	151	1	-2.3208440187e-02
13	152	1	-2.9699381511e-02
13	153	1	-2.7286499606e-02
13	154	1	-2.7884308574e-02
13	155	1	-2.5936990596e-02
13	156	1	-2.6324092578e-02
13	157	1	-2.6440566277e-02
13	158	1	-2.7638883878e-02
13	159	1	-2.6282504751e-02
13	160	1	-2.8466160713e-02
13	161	1	-2.9859065353e-02
13	162	1	-2.5218155265e-02
13	163	1	-2.9484537786e-02
13	164	1	-2.1094185936e-02
13	165	1	-2.7044394716e-02
13	166	1	-3.2020756341e-02
13	167	1	-2.3169797835e-02
13	168	1	-2.9816757651e-02
13	169	1	-2.3333181599e-02
13	170	1	-2.5717168819e-02
13	171	1	-2.9951851058e-02
13	172	1	-2.8273518327e-02
13	173	1	-2.9177991229e-02
13	174	1	-2.7438617508e-02
13	175	1	-2.7987789856e-02
13	176	1	-2.9074977348e-02
13	177	1	-2.8995619204e-02
13	178	1	-2.6193935089e-02
13	179	1	-2.5438389853e-02
13	180	1	-2.9729707747e-02
13	181	1	-2.5634742332e-02
13	182	1	-2.8887186539e-02
13	183	1	-2.9509748352e-02
13	184	1	-2.4509116836e-02
13	185	1	-2.3854935444e-02
13	186	1	-3.2405593433e-02
13	187	1	-2.3913513656e-02
13	188	1	-3.1040685574e-02
13	189	1	-2.4694233116e-02
13	190	1	-2.8718395231e-02
13	191	1	-2.3787420393e-02
13	192	1	-2.2555308918e-02
13	193	1	-2.5553072114e-02
13	194	1	-2.6520669331e-02
13	195	1	-2.7737245134e-02
13	196	1	-2.9643556588e-02
13	197	1	-3.2199025942e-02
13	198	1	-2.6115987842e-02
13	199	1	-2.6644852742e-02
14	0	1	-1.9041753744e-02
14	1	1	-1.9137672823e-02
14	2	1	-2.4369334917e-02
14	3	1	-2.2297567820e-02
14	4	1	-2.1340811598e-02
14	5	1	-2.4656870497e-02
14	6	1	-2.2116391689e-02
14	7	1	-2.3616356280e-02
14	8	1	-2.4731938817e-02
14	9	1	-1.9431525972e-02
14	10	1	-1.8280106804e-02
14	11	1	-2.4826727300e-02
14	12	1	-2.0806832621e-02
14	13	1	-2.2914407061e-02
14	14	1	-2.1605594502e-02
14	15	1	-2.0627032351e-02
14	16	1	-2.2343613004e-02
14	17	1	-2.3312536808e-02
14	18	1	-2.3039379392e-02
14	19	1	-2.2815604911e-02
14	20	1	-2.2177378775e-02
14	21	1	-2.3328070635e-02
14	22	1	-2.3477692047e-02
14	23	1	-2.3375858202e-02
14	24	1	-1.8612429837e-02
14	25	1	-2.0520151585e-02
14	26	1	-1.7578722233e-02
14	27	1	-1.7830504244e-02
14	28	1	-2.2956365281e-02
14	29	1	-2.0886205024e-02
14	30	1	-2.0446072282e-02
14	31	1	-2.2441451104e-02
14	32	1	-2.5851789870e-02
14	33	1	-2.1291460734e-02
14	34	1	-2.0287220557e-02
14	35	1	-2.1580600464e-02
14	36	1	-2.5147257213e-02
14	37	1	-2.3855642015e-02
14	38	1	-2.5128487274e-02
14	39	1	-2.2640211728e-02
14	40	1	-1.8969082515e-02
14	41	1	-1.9883583200e-02
14	42	1	-2.2049038272e-02
14	43	1	-2.0233969304e-02
14	44	1	-2.3581143713e-02
14	45	1	-1.8912064200e-02
14	46	1	-2.5151943177e-02
14	47	1	-2.1411193579e-02
14	48	1	-1.8112398878e-02
14	49	1	-2.5627911947e-02
14	50	1	-1.9740335150e-02
14	51	1	-2.0230798953e-02
14	52	1	-2.3602507875e-02
14	53	1	-2.2743085519e-02
14	54	1	-2.1506326952e-02
14	55	1	-2.0902382914e-02
14	56	1	-1.9557095501e-02
14	57	1	-2.4035920754e-02
14	58	1	-2.2724920429e-02
14	59	1	-2.5552678608e-02
14	60	1	-1.8775572016e-02
14	61	1	-2.0578118471e-02
14	62	1	-2.0859048234e-02
14	63	1	-2.4772799021e-02
14	64	1	-2.3297245091e-02
14	65	1	-2.0951279250e-02
14	66	1	-2.0466350253e-02
14	67	1	-2.6802518048e-02
14	68	1	-2.0854507922e-02
14	69	1	-2.4168412877e-02
14	70	1	-2.1549570827e-02
14	71	1	-2.2951815844e-02
14	72	1	-2.0898996931e-02
14	73	1	-2.2679206860e-02
14	74	1	-2.3867037134e-02
14	75	1	-1.6169787421e-02
14	76	1	-2.6454620350e-02
14	77	1	-1.9825245449e-02
14	78	1	-2.2454541397e-02
14	79	1	-2.3477568015e-02
14	80	1	-2.0077392524e-02
14	81	1	-2.3725207529e-02
14	82	1	-1.6561511045e-02
14	83	1	-1.8677153056e-02
14	84	1	-1.9095540520e-02
14	85	1	-1.9196001867e-02
14	86	1	-1.5590483977e-02
14	87	1	-2.2576547036e-02
14	88	1	-2.0135790942e-02
14	89	1	-2.4766334201e-02
14	90	1	-2.1389564413e-02
14	91	1	-2.0690922192e-02
14	92	1	-2.7010236156e-02
14	93	1	-2.0712626233e-02
14	94	1	-1.6697541072e-02
14	95	1	-2.2479994487e-02
14	96	1	-2.5654667553e-02
14	97	1	-2.3697679326e-02
14	98	1	-2.2638374565e-02
14	99	1	-2.5135233681e-02
14	100	1	-2.1707485788e-02
14	101	1	-1.8062334569e-02
14	102	1	-2.5781169576e-02
14	103	1	-2.0483383150e-02
14	104	1	-1.7858308652e-02
14	105	1	-2.2596686740e-02
14	106	1	-2.1391851623e-02
14	107	1	-2.1871838079e-02
14	108	1	-2.5174888641e-02
14	109	1	-1.8368151423e-02
14	110	1	-2.3358271512e-02
14	111	1	-1.8804636563e-02
14	112	1	-2.4679780529e-02
14	113	1	-2.5667181979e-02
14	114	1	-2.1890482441e-02
14	115	1	-2.0508782324e-02
14	116	1	-2.1871078784e-02
14	117	1	-2.1329811127e-02
14	118	1	-2.4874330444e-02
14	119	1	-2.0122589164e-02
14	120	1	-2.5957032747e-02
14	121	1	-2.2122267934e-02
14	122	1	-2.1969920221e-02
14	123	1	-2.4976130635e-02
14	124	1	-2.1706527525e-02
14	125	1	-2.1837354559e-02
14	126	1	-1.9307141938e-02
14	127	1	-1.7912427982e-02
14	128	1	-2.1611075839e-02
14	129	1	-2.0187028265e-02
14	130	1	-2.6089561656e-02
14	131	1	-2.6523257860e-02
14	132	1	-2.3685473611e-02
14	133	1	-1.9363349995e-02
14	134	1	-2.1926276574e-02
14	135	1	-1.8994220184e-02
14	136	1	-1.3244965341e-02
14	137	1	-2.2203567982e-02
14	138	1	-2.5198381728e-02
14	139	1	-2.1035146087e-02
14	140	1	-1.8378944666e-02
14	141	1	-1.5954245409e-02
14	142	1	-2.0271071486e-02
14	143	1	-2.4552059623e-02
14	144	1	-2.0257405138e-02
14	145	1	-1.9750045215e-02
14	146	1	-2.0341608756e-02
14	147	1	-2.7602535736e-02
14	148	1	-2.0034635109e-02
14	149	1	-1.8424378203e-02
14	150	1	-1.6506856096e-02
14	151	1	-1.7250395145e-02
14	152	1	-2.4423264725e-02
14	153	1	-2.1124717646e-02
14	154	1	-2.2312416619e-02
14	155	1	-2.1426908890e-02
14	156	1	-2.1109350099e-02
14	157	1	-2.0432290766e-02
14	158	1	-2.2464415413e-02
14	159	1	-2.1855143365e-02
14	160	1	-2.2629588575e-02
14	161	1	-2.5203253092e-02
14	162	1	-2.0790584869e-02
14	163	1	-2.3381762152e-02
14	164	1	-1.6186636301e-02
14	165	1	-2.0984985427e-02
14	166	1	-2.6583111163e-02
14	167	1	-1.8216496642e-02
14	168	1	-2.4865382720e-02
14	169	1	-1.7880192186e-02
14	170	1	-2.0279699912e-02
14	171	1	-2.4918706088e-02
14	172	1	-2.2209204005e-02
14	173	1	-2.3605254621e-02
14	174	1	-2.2259023545e-02
14	175	1	-2.1747434674e-02
14	176	1	-2.4610158120e-02
14	177	1	-2.4577822936e-02
14	178	1	-2.1219575868e-02
14	179	1	-1.9530579811e-02
14	180	1	-2.3042300730e-02
14	181	1	-1.9042662791e-02
14	182	1	-2.3990406388e-02
14	183	1	-2.4600747518e-02
14	184	1	-1.7988549840e-02
14	185	1	-1.7726933707e-02
14	186	1	-2.6623923770e-02
14	187	1	-1.8301218454e-02
14	188	1	-2.5869067120e-02
14	189	1	-1.9643869441e-02
14	190	1	-2.2900066370e-02
14	191	1	-1.8390859014e-02
14	192	1	-1.6970872914e-02
14	193	1	-1.9831160335e-02
14	194	1	-2.0518103788e-02
14	195	1	-2.3309896141e-02
14	196	1	-2.5501225635e-02
14	197	1	-2.6210526918e-02
14	198	1	-2.0967585007e-02
14	199	1	-2.1121069032e-02
15	0	1	-1.3738424343e-02
15	1	1	-1.4441942511e-02
15	2	1	-1.7952739412e-02
15	3	1	-1.5337946141e-02
15	4	1	-1.5508117637e-02
15	5	1	-1.8492226423e-02
15	6	1	-1.6119909292e-02
15	7	1	-1.7565734317e-02
15	8	1	-1.8574467137e-02
15	9	1	-1.3506754965e-02
15	10	1	-1.1611463561e-02
15	11	1	-1.9021866297e-02
15	12	1	-1.5030523547e-02
15	13	1	-1.7465284817e-02
15	14	1	-1.4797143800e-02
15	15	1	-1.5153144232e-02
15	16	1	-1.7126542535e-02
15	17	1	-1.6219428107e-02
15	18	1	-1.7331801822e-02
15	19	1	-1.6513136822e-02
15	20	1	-1.6013436131e-02
15	21	1	-1.7193339101e-02
15	22	1	-1.8106019430e-02
15	23	1	-1.6622207976e-02
15	24	1	-1.2899039739e-02
15	25	1	-1.4654096350e-02
15	26	1	-1.1547104733e-02
15	27	1	-1.1802439103e-02
15	28	1	-1.6192536979e-02
15	29	1	-1.5560126775e-02
15	30	1	-1.4076582037e-02
15	31	1	-1.6116318714e-02
15	32	1	-1.9911470704e-02
15	33	1	-1.5582551001e-02
15	34	1	-1.4509469560e-02
15	35	1	-1.5442849006e-02
15	36	1	-1.8954092241e-02
15	37	1	-1.7392940561e-02
15	38	1	-1.8507747001e-02
15	39	1	-1.7351319586e-02
15	40	1	-1.2595949778e-02
15	41	1	-1.3977856969e-02
15	42	1	-1.5145590169e-02
15	43	1	-1.4821538791e-02
15	44	1	-1.7238914405e-02
15	45	1	-1.3159423175e-02
15	46	1	-1.8526883571e-02
15	47	1	-1.5007060094e-02
15	48	1	-1.2161066739e-02
15	49	1	-1.9517908318e-02
15	50	1	-1.2550552067e-02
15	51	1	-1.4590605746e-02
15	52	1	-1.8391714372e-02
15	53	1	-1.7533412657e-02
15	54	1	-1.5854247808e-02
15	55	1	-1.5179632450e-02
15	56	1	-1.3575455584e-02
15	57	1	-1.7745141097e-02
15	58	1	-1.6027849925e-02
15	59	1	-1.8651198293e-02
15	60	1	-1.2309688573e-02
15	61	1	-1.4345713144e-02
15	62	1	-1.4680323464e-02
15	63	1	-1.7867872459e-02
15	64	1	-1.6858798037e-02
15	65	1	-1.4071359648e-02
15	66	1	-1.5628800062e-02
15	67	1	-2.0997983718e-02
15	68	1	-1.5378079642e-02
15	69	1	-1.7831297919e-02
15	70	1	-1.4715722371e-02
15	71	1	-1.6270906005e-02
15	72	1	-1.4960043030e-02
15	73	1	-1.5444859092e-02
15	74	1	-1.8638479635e-02
15	75	1	-9.7172077620e-03
15	76	1	-1.8898621111e-02
15	77	1	-1.2987927963e-02
15	78	1	-1.6486312723e-02
15	79	1	-1.6734599394e-02
15	80	1	-1.2940891114e-02
15	81	1	-1.7488906129e-02
15	82	1	-1.0317372390e-02
15	83	1	-1.3462621982e-02
15	84	1	-1.3701948628e-02
15	85	1	-1.2932958502e-02
15	86	1	-9.1703867289e-03
15	87	1	-1.6438254110e-02
15	88	1	-1.3242280909e-02
15	89	1	-1.8446137504e-02
15	90	1	-1.4805984824e-02
15	91	1	-1.4799352600e-02
15	92	1	-2.2174233003e-02
15	93	1	-1.4882425375e-02
15	94	1	-1.1517708565e-02
15	95	1	-1.5327063652e-02
15	96	1	-1.8939015229e-02
15	97	1	-1.8321990244e-02
15	98	1	-1.7244790364e-02
15	99	1	-1.8290937692e-02
15	100	1	-1.5906354339e-02
15	101	1	-1.2592498352e-02
15	102	1	-1.9344562754e-02
15	103	1	-1.4761262582e-02
15	104	1	-1.1790492820e-02
15	105	1	-1.6012451443e-02
15	106	1	-1.4446405634e-02
15	107	1	-1.4807036385e-02
15	108	1	-2.0025312508e-02
15	109	1	-1.2734473795e-02
15	110	1	-1.6057643533e-02
15	111	1	-1.2883277768e-02
15	112	1	-1.8485744704e-02
15	113	1	-1.9473897828e-02
15	114	1	-1.6877252952e-02
15	115	1	-1.5229189942e-02
15	116	1	-1.5543658101e-02
15	117	1	-1.6447385897e-02
15	118	1	-1.9224354307e-02
15	119	1	-1.4554042098e-02
15	120	1	-2.0467091387e-02
15	121	1	-1.5785199466e-02
15	122	1	-1.5788284632e-02
15	123	1	-1.7707470609e-02
15	124	1	-1.5821093249e-02
15	125	1	-1.5635308741e-02
15	126	1	-1.3292264869e-02
15	127	1	-1.1454032614e-02
15	128	1	-1.5375868713e-02
15	129	1	-1.4531446544e-02
15	130	1	-2.0110585948e-02
15	131	1	-2.0819934731e-02
15	132	1	-1.7746104144e-02
15	133	1	-1.3547881823e-02
15	134	1	-1.5906927484e-02
15	135	1	-1.3294056859e-02
15	136	1	-6.9821896331e-03
15	137	1	-1.6618386860e-02
15	138	1	-1.8610665555e-02
15	139	1	-1.5694204098e-02
15	140	1	-1.2120481084e-02
15	141	1	-1.1645868915e-02
15	142	1	-1.4288832352e-02
15	143	1	-1.8016613205e-02
15	144	1	-1.4604821948e-02
15	145	1	-1.3128828007e-02
15	146	1	-1.3980063703e-02
15	147	1	-2.1712499742e-02
15	148	1	-1.4631925417e-02
15	149	1	-1.2772750662e-02
15	150	1	-1.0648291315e-02
15	151	1	-1.1161208117e-02
15	152	1	-1.8067850205e-02
15	153	1	-1.4231681795e-02
15	154	1	-1.5845934490e-02
15	155	1	-1.6438919286e-02
15	156	1	-1.5938014022e-02
15	157	1	-1.3444392648e-02
15	158	1	-1.6130060953e-02
15	159	1	-1.6738252010e-02
15	160	1	-1.6481083866e-02
15	161	1	-1.9362021178e-02
15	162	1	-1.5726660279e-02
15	163	1	-1.6757938955e-02
15	164	1	-1.0984278561e-02
15	165	1	-1.4220310046e-02
15	166	1	-2.0264569079e-02
15	167	1	-1.3112645898e-02
15	168	1	-1.8698629314e-02
15	169	1	-1.2065657950e-02
15	170	1	-1.4169062844e-02
15	171	1	-1.9111774578e-02
15	172	1	-1.5396672805e-02
15	173	1	-1.7259059550e-02
15	174	1	-1.6216975001e-02
15	175	1	-1.4448642687e-02
15	176	1	-1.8813393952e-02
15	177	1	-1.8862760574e-02
15	178	1	-1.5761239188e-02
15	179	1	-1.3261211083e-02
15	180	1	-1.5608284478e-02
15	181	1	-1.2252650124e-02
15	182	1	-1.8223528119e-02
15	183	1	-1.8761382606e-02
15	184	1	-1.1227517297e-02
15	185	1	-1.1522090635e-02
15	186	1	-1.9692638536e-02
15	187	1	-1.1940735404e-02
15	188	1	-1.9624674933e-02
15	189	1	-1.3935568135e-02
15	190	1	-1.6648981870e-02
15	191	1	-1.2595382133e-02
15	192	1	-1.1873445044e-02
15	193	1	-1.4016953661e-02
15	194	1	-1.4326502818e-02
15	195	1	-1.7976740607e-02
15	196	1	-2.0660063163e-02
15	197	1	-1.9046519339e-02
15	198	1	-1.5259276596e-02
15	199	1	-1.5292399032e-02
16	0	1	-9.2656753846e-03
16	1	1	-1.0439179830e-02
16	2	1	-1.2243762281e-02
16	3	1	-9.1898800633e-03
16	4	1	-1.0767619205e-02
16	5	1	-1.2292011729e-02
16	6	1	-1.0503922625e-02
16	7	1	-1.2153127088e-02
16	8	1	-1.2983891008e-02
16	9	1	-8.2167095697e-03
16	10	1	-6.3316314224e-03
16	11	1	-1.3529974818e-02
16	12	1	-9.9735114596e-03
16	13	1	-1.2328811882e-02
16	14	1	-8.8348628299e-03
16	15	1	-1.0607075927e-02
16	16	1	-1.2807089913e-02
16	17	1	-1.0069005669e-02
16	18	1	-1.2289400393e-02
16	19	1	-1.0671491328e-02
16	20	1	-1.0580793040e-02
16	21	1	-1.2181926485e-02
16	22	1	-1.3745871575e-02
16	23	1	-1.0385712644e-02
16	24	1	-8.0909088013e-03
16	25	1	-9.2377001187e-03
16	26	1	-6.6369572294e-03
16	27	1	-6.9551608658e-03
16	28	1	-1.0267242512e-02
16	29	1	-1.1703402535e-02
16	30	1	-8.9624462617e-03
16	31	1	-1.0321407768e-02
16	32	1	-1.4188382046e-02
16	33	1	-1.0785540392e-02
16	34	1	-9.9665859871e-03
16	35	1	-9.9245328996e-03
16	36	1	-1.3247191299e-02
16	37	1	-1.1390567805e-02
16	38	1	-1.2120866657e-02
16	39	1	-1.2730307562e-02
16	40	1	-6.8561944810e-03
16	41	1	-9.2029869828e-03
16	42	1	-9.0641853549e-03
16	43	1	-9.8025979536e-03
16	44	1	-1.1076052755e-02
16	45	1	-8.3851041260e-03
16	46	1	-1.2078155023e-02
16	47	1	-9.5066843082e-03
16	48	1	-6.9860406546e-03
16	49	1	-1.3960747037e-02
16	50	1	-6.2965003617e-03
16	51	1	-9.6860066987e-03
16	52	1	-1.3526754034e-02
16	53	1	-1.2577240400e-02
16	54	1	-1.0764494994e-02
16	55	1	-9.7221553356e-03
16	56	1	-8.2405674553e-03
16	57	1	-1.1944425344e-02
16	58	1	-1.0450430159e-02
16	59	1	-1.2500696345e-02
16	60	1	-6.5452249943e-03
16	61	1	-9.3038746918e-03
16	62	1	-9.7646702037e-03
16	63	1	-1.1615867583e-02
16	64	1	-1.1063732084e-02
16	65	1	-8.2331586907e-03
16	66	1	-1.1169733078e-02
16	67	1	-1.5507885211e-02
16	68	1	-1.0906500438e-02
16	69	1	-1.2179371834e-02
16	70	1	-8.9059680928e-03
16	71	1	-1.0006605871e-02
16	72	1	-9.9278473363e-03
16	73	1	-9.2206605640e-03
16	74	1	-1.3474147346e-02
16	75	1	-4.3983761223e-03
16	76	1	-1.2136065930e-02
16	77	1	-7.3033377250e-03
16	78	1	-1.1243539581e-02
16	79	1	-1.0611364110e-02
16	80	1	-6.8734576634e-03
16	81	1	-1.1919891682e-02
16	82	1	-5.1928854990e-03
16	83	1	-8.7204659545e-03
16	84	1	-9.4044769259e-03
16	85	1	-7.8947589874e-03
16	86	1	-3.9317309063e-03
16	87	1	-1.0801002095e-02
16	88	1	-7.2680198451e-03
16	89	1	-1.2518351633e-02
16	90	1	-9.1737570344e-03
16	91	1	-9.6360279563e-03
16	92	1	-1.7537164131e-02
16	93	1	-1.0427619139e-02
16	94	1	-7.5351529776e-03
16	95	1	-9.0270167866e-03
16	96	1	-1.3022211057e-02
16	97	1	-1.3675272507e-02
16	98	1	-1.2228365421e-02
16	99	1	-1.2210993083e-02
16	100	1	-1.0710710914e-02
16	101	1	-8.1040402386e-03
16	102	1	-1.3177074430e-02
16	103	1	-9.8336620491e-03
16	104	1	-6.9007236228e-03
16	105	1	-9.9969911785e-03
16	106	1	-8.1882714947e-03
16	107	1	-8.8029477179e-03
16	108	1	-1.5123657172e-02
16	109	1	-7.5803064748e-03
16	110	1	-9.1761585282e-03
16	111	1	-7.6054216949e-03
16	112	1	-1.3147363043e-02
16	113	1	-1.3415171102e-02
16	114	1	-1.2222114197e-02
16	115	1	-1.0922822465e-02
16	116	1	-9.7862072914e-03
16	117	1	-1.2288891431e-02
16	118	1	-1.4034612393e-02
16	119	1	-9.6125219765e-03
16	120	1	-1.5146931797e-02
16	121	1	-1.0477557493e-02
16	122	1	-1.0150002525e-02
16	123	1	-1.0920839292e-02
16	124	1	-1.0712641513e-02
16	125	1	-9.9918926458e-03
16	126	1	-8.3591453348e-03
16	127	1	-6.4864069168e-03
16	128	1	-9.5883347404e-03
16	129	1	-1.0036588020e-02
16	130	1	-1.4556862716e-02
16	131	1	-1.5919637043e-02
16	132	1	-1.2087599566e-02
16	133	1	-8.5787880970e-03
16	134	1	-1.0677338383e-02
16	135	1	-9.0442399355e-03
16	136	1	-1.8523687703e-03
16	137	1	-1.1393869896e-02
16	138	1	-1.2306770431e-02
16	139	1	-1.1017787682e-02
16	140	1	-7.4812896730e-03
16	141	1	-8.6181841486e-03
16	142	1	-9.6150691351e-03
16	143	1	-1.2127536664e-02
16	144	1	-9.5839247626e-03
16	145	1	-7.3087735877e-03
16	146	1	-9.0136486952e-03
16	147	1	-1.5949031030e-02
16	148	1	-1.0190477793e-02
16	149	1	-7.8243211844e-03
16	150	1	-6.3119120091e-03
16	151	1	-6.4046353247e-03
16	152	1	-1.1915365151e-02
16	153	1	-8.4141438442e-03
16	154	1	-9.8606820174e-03
16	155	1	-1.1950903662e-02
16	156	1	-1.1589301963e-02
16	157	1	-6.9624626413e-03
16	158	1	-1.0366400412e-02
16	159	1	-1.2137145963e-02
16	160	1	-1.1240169171e-02
16	161	1	-1.3338652361e-02
16	162	1	-1.1124037017e-02
16	163	1	-1.1152838637e-02
16	164	1	-6.5585269967e-03
16	165	1	-8.2273699191e-03
16	166	1	-1.4501343485e-02
16	167	1	-8.8253183726e-03
16	168	1	-1.2741354181e-02
16	169	1	-7.3300202741e-03
16	170	1	-8.8713222342e-03
16	171	1	-1.3867673443e-02
16	172	1	-9.5435488154e-03
16	173	1	-1.1549662559e-02
16	174	1	-1.1335950002e-02
16	175	1	-7.9799004791e-03
16	176	1	-1.3074561555e-02
16	177	1	-1.3253874773e-02
16	178	1	-1.0969556383e-02
16	179	1	-7.9120325418e-03
16	180	1	-9.3384681337e-03
16	181	1	-6.6547437527e-03
16	182	1	-1.2733833635e-02
16	183	1	-1.3396239492e-02
16	184	1	-5.7622968086e-03
16	185	1	-6.5300441863e-03
16	186	1	-1.3433036097e-02
16	187	1	-6.4363573731e-03
16	188	1	-1.3797694166e-02
16	189	1	-8.8387133168e-03
16	190	1	-1.1543509314e-02
16	191	1	-7.8234340954e-03
16	192	1	-8.3794262235e-03
16	193	1	-9.1388369758e-03
16	194	1	-9.3237790324e-03
16	195	1	-1.3138268110e-02
16	196	1	-1.6397136125e-02
16	197	1	-1.2458496491e-02
16	198	1	-1.0148210617e-02
16	199	1	-1.0526415010e-02
17	0	1	-5.7077885894e-03
17	1	1	-7.5693913064e-03
17	2	1	-7.8739670633e-03
17	3	1	-5.1513988891e-03
17	4	1	-7.5968223740e-03
17	5	1	-6.8843349752e-03
17	6	1	-5.9360834952e-03
17	7	1	-8.1373177032e-03
17	8	1	-8.6588920629e-03
17	9	1	-4.2541494319e-03
17	10	1	-2.9415287226e-03
17	11	1	-9.0824172635e-03
17	12	1	-6.4609575788e-03
17	13	1	-8.2151311908e-03
17	14	1	-4.3109173395e-03
17	15	1	-7.0629258930e-03
17	16	1	-9.8610620155e-03
17	17	1	-5.6284039409e-03
17	18	1	-8.3397126721e-03
17	19	1	-5.8392973434e-03
17	20	1	-6.6696373813e-03
17	21	1	-8.6563408117e-03
17	22	1	-1.0753830986e-02
17	23	1	-5.0611287785e-03
17	24	1	-4.6319040198e-03
17	25	1	-5.1284590646e-03
17	26	1	-3.6102478615e-03
17	27	1	-3.2956043743e-03
17	28	1	-5.9206767702e-03
17	29	1	-9.1551653448e-03
17	30	1	-5.9440791934e-03
17	31	1	-5.7560675518e-03
17	32	1	-9.6828924995e-03
17	33	1	-7.4177041051e-03
17	34	1	-6.9562661647e-03
17	35	1	-5.6126956400e-03
17	36	1	-8.9655524477e-03
17	37	1	-6.5371527138e-03
17	38	1	-6.9246092590e-03
17	39	1	-9.1235747426e-03
17	40	1	-2.3640305030e-03
17	41	1	-5.8522208022e-03
17	42	1	-4.4959423204e-03
17	43	1	-5.8440252729e-03
17	44	1	-5.7788571216e-03
17	45	1	-4.8471252144e-03
17	46	1	-6.3678617670e-03
17	47	1	-5.3413921834e-03
17	48	1	-3.2012069955e-03
17	49	1	-9.9251858916e-03
17	50	1	-1.5545662143e-03
17	51	1	-6.0445853707e-03
17	52	1	-9.5582725270e-03
17	53	1	-8.6457944834e-03
17	54	1	-7.1386207832e-03
17	55	1	-5.4655510129e-03
17	56	1	-3.9274019599e-03
17	57	1	-7.6522560018e-03
17	58	1	-6.8660014393e-03
17	59	1	-8.1884965080e-03
17	60	1	-1.9844013303e-03
17	61	1	-6.0284683388e-03
17	62	1	-7.0000754746e-03
17	63	1	-6.8698076025e-03
17	64	1	-6.4593548650e-03
17	65	1	-4.1124797612e-03
17	66	1	-7.7617351455e-03
17	67	1	-1.0905108530e-02
17	68	1	-7.7586733607e-03
17	69	1	-8.0274726889e-03
17	70	1	-4.7436441631e-03
17	71	1	-4.8351685709e-03
17	72	1	-5.9767404864e-03
17	73	1	-5.0301894578e-03
17	74	1	-9.1660129050e-03
17	75	1	-8.0079093474e-04
17	76	1	-7.1742178508e-03
17	77	1	-3.3052145130e-03
17	78	1	-7.3867753437e-03
17	79	1	-6.0593048677e-03
17	80	1	-2.8814928611e-03
17	81	1	-7.8112398282e-03
17	82	1	-1.5980870576e-03
17	83	1	-4.8117556093e-03
17	84	1	-6.3832207167e-03
17	85	1	-4.4341122020e-03
17	86	1	-7.6973779487e-04
17	87	1	-6.1833233905e-03
17	88	1	-3.0106163610e-03
17	89	1	-8.0995198774e-03
17	90	1	-5.3935738761e-03
17	91	1	-5.5949739567e-03
17	92	1	-1.3453690277e-02
17	93	1	-7.6418576311e-03
17	94	1	-5.3254104897e-03
17	95	1	-4.5563972709e-03
17	96	1	-8.9952892061e-03
17	97	1	-1.0009124123e-02
17	98	1	-8.1082116169e-03
17	99	1	-8.2174803922e-03
17	100	1	-6.9530285150e-03
17	101	1	-4.6999171105e-03
17	102	1	-8.1267781335e-03
17	103	1	-6.0702325787e-03
17	104	1	-3.6486296978e-03
17	105	1	-5.3988262293e-03
17	106	1	-3.6131535297e-03
17	107	1	-4.3954066851e-03
17	108	1	-1.1158152998e-02
17	109	1	-3.3544583498e-03
17	110	1	-3.6321786019e-03
17	111	1	-4.1417948275e-03
17	112	1	-9.6375072310e-03
17	113	1	-8.5316220460e-03
17	114	1	-8.4816154432e-03
17	115	1	-8.2125372898e-03
17	116	1	-5.4976573254e-03
17	117	1	-9.4507418608e-03
17	118	1	-1.0109128494e-02
17	119	1	-6.1191522702e-03
17	120	1	-1.0237803062e-02
17	121	1	-6.6521724371e-03
17	122	1	-5.5269776381e-03
17	123	1	-5.6004011361e-03
17	124	1	-7.1015768282e-03
17	125	1	-5.9780619947e-03
17	126	1	-4.8533682450e-03
17	127	1	-3.6285195555e-03
17	128	1	-4.8348008004e-03
17	129	1	-6.7280675896e-03
17	130	1	-9.7174096147e-03
17	131	1	-1.2270978549e-02
17	132	1	-7.6997487172e-03
17	133	1	-4.9429044484e-03
17	134	1	-6.8897882270e-03
17	135	1	-6.6941969271e-03
17	136	1	1.6666737543e-03
17	137	1	-7.1538909914e-03
17	138	1	-7.2307017114e-03
17	139	1	-7.4038275098e-03
17	140	1	-4.9148681687e-03
17	141	1	-6.9138071491e-03
17	142	1	-6.6387393757e-03
17	143	1	-7.7038764625e-03
17	144	1	-5.5493780288e-03
17	145	1	-3.2058865219e-03
17	146	1	-5.7988700597e-03
17	147	1	-1.1118530587e-02
17	148	1	-7.0893074151e-03
17	149	1	-4.2324968526e-03
17	150	1	-3.7273155254e-03
17	151	1	-3.0067419425e-03
17	152	1	-6.7286275612e-03
17	153	1	-4.4359085015e-03
17	154	1	-5.1149733625e-03
17	155	1	-8.2919599172e-03
17	156	1	-8.1614628186e-03
17	157	1	-1.8194757083e-03
17	158	1	-6.4401442392e-03
17	159	1	-8.5577655537e-03
17	160	1	-7.2390071914e-03
17	161	1	-7.6380933733e-03
17	162	1	-7.8724374350e-03
17	163	1	-7.3193153247e-03
17	164	1	-3.2368122403e-03
17	165	1	-3.6279263191e-03
17	166	1	-1.0180684164e-02
17	167	1	-5.8643312703e-03
17	168	1	-7.9033382832e-03
17	169	1	-4.0055787686e-03
17	170	1	-5.2073622832e-03
17	171	1	-9.6881833242e-03
17	172	1	-5.1780676385e-03
17	173	1	-7.0560834490e-03
17	174	1	-8.9698573758e-03
17	175	1	-3.4318862487e-03
17	176	1	-8.4703062499e-03
17	177	1	-8.9082866291e-03
17	178	1	-7.1725533877e-03
17	179	1	-4.0778140024e-03
17	180	1	-5.0455205730e-03
17	181	1	-2.5396594660e-03
17	182	1	-8.0841842564e-03
17	183	1	-9.0909454516e-03
17	184	1	-2.2517717485e-03
17	185	1	-3.0983303561e-03
17	186	1	-8.6469018529e-03
17	187	1	-2.2516589896e-03
17	188	1	-9.3904570106e-03
17	189	1	-5.1014377450e-03
17	190	1	-7.8384803932e-03
17	191	1	-4.6554059252e-03
17	192	1	-6.4057100500e-03
17	193	1	-5.8493324041e-03
17	194	1	-5.8782614536e-03
17	195	1	-9.3346057454e-03
17	196	1	-1.3169731458e-02
17	197	1	-7.4686132373e-03
17	198	1	-6.3799804320e-03
17	199	1	-7.5088993636e-03
18	0	1	-3.0708288358e-03
18	1	1	-5.5255843275e-03
18	2	1	-4.8730390895e-03
18	3	1	-3.0678840260e-03
18	4	1	-5.5436305411e-03
18	5	1	-2.4718517893e-03
18	6	1	-2.6594228156e-03
18	7	1	-5.4143468192e-03
18	8	1	-5.6365443247e-03
18	9	1	-1.7560722316e-03
18	10	1	-1.0100979622e-03
18	11	1	-5.9668477252e-03
18	12	1	-4.3162877234e-03
18	13	1	-5.1218949088e-03
18	14	1	-1.1461710333e-03
18	15	1	-4.3884434345e-03
18	16	1	-7.9970780271e-03
18	17	1	-2.7279895530e-03
18	18	1	-5.4786660169e-03
18	19	1	-2.0556428149e-03
18	20	1	-4.1194607259e-03
18	21	1	-6.2951461499e-03
18	22	1	-8.5746969016e-03
18	23	1	-6.9620656618e-04
18	24	1	-2.4044320236e-03
18	25	1	-2.3948932655e-03
18	26	1	-2.1634689482e-03
18	27	1	-5.7580032215e-04
18	28	1	-2.9657341315e-03
18	29	1	-7.3126926758e-03
18	30	1	-4.6370725558e-03
18	31	1	-2.4637194357e-03
18	32	1	-6.4481748354e-03
18	33	1	-5.3986489218e-03
18	34	1	-5.3304003133e-03
18	35	1	-2.6363433975e-03
18	36	1	-6.0097201876e-03
18	37	1	-2.7614892189e-03
18	38	1	-3.0466271532e-03
18	39	1	-6.3289867734e-03
18	40	1	5.9849979335e-04
18	41	1	-3.7612916438e-03
18	42	1	-1.3809682429e-03
18	43	1	-3.1561378368e-03
18	44	1	-1.5409799910e-03
18	45	1	-2.4957263734e-03
18	46	1	-1.7969914512e-03
18	47	1	-2.3697185765e-03
18	48	1	-8.5206584031e-04
18	49	1	-7.3079306078e-03
18	50	1	1.5350063739e-03
18	51	1	-3.6324229327e-03
18	52	1	-6.3693776669e-03
18	53	1	-6.0587445566e-03
18	54	1	-5.2845088144e-03
18	55	1	-2.4590565221e-03
18	56	1	-5.1386329163e-04
18	57	1	-4.8639033786e-03
18	58	1	-4.9521219069e-03
18	59	1	-5.4906981345e-03
18	60	1	1.1154506324e-03
18	61	1	-3.8993197306e-03
18	62	1	-5.7656524019e-03
18	63	1	-3.6157298783e-03
18	64	1	-2.9306531766e-03
18	65	1	-1.2948871005e-03
18	66	1	-5.5099641398e-03
18	67	1	-7.2498734278e-03
18	68	1	-5.4684439288e-03
18	69	1	-5.3604851702e-03
18	70	1	-2.2348338997e-03
18	71	1	-8.0201037760e-04
18	72	1	-2.9741925172e-03
18	73	1	-2.4172691855e-03
18	74	1	-5.7008355794e-03
18	75	1	1.1411146058e-03
18	76	1	-3.9333181375e-03
18	77	1	-8.0507632864e-04
18	78	1	-4.7416919945e-03
18	79	1	-3.2262466183e-03
18	80	1	-7.1611499319e-04
18	81	1	-5.0924732546e-03
18	82	1	7.5152957871e-04
18	83	1	-1.9335679360e-03
18	84	1	-4.2771104714e-03
18	85	1	-2.3661047779e-03
18	86	1	7.6228971072e-04
18	87	1	-2.5926712016e-03
18	88	1	-4.8141141730e-04
18	89	1	-5.6428422527e-03
18	90	1	-2.9257580255e-03
18	91	1	-2.7229762939e-03
18	92	1	-9.7639568968e-03
18	93	1	-6.0998311598e-03
18	94	1	-4.4195190962e-03
18	95	1	-1.6057497950e-03
18	96	1	-6.7855047737e-03
18	97	1	-7.2906033662e-03
18	98	1	-4.7423470007e-03
18	99	1	-5.9583612224e-03
18	100	1	-4.7873794359e-03
18	101	1	-2.3132525493e-03
18	102	1	-4.2306214408e-03
18	103	1	-3.4015799900e-03
18	104	1	-1.9886394015e-03
18	105	1	-2.0404999768e-03
18	106	1	-5.7491168376e-04
18	107	1	-1.3191617411e-03
18	108	1	-7.8467694024e-03
18	109	1	-1.1398373821e-04
18	110	1	2.0845569050e-04
18	111	1	-2.3495557035e-03
18	112	1	-7.8353806271e-03
18	113	1	-5.4260482301e-03
18	114	1	-5.8223565752e-03
18	115	1	-6.6771696454e-03
18	116	1	-2.5398047403e-03
18	117	1	-7.6999274615e-03
18	118	1	-7.3102447220e-03
18	119	1	-4.2397638392e-03
18	120	1	-6.0148011502e-03
18	121	1	-4.0521600864e-03
18	122	1	-2.1432851767e-03
18	123	1	-1.7131106655e-03
18	124	1	-4.5588557178e-03
18	125	1	-3.4344105301e-03
18	126	1	-2.5458922211e-03
18	127	1	-2.3885195302e-03
18	128	1	-1.1803511570e-03
18	129	1	-4.1635699260e-03
18	130	1	-5.5707431036e-03
18	131	1	-9.8481233939e-03
18	132	1	-4.8897593038e-03
18	133	1	-2.4725295001e-03
18	134	1	-4.4132295513e-03
18	135	1	-5.4990775122e-03
18	136	1	3.9417282978e-03
18	137	1	-3.9865109245e-03
18	138	1	-3.6293040370e-03
18	139	1	-4.8162704664e-03
18	140	1	-3.5517028738e-03
18	141	1	-6.2242202691e-03
18	142	1	-4.8858223230e-03
18	143	1	-4.8647426640e-03
18	144	1	-2.6457488084e-03
18	145	1	-6.0933203486e-04
18	146	1	-3.8438641341e-03
18	147	1	-7.4381727731e-03
18	148	1	-4.8609579222e-03
18	149	1	-1.9096440527e-03
18	150	1	-2.6496933546e-03
18	151	1	-5.4764155770e-04
18	152	1	-2.5430549444e-03
18	153	1	-2.0271639380e-03
18	154	1	-1.8432577699e-03
18	155	1	-5.3014885092e-03
18	156	1	-5.5624309010e-03
18	157	1	1.7799503571e-03
18	158	1	-4.2778846008e-03
18	159	1	-5.7711111546e-03
18	160	1	-4.3598065880e-03
18	161	1	-2.6440787568e-03
18	162	1	-5.9718543499e-03
18	163	1	-5.0257133808e-03
18	164	1	-8.4625214734e-04
18	165	1	-1.9956306708e-04
18	166	1	-7.4123368906e-03
18	167	1	-3.9884576139e-03
18	168	1	-4.4379040238e-03
18	169	1	-1.7480248435e-03
18	170	1	-2.9565060049e-03
18	171	1	-6.3958545078e-03
18	172	1	-1.8413452015e-03
18	173	1	-3.7380025173e-03
18	174	1	-8.3467745658e-03
18	175	1	-7.3934808681e-04
18	176	1	-5.2532739836e-03
18	177	1	-5.8757201005e-03
18	178	1	-4.4452683924e-03
18	179	1	-1.4606071662e-03
18	180	1	-2.2177939667e-03
18	181	1	2.8913305183e-04
18	182	1	-4.5448885519e-03
18	183	1	-5.8673783365e-03
18	184	1	-4.6320728110e-04
18	185	1	-9.5820389836e-04
18	186	1	-4.9150370667e-03
18	187	1	1.0785306298e-03
18	188	1	-6.4166195729e-03
18	189	1	-2.7547796711e-03
18	190	1	-5.0716009225e-03
18	191	1	-2.7931219914e-03
18	192	1	-5.1449199957e-03
18	193	1	-4.1015371002e-03
18	194	1	-3.5000787478e-03
18	195	1	-6.5047912907e-03
18	196	1	-1.0821672181e-02
18	197	1	-4.0782443283e-03
18	198	1	-3.6533558162e-03
18	199	1	-5.9449248110e-03
19	0	1	-1.6975292996e-03
19	1	1	-4.3775614141e-03
19	2	1	-3.2547660018e-03
19	3	1	-2.4812981360e-03
19	4	1	-4.4250321608e-03
19	5	1	6.8256604378e-04
19	6	1	-9.3280003738e-04
19	7	1	-4.0690981947e-03
19	8	1	-4.1096441658e-03
19	9	1	-9.4469033797e-04
19	10	1	-2.8636172904e-04
19	11	1	-4.4100141301e-03
19	12	1	-3.2545859171e-03
19	13	1	-3.3072632371e-03
19	14	1	4.2167871637e-04
19	15	1	-2.7270119000e-03
19	16	1	-7.0903759960e-03
19	17	1	-1.1785625586e-03
19	18	1	-3.9004198317e-03
19	19	1	4.7333158489e-04
19	20	1	-2.8405217903e-03
19	21	1	-5.1204131176e-03
19	22	1	-6.9365658221e-03
19	23	1	2.3643807896e-03
19	24	1	-1.6575632082e-03
19	25	1	-9.6532272174e-04
19	26	1	-1.9301061855e-03
19	27	1	7.9445231910e-04
19	28	1	-1.2932425342e-03
19	29	1	-6.1080942050e-03
19	30	1	-4.6672359534e-03
19	31	1	-4.3771944444e-04
19	32	1	-4.5075409799e-03
19	33	1	-4.4916451623e-03
19	34	1	-5.0918580485e-03
19	35	1	-1.1227215225e-03
19	36	1	-4.2716501526e-03
19	37	1	-2.3590036928e-04
19	38	1	-5.8397464877e-04
19	39	1	-4.4200329126e-03
19	40	1	1.9381102901e-03
19	41	1	-3.0195832483e-03
19	42	1	4.0617082616e-04
19	43	1	-1.6502469840e-03
19	44	1	1.2196974520e-03
19	45	1	-1.4823459204e-03
19	46	1	8.8248694228e-04
19	47	1	-5.1647242342e-04
19	48	1	9.9746394779e-05
19	49	1	-5.7755107130e-03
19	50	1	2.6559513346e-03
19	51	1	-2.5823387188e-03
19	52	1	-4.2184954376e-03
19	53	1	-4.9016447520e-03
19	54	1	-5.2401064176e-03
19	55	1	-7.9819095697e-04
19	56	1	1.7690124896e-03
19	57	1	-3.3174117407e-03
19	58	1	-4.1739461452e-03
19	59	1	-4.3095208496e-03
19	60	1	2.5276934368e-03
19	61	1	-2.5847313812e-03
19	62	1	-5.2971317723e-03
19	63	1	-1.9639726197e-03
19	64	1	-6.2769770209e-04
19	65	1	4.7335183663e-04
19	66	1	-4.6186722630e-03
19	67	1	-4.8198691783e-03
19	68	1	-3.9791824306e-03
19	69	1	-3.9241156854e-03
19	70	1	-1.4823682743e-03
19	71	1	1.7498925758e-03
19	72	1	-1.1404445580e-03
19	73	1	-9.1373479179e-04
19	74	1	-3.0661708024e-03
19	75	1	1.5160475313e-03
19	76	1	-2.3020112510e-03
19	77	1	1.9020501818e-04
19	78	1	-3.1632783690e-03
19	79	1	-2.0364036202e-03
19	80	1	3.7035104097e-05
19	81	1	-3.5825676971e-03
19	82	1	2.0059989217e-03
19	83	1	-5.0444050964e-04
19	84	1	-2.9609938123e-03
19	85	1	-1.6446178593e-03
19	86	1	1.2514046351e-03
19	87	1	-2.7911203072e-04
19	88	1	4.3245854341e-04
19	89	1	-5.1024808146e-03
19	90	1	-1.4579956973e-03
19	91	1	-1.2040358006e-03
19	92	1	-7.0211146364e-03
19	93	1	-5.6721936831e-03
19	94	1	-4.5549736583e-03
19	95	1	1.2338724404e-04
19	96	1	-5.8447565165e-03
19	97	1	-5.6667212362e-03
19	98	1	-2.2554634272e-03
19	99	1	-4.8810408666e-03
19	100	1	-4.2235529026e-03
19	101	1	-1.1999086223e-03
19	102	1	-1.7254063457e-03
19	103	1	-2.2140291769e-03
19	104	1	-1.9031948595e-03
19	105	1	2.1195052008e-04
19	106	1	8.4179175695e-04
19	107	1	2.1994747596e-04
19	108	1	-5.1680516231e-03
19	109	1	2.1633111288e-03
19	110	1	2.0220098987e-03
19	111	1	-1.8409450180e-03
19	112	1	-7.3570711319e-03
19	113	1	-4.3034381632e-03
19	114	1	-4.3362541140e-03
19	115	1	-5.8707553074e-03
19	116	1	-8.5369742604e-04
19	117	1	-6.7542602393e-03
19	118	1	-5.4029520650e-03
19	119	1	-3.8514334107e-03
19	120	1	-3.0166710638e-03
19	121	1	-2.5853122393e-03
19	122	1	-2.6012377307e-04
19	123	1	6.5284299312e-04
19	124	1	-2.9668050253e-03
19	125	1	-2.1464342420e-03
19	126	1	-1.3270085623e-03
19	127	1	-2.4501363192e-03
19	128	1	1.1617103206e-03
19	129	1	-2.4926069177e-03
19	130	1	-2.5124069461e-03
19	131	1	-8.7333371726e-03
19	132	1	-3.7550178308e-03
19	133	1	-1.0672604430e-03
19	134	1	-3.2623815325e-03
19	135	1	-5.1364489782e-03
19	136	1	4.8316807910e-03
19	137	1	-1.9367715406e-03
19	138	1	-1.7060158620e-03
19	139	1	-3.4614020219e-03
19	140	1	-2.9317070388e-03
19	141	1	-6.4774331812e-03
19	142	1	-4.1254438680e-03
19	143	1	-3.3848464536e-03
19	144	1	-9.0806233672e-04
19	145	1	5.8372677097e-04
19	146	1	-2.7885112865e-03
19	147	1	-4.8347570082e-03
19	148	1	-3.3976091398e-03
19	149	1	-8.6391387398e-04
19	150	1	-2.7420248658e-03
19	151	1	7.1988052178e-04
19	152	1	6.6281555659e-04
19	153	1	-9.5575289026e-04
19	154	1	-8.0595700459e-05
19	155	1	-2.9853897078e-03
19	156	1	-3.9340491730e-03
19	157	1	3.6852044636e-03
19	158	1	-3.5659149232e-03
19	159	1	-3.7269283848e-03
19	160	1	-3.0062727690e-03
19	161	1	1.0269236888e-03
19	162	1	-5.3072540287e-03
19	163	1	-4.1661378100e-03
19	164	1	3.2040434312e-04
19	165	1	1.7427630405e-03
19	166	1	-6.3785612676e-03
19	167	1	-3.0066439386e-03
19	168	1	-2.6011170500e-03
19	169	1	-6.0235757679e-04
19	170	1	-1.8982254275e-03
19	171	1	-4.2681849730e-03
19	172	1	3.0786909818e-04
19	173	1	-1.7892544376e-03
19	174	1	-8.4628436935e-03
19	175	1	5.0904419742e-04
19	176	1	-3.6247763875e-03
19	177	1	-4.0504915003e-03
19	178	1	-2.8775930662e-03
19	179	1	-5.1371919561e-05
19	180	1	-6.0386610390e-04
19	181	1	1.8652306736e-03
19	182	1	-2.6501987665e-03
19	183	1	-4.0199975811e-03
19	184	1	-1.6044508523e-04
19	185	1	-4.1054777478e-05
19	186	1	-2.0885466599e-03
19	187	1	3.5699361040e-03
19	188	1	-4.7165131364e-03
19	189	1	-1.9292959284e-03
19	190	1	-3.3923621015e-03
19	191	1	-2.1646365326e-03
19	192	1	-4.4185815089e-03
19	193	1	-3.4967380028e-03
19	194	1	-2.0207776097e-03
19	195	1	-4.7935197669e-03
19	196	1	-9.3253831648e-03
19	197	1	-2.2163312711e-03
19	198	1	-1.8221162255e-03
19	199	1	-5.5578475389e-03
20	0	1	-1.4139344050e-03
20	1	1	-4.2386315234e-03
20	2	1	-2.4924557161e-03
20	3	1	-2.8371816757e-03
20	4	1	-3.9983092957e-03
20	5	1	2.2160067863e-03
20	6	1	-1.0193416566e-03
20	7	1	-3.8400504667e-03
20	8	1	-3.7922927008e-03
20	9	1	-1.3711780400e-03
20	10	1	-4.6029435877e-04
20	11	1	-4.1804242431e-03
20	12	1	-2.9090845992e-03
20	13	1	-2.9761854246e-03
20	14	1	4.6947993369e-04
20	15	1	-2.0385422784e-03
20	16	1	-6.5761369068e-03
20	17	1	-5.4583931977e-04
20	18	1	-3.5155300344e-03
20	19	1	1.5840570048e-03
20	20	1	-2.4854889908e-03
20	21	1	-4.6523987600e-03
20	22	1	-5.6392932097e-03
20	23	1	4.0751931491e-03
20	24	1	-2.3078358241e-03
20	25	1	-6.9457026894e-04
20	26	1	-2.4078535144e-03
20	27	1	7.9293813069e-04
20	28	1	-9.0059647023e-04
20	29	1	-5.2795449465e-03
20	30	1	-5.3012598082e-03
20	31	1	4.7782471093e-04
20	32	1	-3.6676648699e-03
20	33	1	-4.3328517861e-03
20	34	1	-5.8486635692e-03
20	35	1	-6.4861801365e-04
20	36	1	-3.3252716861e-03
20	37	1	9.7495021892e-04
20	38	1	4.2778363735e-04
20	39	1	-3.3876060105e-03
20	40	1	2.0083733782e-03
20	41	1	-3.4196458410e-03
20	42	1	1.0225930839e-03
20	43	1	-1.1064320237e-03
20	44	1	2.2533792722e-03
20	45	1	-1.5012347628e-03
20	46	1	1.4379811288e-03
20	47	1	1.8560034624e-04
20	48	1	2.3293211910e-04
20	49	1	-4.9074572902e-03
20	50	1	2.0665280019e-03
20	51	1	-2.5587695163e-03
20	52	1	-3.0638976013e-03
20	53	1	-4.6887849715e-03
20	54	1	-6.4117149811e-03
20	55	1	-3.8687048644e-04
20	56	1	2.9075067215e-03
20	57	1	-2.6100065526e-03
20	58	1	-4.2116710273e-03
20	59	1	-4.2152187227e-03
20	60	1	2.3637381411e-03
20	61	1	-1.9134924533e-03
20	62	1	-5.3202137584e-03
20	63	1	-1.7606503248e-03
20	64	1	3.6758338333e-04
20	65	1	1.1865428049e-03
20	66	1	-4.8401547889e-03
20	67	1	-3.6948443293e-03
20	68	1	-3.1727032955e-03
20	69	1	-3.2105969734e-03
20	70	1	-1.9649520074e-03
20	71	1	2.6839822245e-03
20	72	1	-4.3033364912e-04
20	73	1	-3.9259452548e-04
20	74	1	-1.4031973768e-03
20	75	1	7.8744268766e-04
20	76	1	-1.7699415036e-03
20	77	1	1.5404598219e-04
20	78	1	-2.4607515501e-03
20	79	1	-2.2542901371e-03
20	80	1	-3.0312868804e-05
20	81	1	-2.9332547595e-03
20	82	1	2.2718716131e-03
20	83	1	-4.8419557798e-04
20	84	1	-1.9909684729e-03
20	85	1	-2.1580845512e-03
20	86	1	9.1422496462e-04
20	87	1	6.3450625192e-04
20	88	1	1.6559906914e-04
20	89	1	-5.9162528479e-03
20	90	1	-8.2586332472e-04
20	91	1	-7.0197018500e-04
20	92	1	-5.2269695030e-03
20	93	1	-6.1496930061e-03
20	94	1	-5.4375010999e-03
20	95	1	8.3727741764e-04
20	96	1	-5.5016519638e-03
20	97	1	-4.7102487309e-03
20	98	1	-5.9918804691e-04
20	99	1	-4.6532235050e-03
20	100	1	-4.8946511942e-03
20	101	1	-1.0292167747e-03
20	102	1	-6.1044008010e-04
20	103	1	-2.4534307970e-03
20	104	1	-2.4949545027e-03
20	105	1	1.2599015280e-03
20	106	1	8.2655350151e-04
20	107	1	3.0797179347e-04
20	108	1	-3.2615862953e-03
20	109	1	3.1017826559e-03
20	110	1	2.1287084299e-03
20	111	1	-2.1832342062e-03
20	112	1	-7.5690751987e-03
20	113	1	-4.6309610945e-03
20	114	1	-3.7877024073e-03
20	115	1	-5.4675601651e-03
20	116	1	-3.1503345918e-04
20	117	1	-6.2176012332e-03
20	118	1	-3.9743061219e-03
20	119	1	-4.2596141895e-03
20	120	1	-1.1290004425e-03
20	121	1	-2.1766848164e-03
20	122	1	3.9036653812e-04
20	123	1	1.2816233986e-03
20	124	1	-2.2697477607e-03
20	125	1	-1.9844326507e-03
20	126	1	-1.1068465220e-03
20	127	1	-3.4073320925e-03
20	128	1	2.1228927089e-03
20	129	1	-1.6331408639e-03
20	130	1	-5.9319075852e-04
20	131	1	-8.4446663213e-03
20	132	1	-3.8142101637e-03
20	133	1	-5.3705478244e-04
20	134	1	-3.1385398215e-03
20	135	1	-5.1119929312e-03
20	136	1	4.3402048033e-03
20	137	1	-1.0618791624e-03
20	138	1	-1.2870008854e-03
20	139	1	-3.1309899486e-03
20	140	1	-2.7265543707e-03
20	141	1	-7.1760270632e-03
20	142	1	-3.9600852908e-03
20	143	1	-2.9560414299e-03
20	144	1	-2.6404905828e-04
20	145	1	6.0270765022e-04
20	146	1	-2.0907364784e-03
20	147	1	-3.3675389622e-03
20	148	1	-2.7276448312e-03
20	149	1	-8.2946829853e-04
20	150	1	-3.4001971233e-03
20	151	1	6.7094241626e-04
20	152	1	2.6936714619e-03
20	153	1	-1.0174739134e-03
20	154	1	3.4676639769e-04
20	155	1	-1.4583792281e-03
20	156	1	-3.2661682505e-03
20	157	1	4.0528272788e-03
20	158	1	-3.8386750858e-03
20	159	1	-2.5211812267e-03
20	160	1	-2.6549435013e-03
20	161	1	2.9368459860e-03
20	162	1	-5.7481716292e-03
20	163	1	-4.3246197585e-03
20	164	1	2.5017956246e-04
20	165	1	2.0152869449e-03
20	166	1	-6.3942398046e-03
20	167	1	-2.6866583812e-03
20	168	1	-2.4562976620e-03
20	169	1	-4.4574590898e-04
20	170	1	-1.7624246765e-03
20	171	1	-3.0764203230e-03
20	172	1	1.4105177523e-03
20	173	1	-1.0082900647e-03
20	174	1	-8.6428689948e-03
20	175	1	6.9281117619e-04
20	176	1	-3.3458444332e-03
20	177	1	-3.2445318938e-03
20	178	1	-2.2094308936e-03
20	179	1	4.3086258667e-04
20	180	1	-1.9791943751e-04
20	181	1	2.4548495176e-03
20	182	1	-2.2797066206e-03
20	183	1	-3.4126960215e-03
20	184	1	-1.0757353592e-03
20	185	1	5.9638409833e-05
20	186	1	-5.2961605421e-04
20	187	1	5.1346876256e-03
20	188	1	-4.0060891339e-03
20	189	1	-2.1864437695e-03
20	190	1	-2.6691260262e-03
20	191	1	-2.2639968691e-03
20	192	1	-3.8800595722e-03
20	193	1	-3.7732294581e-03
20	194	1	-1.3987116234e-03
20	195	1	-3.9021057763e-03
20	196	1	-8.4065908894e-03
20	197	1	-1.6313005032e-03
20	198	1	-8.5210437852e-04
20	199	1	-5.9557747246e-03
